0.0000 0.0000 0.0000 0.0000 0.0000 0.0000 0.0000 0.0000 0.0000 0.0000 0.0000 0.0000 0.0000 0.0000 0.0000 0.0000 0.0000 0.0000 0.0000 0.0000 0.0000 0.0000 0.0000 0.0000 0.0000 0.0000 0.0000 0.0000 0.0000 0.0000 0.0000 0.0000 0.0000 0.0000 0.0000 0.0000 0.0000 0.0000 0.0000 0.0625 0.2031 0.3125 0.3906 0.4375 0.4531 0.4375 0.3906 0.3125 0.2031 0.0625 0.0000 0.0000 0.0000 0.0000 0.0000 0.0000 0.0000 0.0000 0.0000 0.0000 0.0000 0.0247 0.1111 0.1728 0.3119 0.4263 0.4752 0.4586 0.3764 0.2288 0.1020 0.0000 0.0000 0.0000 0.0000 0.0000 0.0000 0.0000 0.0000 0.0000 0.0000 0.0000 0.0000 0.0000 0.0247 0.2099 0.3704 0.5062 0.6173 0.7037 0.7654 0.8025 0.8148 0.8025 0.7654 0.8131 0.8048 0.7405 0.6204 0.4443 0.2122 0.1094 0.0000 0.0000 0.0000 0.0000 0.0000 0.0000 0.0000 0.0000 0.0000 0.0000 0.0000 0.0000 0.0000 0.0000 0.0000 0.0000 0.0000 0.0000 0.0000 0.0000 0.0000 0.0000 0.0000 0.0000 0.0000 0.0000 0.0000 0.0000 0.0000 0.0000 0.0000 0.0000 0.0000 0.0000 0.0000 0.0000 0.1094 0.3125 0.4844 0.6250 0.7344 0.8125 0.8594 0.8750 0.8594 0.8525 0.9744 0.9850 0.8844 0.6725 0.3494 0.0400 0.0000 0.0000 0.0000 0.0000 0.0000 0.0000 0.0000 0.0000 0.0000 0.0000 0.0000 0.0000 0.0000 0.0000 0.0000 0.0000 0.0000 0.0400 0.3200 0.5200 0.6400 0.6800 0.6400 0.5200 0.3200 0.0400 0.0000 0.0000 0.0000 0.0000 0.0000 0.1020 0.3265 0.5102 0.6531 0.7551 0.8163 0.8571 0.8163 0.7674 0.6531 0.5102 0.3265 0.1020 0.0000 0.0000
0.0000 0.0000 0.0000 0.0000 0.0000 0.0100 0.0000 0.0000 0.0000 0.0000 0.0000 0.0000 0.0000 0.0000 0.0000 0.0000 0.0000 0.0000 0.0000 0.0000 0.0000 0.0000 0.0000 0.0000 0.0000 0.0000 0.0000 0.0000 0.0000 0.0000 0.0000 0.0000 0.0000 0.0000 0.0000 0.0000 0.0000 0.0000 0.0625 0.2344 0.3750 0.4844 0.5625 0.6094 0.6250 0.6094 0.5625 0.4844 0.3750 0.2344 0.0625 0.0000 0.0000 0.0000 0.0000 0.0000 0.0000 0.0000 0.0000 0.0000 0.0988 0.2099 0.2963 0.5417 0.7216 0.8360 0.8849 0.8682 0.7861 0.6384 0.4253 0.1837 0.0000 0.0000 0.0000 0.0000 0.0000 0.0000 0.0000 0.0100 0.0000 0.0000 0.0000 0.0000 0.1111 0.2963 0.4568 0.5926 0.7037 0.7901 0.8519 0.8889 0.9012 0.9514 1.0550 1.1026 1.0943 1.0301 0.9099 0.7338 0.5017 0.3125 0.2031 0.0625 0.0000 0.0000 0.0000 0.0000 0.0000 0.0000 0.0000 0.0000 0.0000 0.0000 0.0000 0.0000 0.0000 0.0000 0.0000 0.0000 0.0000 0.0000 0.0000 0.0000 0.0000 0.0000 0.0000 0.0000 0.0000 0.0000 0.0000 0.0000 0.0000 0.0000 0.0000 0.0000 0.0000 0.0000 0.1875 0.3906 0.5625 0.7031 0.8125 0.8906 0.9375 0.9531 0.9775 1.2106 1.3325 1.3431 1.2425 1.0306 0.7075 0.3200 0.0400 0.0000 0.0000 0.0000 0.0000 0.0000 0.0000 0.0123 0.0000 0.0000 0.0000 0.0000 0.0000 0.0000 0.0000 0.0000 0.0000 0.2400 0.5200 0.7200 0.8400 0.8800 0.8400 0.7200 0.5200 0.2400 0.0000 0.0000 0.0000 0.0000 0.0000 0.2041 0.4286 0.6122 0.8571 1.0859 1.2948 1.3973 1.3936 1.2834 1.0670 0.7851 0.5397 0.2288 0.0000 0.0000
0.0000 0.0400 0.1100 0.1600 0.1900 0.2000 0.1900 0.1600 0.1100 0.0400 0.0000 0.0000 0.0000 0.0000 0.0000 0.0000 0.0000 0.0000 0.0000 0.0000 0.0000 0.0000 0.0000 0.0000 0.0000 0.0000 0.0000 0.0000 0.0000 0.0000 0.0000 0.0000 0.0000 0.0000 0.0000 0.0000 0.0000 0.0000 0.2031 0.3750 0.5156 0.6250 0.7031 0.7500 0.7656 0.7500 0.7031 0.6250 0.5156 0.3750 0.2031 0.0000 0.0000 0.0000 0.0000 0.0000 0.0000 0.0000 0.0000 0.1235 0.2593 0.3704 0.6405 0.8859 1.0658 1.1801 1.2290 1.2124 1.1303 0.9826 0.7695 0.4908 0.1837 0.0000 0.0000 0.0400 0.1100 0.1600 0.1900 0.2000 0.1900 0.1600 0.1100 0.0400 0.1728 0.3580 0.5185 0.6543 0.7654 0.8519 0.9136 0.9506 1.0255 1.1850 1.2886 1.3362 1.3279 1.2637 1.1435 0.9674 0.7353 0.4844 0.3750 0.2344 0.0625 0.0000 0.0000 0.0000 0.0000 0.0000 0.0000 0.0000 0.0000 0.0000 0.0000 0.0000 0.0000 0.0000 0.0000 0.0000 0.0000 0.0000 0.0000 0.0000 0.0000 0.0000 0.0000 0.0100 0.0000 0.0000 0.0000 0.0000 0.0000 0.0000 0.0000 0.0000 0.0000 0.0000 0.2344 0.4375 0.6094 0.7500 0.8594 0.9375 0.9844 1.0000 1.2244 1.4575 1.5794 1.5900 1.4894 1.2775 0.9544 0.5200 0.2400 0.0000 0.0000 0.0247 0.1111 0.1728 0.2099 0.2222 0.2377 0.1728 0.1111 0.0247 0.0000 0.0000 0.0000 0.0000 0.0000 0.3600 0.6400 0.8400 0.9600 1.0000 0.9600 0.8400 0.6400 0.3600 0.0000 0.0000 0.0000 0.0000 0.0000 0.2653 0.4898 0.8571 1.2416 1.5568 1.7657 1.8682 1.8644 1.7543 1.5379 1.2275 0.7861 0.4752 0.0988 0.0000
0.1200 0.2100 0.2800 0.3300 0.3600 0.3700 0.3600 0.3300 0.2800 0.2100 0.1200 0.0100 0.0100 0.0000 0.0000 0.0000 0.0000 0.0000 0.0000 0.0000 0.0000 0.0000 0.0000 0.0000 0.0000 0.0000 0.0000 0.0000 0.0000 0.0000 0.0000 0.0000 0.0000 0.0000 0.0000 0.0000 0.0000 0.1094 0.3403 0.4844 0.6250 0.7344 0.8125 0.8594 0.8750 0.8594 0.8125 0.7344 0.6250 0.4844 0.3125 0.1094 0.0000 0.0000 0.0000 0.0000 0.0000 0.0000 0.0988 0.2593 0.3951 0.6082 0.9191 1.1645 1.3444 1.4588 1.5077 1.4911 1.4089 1.2613 1.0481 0.7695 0.4253 0.1120 0.1200 0.2100 0.2800 0.3300 0.3600 0.3700 0.3600 0.3300 0.2800 0.2100 0.3299 0.4051 0.5556 0.6914 0.8025 0.8889 0.9506 0.9877 1.2031 1.3627 1.4662 1.5139 1.5056 1.4414 1.3212 1.1451 0.9130 0.6250 0.5156 0.3750 0.2031 0.0000 0.0000 0.0000 0.0000 0.0000 0.0000 0.0000 0.0000 0.0000 0.0000 0.0000 0.0000 0.0000 0.0000 0.0000 0.0000 0.0000 0.0000 0.0400 0.1100 0.1600 0.1900 0.2000 0.1900 0.1600 0.1100 0.0400 0.0000 0.0000 0.0000 0.0000 0.0000 0.0156 0.2500 0.4531 0.6250 0.7656 0.8750 0.9531 1.0000 1.0156 1.3600 1.5931 1.7150 1.7256 1.6250 1.4131 1.0900 0.6556 0.3600 0.0000 0.0988 0.2099 0.2963 0.4414 0.6173 0.7130 0.7284 0.6636 0.5185 0.2932 0.0988 0.0000 0.0000 0.0000 0.0400 0.4000 0.6800 0.8800 1.0000 1.0400 1.0000 0.8800 0.6800 0.4000 0.0400 0.0000 0.0000 0.0000 0.0204 0.2857 0.6939 1.1847 1.6062 1.9214 2.1303 2.2575 2.3401 2.2918 2.1124 1.8020 1.3605 0.8289 0.3908 0.1481
0.2700 0.3600 0.4300 0.4800 0.5100 0.5200 0.5100 0.4800 0.4700 0.4700 0.4300 0.3500 0.2300 0.1900 0.1600 0.1100 0.0400 0.0000 0.0000 0.0000 0.0000 0.0000 0.0000 0.0000 0.0000 0.0000 0.0000 0.0000 0.0000 0.0000 0.0000 0.0000 0.0000 0.0000 0.0000 0.0833 0.2222 0.4931 0.7240 0.8681 0.9253 0.8958 0.8906 0.9375 0.9531 0.9375 0.8906 0.8125 0.7031 0.5625 0.3906 0.1875 0.0000 0.0000 0.0000 0.0000 0.0000 0.0247 0.2099 0.3704 0.5185 0.8314 1.1323 1.3777 1.5576 1.6720 1.7208 1.7042 1.6221 1.4744 1.2613 0.9826 0.6684 0.3888 0.2700 0.3600 0.4300 0.4800 0.5100 0.5200 0.5100 0.4800 0.4300 0.3723 0.4922 0.5674 0.5979 0.7037 0.8148 0.9012 0.9630 1.1094 1.3248 1.4844 1.5880 1.6356 1.6273 1.5631 1.4429 1.2668 1.0347 0.7467 0.6250 0.4844 0.3125 0.1094 0.0000 0.0000 0.0000 0.0000 0.0000 0.0000 0.0000 0.0000 0.0000 0.0000 0.0000 0.0000 0.0000 0.0000 0.0000 0.0100 0.1200 0.2100 0.2800 0.3300 0.3600 0.3700 0.3600 0.3300 0.2800 0.2100 0.1200 0.0100 0.0000 0.0000 0.0000 0.0000 0.2344 0.4375 0.6094 0.7500 0.8594 0.9375 0.9844 1.0400 1.3844 1.6175 1.7494 1.7500 1.6494 1.4375 1.1144 0.6800 0.4000 0.1635 0.2593 0.3704 0.5957 0.8519 1.0278 1.1235 1.1389 1.0741 0.9290 0.7037 0.3981 0.1235 0.0000 0.0000 0.0000 0.3600 0.6400 0.8400 0.9600 1.0000 0.9600 0.8400 0.6400 0.3600 0.0000 0.0000 0.0000 0.0000 0.0000 0.3673 0.9151 1.4429 1.8644 2.1796 2.4873 2.7009 2.7836 2.7352 2.5558 2.2454 1.8040 1.2315 0.6914 0.4691
0.4000 0.4900 0.5600 0.6100 0.6400 0.6500 0.6500 0.7300 0.7700 0.7700 0.7300 0.6500 0.5300 0.3700 0.3300 0.2800 0.2100 0.1478 0.0100 0.0000 0.0000 0.0000 0.0000 0.0000 0.0000 0.0000 0.0000 0.0000 0.0000 0.0000 0.0000 0.0000 0.0000 0.0000 0.1389 0.3333 0.4722 0.7899 1.0208 1.1649 1.2222 1.1927 1.0764 0.9844 1.0000 0.9844 0.9375 0.8594 0.7500 0.6094 0.4375 0.2344 0.0000 0.0000 0.0000 0.0000 0.0247 0.2622 0.5791 0.8267 1.0048 1.3789 1.6428 1.7964 1.8399 1.8596 1.8685 1.8519 1.7697 1.6221 1.4089 1.1403 0.9461 0.6664 0.4000 0.4900 0.5600 0.6100 0.6400 0.6500 0.6400 0.6100 0.5600 0.4900 0.6099 0.6851 0.7156 0.7014 0.8025 0.8889 0.9506 1.1752 1.3906 1.5502 1.6537 1.7014 1.6931 1.6289 1.5087 1.3326 1.1005 0.8125 0.7031 0.5625 0.3906 0.1875 0.0000 0.0000 0.0000 0.0000 0.0000 0.0000 0.0000 0.0000 0.0000 0.0000 0.0000 0.0000 0.0000 0.0000 0.0300 0.1600 0.2700 0.3600 0.4300 0.4800 0.5100 0.5200 0.5100 0.4800 0.4300 0.3600 0.2700 0.1600 0.0300 0.0000 0.0000 0.0000 0.1875 0.3906 0.5625 0.7031 0.8125 0.8906 0.9775 1.0631 1.4575 1.7206 1.8525 1.8531 1.7225 1.4810 1.0675 0.6400 0.4588 0.2593 0.3951 0.5895 0.9259 1.1821 1.3580 1.4537 1.4691 1.4043 1.2593 1.0340 0.7284 0.3426 0.0988 0.0000 0.0000 0.2400 0.5200 0.7200 0.8400 0.8800 0.8400 0.7200 0.5200 0.2400 0.0000 0.0000 0.0000 0.0000 0.0000 0.4329 1.0670 1.5949 2.0164 2.4550 2.7997 3.0134 3.0960 3.0476 2.8682 2.5578 2.1164 1.5440 0.9630 0.7407
0.5100 0.6000 0.6700 0.7200 0.7500 0.7900 0.9100 0.9900 1.0300 1.0300 0.9900 0.9100 0.7900 0.6300 0.5633 0.6522 0.6656 0.6033 0.4656 0.2522 0.0833 0.0000 0.0000 0.0000 0.0000 0.0000 0.0000 0.0000 0.0400 0.0000 0.0000 0.0000 0.0000 0.0833 0.3333 0.5278 0.6823 1.0000 1.2309 1.3750 1.4323 1.4028 1.2865 1.0833 1.0156 1.0000 0.9531 0.8750 0.7656 0.6250 0.4531 0.2500 0.0156 0.0000 0.0000 0.1088 0.3299 0.6791 0.9960 1.2436 1.4421 1.8162 2.0801 2.2338 2.2772 2.2105 2.0706 1.9236 1.8519 1.7042 1.4911 1.3324 1.1382 0.8586 0.5304 0.6000 0.6700 0.7200 0.7500 0.7600 0.7500 0.7200 0.6700 0.6000 0.6828 0.7580 0.7885 0.7743 0.7654 0.8519 0.9136 1.1850 1.4005 1.5600 1.6636 1.7112 1.7029 1.6387 1.5185 1.3424 1.1103 0.8594 0.7500 0.6094 0.4375 0.2344 0.0000 0.0000 0.0000 0.0000 0.0000 0.0000 0.0000 0.0000 0.0000 0.0000 0.0000 0.0000 0.0000 0.0100 0.1600 0.2900 0.4000 0.4900 0.5600 0.6100 0.6400 0.6500 0.6400 0.6100 0.5600 0.4900 0.4000 0.2900 0.1600 0.0100 0.0000 0.0000 0.1094 0.3125 0.4844 0.6250 0.7444 0.9325 1.0694 1.1550 1.4294 1.6925 1.9264 2.0291 1.9597 1.7182 1.3047 0.8688 0.5619 0.3704 0.5062 0.8395 1.1759 1.4321 1.6080 1.7037 1.7191 1.6543 1.5093 1.2840 0.9784 0.5926 0.2099 0.0247 0.0000 0.0400 0.3200 0.5200 0.6400 0.6800 0.6400 0.5200 0.3200 0.0400 0.0000 0.0000 0.0000 0.0000 0.0000 0.4785 1.1126 1.6405 2.1607 2.6364 2.9811 3.1948 3.2774 3.2290 3.0496 2.7392 2.2978 1.7254 1.1852 0.9630
0.6000 0.6900 0.7600 0.8100 0.8500 1.0100 1.1300 1.2100 1.2500 1.2500 1.2100 1.1300 1.0100 0.9889 0.9833 1.0322 1.0456 0.9833 0.8456 0.6322 0.3433 0.1389 0.0000 0.0000 0.0000 0.0400 0.2400 0.3600 0.4000 0.3600 0.2400 0.0400 0.0000 0.2222 0.4722 0.6823 0.8056 1.1233 1.3542 1.4983 1.5556 1.5260 1.4097 1.2066 1.0000 0.9844 0.9375 0.8594 0.7500 0.6094 0.4375 0.2344 0.0000 0.0000 0.1535 0.4193 0.6404 1.0267 1.3436 1.5911 1.7897 2.1433 2.4072 2.5609 2.6044 2.5376 2.3607 2.1106 1.8985 1.7208 1.5477 1.4390 1.2449 0.9652 0.6000 0.6900 0.7600 0.8100 0.8400 0.8500 0.8400 0.8100 0.7600 0.6900 0.7111 0.7863 0.8168 0.8026 0.7437 0.7901 0.8798 1.1389 1.3544 1.5139 1.6175 1.6651 1.6568 1.5926 1.4724 1.2963 1.0642 0.8750 0.7656 0.6250 0.4531 0.2500 0.0156 0.0000 0.0000 0.0000 0.0000 0.0000 0.0000 0.0000 0.0000 0.0000 0.0000 0.0000 0.0000 0.1200 0.2700 0.4000 0.5100 0.6000 0.6700 0.7200 0.7500 0.7600 0.7500 0.7200 0.6700 0.6000 0.5100 0.4000 0.2700 0.1200 0.0000 0.0000 0.0000 0.2031 0.3750 0.5456 0.7850 0.9731 1.1100 1.1956 1.2700 1.7168 1.9915 2.0942 2.0248 1.7833 1.3854 1.1297 0.8228 0.6705 0.5926 1.0093 1.3457 1.6019 1.7778 1.8735 1.8889 1.8241 1.6790 1.4537 1.1481 0.7623 0.2963 0.1111 0.0000 0.0000 0.0400 0.2400 0.3600 0.4000 0.3600 0.2400 0.0400 0.0000 0.0000 0.0000 0.0000 0.0000 0.0204 0.4586 1.0519 1.6044 2.2111 2.6868 3.0315 3.2451 3.3278 3.2794 3.1000 2.7896 2.3482 1.8166 1.3784 1.1358
0.6700 0.7600 0.8300 0.8800 1.0300 1.1900 1.3100 1.3900 1.4300 1.4300 1.3900 1.3100 1.2733 1.3633 1.3578 1.3367 1.3500 1.2878 1.1500 0.9367 0.6478 0.3333 0.0833 0.0000 0.0400 0.3200 0.5200 0.6400 0.6800 0.6400 0.5200 0.3200 0.1494 0.4931 0.7899 1.0000 1.1233 1.3472 1.5000 1.5347 1.5920 1.5625 1.4462 1.2431 0.9531 0.9375 0.8906 0.8125 0.7031 0.5625 0.3906 0.1875 0.0000 0.1088 0.4193 0.6851 0.9185 1.4069 1.8258 2.1346 2.3331 2.6256 2.8282 2.8798 2.8213 2.7546 2.5776 2.2905 1.9796 1.6820 1.5688 1.4601 1.2660 0.9863 0.6823 0.7600 0.8300 0.8800 0.9100 0.9200 0.9100 0.8800 0.8300 0.7600 0.6947 0.7699 0.8251 0.8973 0.9001 0.9136 0.9877 1.2467 1.4252 1.5230 1.5401 1.5631 1.5548 1.4905 1.3704 1.1943 0.9622 0.8594 0.7500 0.6094 0.4375 0.2344 0.0000 0.0000 0.0000 0.0000 0.0000 0.0000 0.0000 0.0000 0.0000 0.0000 0.0000 0.0000 0.0400 0.2100 0.3600 0.4900 0.6000 0.6900 0.7600 0.8100 0.8400 0.8500 0.8400 0.8100 0.7600 0.6900 0.6000 0.4900 0.3600 0.2100 0.0400 0.0000 0.0000 0.0625 0.2444 0.5350 0.7744 0.9625 1.0994 1.1850 1.4030 1.6098 1.8846 2.0966 2.1053 1.9108 1.6535 1.4595 1.3457 1.1552 0.8758 1.0988 1.4352 1.6914 1.8673 1.9630 1.9784 1.9136 1.7685 1.5432 1.2377 0.8619 0.3858 0.1728 0.0000 0.0000 0.0000 0.0000 0.0000 0.0400 0.0000 0.0000 0.0000 0.0000 0.0000 0.0000 0.0000 0.0000 0.0000 0.4752 0.8849 1.5238 2.1305 2.6062 2.9509 3.1645 3.2472 3.1988 3.0194 2.7090 2.2676 1.9196 1.4815 1.2593
0.7200 0.8100 0.8800 0.9700 1.1700 1.3300 1.4500 1.5300 1.5700 1.5700 1.5300 1.4500 1.5522 1.6422 1.6367 1.5656 1.5789 1.5167 1.3789 1.1656 0.8767 0.5122 0.2222 0.0000 0.2400 0.5200 0.7200 0.8400 0.8800 0.8400 0.7825 0.7231 0.5803 0.7240 1.0208 1.2309 1.3542 1.5000 1.6528 1.6875 1.6042 1.5122 1.3958 1.1927 0.9028 0.8594 0.8125 0.7344 0.6250 0.4844 0.3125 0.1094 0.0247 0.3299 0.6404 0.9062 1.3110 1.8401 2.2591 2.5678 2.7664 2.9568 3.1594 3.2111 3.1117 2.8613 2.6844 2.3972 1.9999 1.6776 1.5044 1.3958 1.2016 0.9219 0.7200 0.8100 0.8800 0.9300 0.9600 0.9700 0.9600 0.9300 0.8800 0.8100 0.7200 0.8075 0.9491 1.0214 1.0242 0.9877 1.0617 1.2739 1.4524 1.5502 1.5673 1.5039 1.3968 1.3326 1.2124 1.0363 0.8906 0.8125 0.7031 0.5625 0.3906 0.1875 0.0000 0.0000 0.0000 0.0000 0.0000 0.0000 0.0000 0.0000 0.0000 0.0000 0.0000 0.0000 0.1100 0.2800 0.4300 0.5600 0.6700 0.7600 0.8300 0.8800 0.9100 0.9200 0.9100 0.8800 0.8300 0.7600 0.6700 0.5600 0.4300 0.2800 0.1100 0.0000 0.0000 0.0000 0.1825 0.4731 0.7125 0.9006 1.0375 1.2252 1.4840 1.7133 1.9287 2.0207 2.0295 1.9442 1.8695 1.9125 1.8387 1.6483 1.3410 1.2726 1.4444 1.7006 1.8765 1.9722 1.9877 2.0028 1.8878 1.7125 1.4369 1.0611 0.5851 0.3699 0.1100 0.0400 0.0000 0.0000 0.0000 0.0000 0.0000 0.0000 0.0000 0.0000 0.0000 0.0000 0.0000 0.0000 0.0123 0.4263 0.8360 1.3530 1.9189 2.3946 2.7392 2.9529 3.0355 2.9872 2.8078 2.5382 2.2804 1.9325 1.5556 1.3333
0.7500 0.8400 0.9100 1.0700 1.2700 1.4300 1.5500 1.6300 1.6700 1.6700 1.6300 1.5500 1.7356 1.8256 1.8200 1.7189 1.7322 1.6700 1.5322 1.3189 1.0300 0.6656 0.3056 0.0000 0.3600 0.6400 0.8400 0.9600 1.0000 1.0225 1.0744 1.0150 0.8444 0.8681 1.1649 1.3954 1.4983 1.5347 1.6875 1.7222 1.6389 1.4375 1.2587 1.0556 0.7656 0.7500 0.7031 0.6250 0.5156 0.3750 0.2031 0.0000 0.1511 0.5063 0.8168 1.2663 1.6711 2.1632 2.5821 2.8909 3.0894 3.1778 3.3396 3.3913 3.2919 3.0415 2.6809 2.3938 1.9964 1.5877 1.3945 1.2459 1.0517 0.8128 0.7500 0.8400 0.9100 0.9600 0.9900 1.0000 0.9900 0.9600 0.9100 0.8400 0.8735 0.8993 1.0038 1.0760 1.0789 1.0123 1.0988 1.2205 1.3989 1.4967 1.5139 1.4504 1.3063 1.1186 0.9985 0.8594 0.8125 0.7344 0.6250 0.4844 0.3125 0.1094 0.0000 0.0000 0.0000 0.0000 0.0000 0.0000 0.0000 0.0000 0.0000 0.0000 0.0000 0.0000 0.1600 0.3300 0.4800 0.6100 0.7200 0.8100 0.8800 0.9300 0.9600 0.9700 0.9600 0.9300 0.8800 0.8100 0.7200 0.6100 0.4800 0.3300 0.1600 0.0000 0.0000 0.0400 0.2100 0.3600 0.5994 0.7875 0.9244 1.2141 1.5354 1.8741 2.0895 2.1815 2.2909 2.3082 2.2457 2.2887 2.2428 2.0245 1.7173 1.5155 1.4360 1.6296 1.8456 2.1512 2.3967 2.4619 2.3468 2.0515 1.5759 1.1601 0.7674 0.5522 0.2923 0.2100 0.1200 0.0100 0.0000 0.0000 0.0000 0.0000 0.0000 0.0000 0.0000 0.0000 0.0000 0.0000 0.0000 0.3119 0.7216 1.2756 1.7395 2.1131 2.3966 2.6102 2.6929 2.7057 2.6284 2.4608 2.2031 1.8551 1.5802 1.3580
0.7600 0.8500 0.9200 1.1300 1.3300 1.4900 1.6100 1.6900 1.7300 1.7300 1.6900 1.6378 1.8233 1.9133 1.9078 1.8067 1.8100 1.7478 1.6100 1.3967 1.1078 0.7433 0.3333 0.0678 0.4000 0.6800 0.8800 1.0000 1.0500 1.2031 1.2550 1.1956 1.1270 1.1694 1.4875 1.7180 1.8209 1.7961 1.7062 1.6389 1.5556 1.3542 1.0347 0.8316 0.6250 0.6094 0.5625 0.4844 0.3750 0.2344 0.0625 0.0000 0.2828 0.6380 1.0506 1.5409 1.9456 2.3760 2.7950 3.1037 3.3023 3.3906 3.3688 3.4204 3.3211 3.0707 2.6692 2.2801 1.8828 1.4223 1.2291 1.0105 0.8163 0.7611 0.7600 0.8500 0.9200 0.9700 1.0000 1.0100 1.0000 0.9700 0.9200 0.9488 1.0193 1.0451 1.0509 1.1725 1.2370 1.2279 1.2840 1.2963 1.4377 1.4738 1.4045 1.3164 1.1723 0.9475 0.7656 0.7500 0.7031 0.6250 0.5156 0.3750 0.2031 0.0000 0.0000 0.0000 0.0000 0.0000 0.0000 0.0000 0.0000 0.0000 0.0000 0.0000 0.0000 0.0000 0.1900 0.3600 0.5100 0.6400 0.7500 0.8400 0.9100 0.9600 0.9900 1.0000 0.9900 0.9600 0.9100 0.8400 0.7500 0.6523 0.5100 0.3600 0.1900 0.0000 0.0000 0.1100 0.2800 0.4300 0.5600 0.6700 0.7600 1.1109 1.5729 1.9585 2.2520 2.4534 2.5627 2.6633 2.7274 2.8538 2.8078 2.5896 2.1990 1.7194 1.4253 1.5184 2.0043 2.4300 2.6754 2.7406 2.6256 2.3302 1.8547 1.1989 0.9051 0.6899 0.4300 0.3600 0.2700 0.1600 0.0300 0.0000 0.0000 0.0000 0.0000 0.0000 0.0000 0.0000 0.0000 0.0000 0.0000 0.1728 0.5540 1.1081 1.5719 1.9456 2.2290 2.4223 2.5253 2.5382 2.4608 2.2933 2.0355 1.7284 1.5556 1.3333
0.7500 0.8400 0.9100 1.1500 1.3500 1.5100 1.6300 1.7100 1.7500 1.7623 1.7100 1.6300 1.8156 1.9056 1.9000 1.7989 1.8122 1.7500 1.6122 1.3989 1.1100 0.7456 0.3056 0.0000 0.4000 0.7500 1.0000 1.1500 1.3094 1.4625 1.4844 1.5587 1.4609 1.3244 1.6825 1.9130 2.0158 1.9911 1.8387 1.6212 1.3542 1.1528 0.8333 0.5208 0.4531 0.4375 0.3906 0.3125 0.2031 0.0781 0.0000 0.0000 0.3699 0.7251 1.2396 1.7299 2.1347 2.4787 2.8976 3.2064 3.4049 3.4933 3.4715 3.3394 3.1992 2.9488 2.5474 2.0562 1.6589 1.1514 0.9582 0.7304 0.7199 0.6647 0.7500 0.8400 0.9100 0.9600 0.9900 1.0000 0.9900 0.9600 0.9347 1.0499 1.1204 1.2449 1.4392 1.5641 1.6035 1.5944 1.6604 1.6115 1.5102 1.4443 1.3750 1.2004 0.9576 0.8193 0.6497 0.6094 0.5625 0.4844 0.3750 0.2344 0.0625 0.0000 0.0000 0.0000 0.0000 0.0000 0.0000 0.0000 0.0000 0.0000 0.0000 0.0000 0.0000 0.0100 0.2000 0.3700 0.5200 0.6500 0.7600 0.8500 0.9200 0.9700 1.0000 1.0100 1.0000 0.9947 1.0311 1.0228 0.9699 0.8722 0.7299 0.5428 0.3111 0.0347 0.0000 0.1600 0.3300 0.4800 0.6100 0.7200 0.8304 1.2751 1.7527 2.1383 2.4317 2.6332 2.8814 3.0727 3.1572 3.2465 3.2006 2.9823 2.5917 2.0289 1.4625 1.6063 2.1028 2.5285 2.7740 2.8391 2.7241 2.4288 1.9532 1.4085 0.9980 0.7828 0.5600 0.4900 0.4000 0.2900 0.1600 0.0100 0.0000 0.0000 0.0000 0.0000 0.0000 0.0000 0.0000 0.0000 0.0000 0.1111 0.2963 0.8503 1.3142 1.6878 1.9713 2.1645 2.2676 2.2804 2.2031 2.0355 1.7778 1.6543 1.4815 1.2593
0.7200 0.8100 0.8900 1.1300 1.3300 1.5147 1.7211 1.8628 1.9399 1.9522 1.8999 1.7828 1.8133 1.8269 1.7967 1.7256 1.7389 1.6767 1.5389 1.3256 1.0367 0.6722 0.2422 0.1200 0.4500 0.8000 1.0500 1.2204 1.4375 1.5906 1.7962 1.8705 1.7727 1.6229 1.7599 1.9803 2.0832 2.0584 1.9060 1.6260 1.2184 0.8333 0.5139 0.2344 0.2500 0.2344 0.2969 0.2969 0.2344 0.2500 0.2344 0.1998 0.5216 0.7674 1.3710 1.8335 2.2383 2.5576 2.8901 3.1989 3.3974 3.4858 3.4639 3.3319 3.0896 2.7372 2.2746 1.7221 1.3248 0.8785 0.7451 0.5893 0.5788 0.6100 0.7200 0.8100 0.8800 0.9300 0.9600 0.9700 0.9600 0.9300 0.9911 1.1063 1.3002 1.6455 1.8806 2.0055 2.0202 1.9546 1.9589 1.8730 1.7092 1.4931 1.2772 1.1644 0.9709 0.7338 0.5642 0.4375 0.3906 0.3125 0.2031 0.0625 0.0000 0.0000 0.0000 0.0000 0.0000 0.0000 0.0000 0.0000 0.0000 0.0000 0.0000 0.0000 0.0000 0.0000 0.1900 0.3600 0.5100 0.6400 0.7500 0.8400 0.9100 0.9600 0.9900 1.0000 1.0888 1.1699 1.2063 1.1980 1.1451 1.0474 0.9051 0.7180 0.4863 0.2099 0.0988 0.1900 0.3600 0.5100 0.6400 0.7500 0.8400 1.3628 1.8404 2.2260 2.5195 2.8042 3.1636 3.3753 3.4394 3.4670 3.4210 3.2028 2.8122 2.2493 1.5141 1.6860 2.0211 2.4468 2.6922 2.7574 2.6423 2.3470 1.9826 1.5768 1.0463 0.8311 0.6700 0.6000 0.5100 0.4000 0.2700 0.1200 0.0000 0.0000 0.0000 0.0000 0.0000 0.0000 0.0000 0.0000 0.0156 0.0247 0.2099 0.5432 0.9662 1.3399 1.6233 1.8166 1.9196 1.9325 1.8551 1.7284 1.6543 1.5309 1.3580 1.1358
0.6700 0.7600 0.8300 1.0700 1.3688 1.6399 1.8463 2.0084 2.0651 2.0774 2.0251 1.9080 1.8096 1.8132 1.6965 1.5767 1.5900 1.5278 1.3900 1.1767 0.8878 0.5533 0.2433 0.2700 0.5020 0.9541 1.2653 1.4357 1.6997 1.8936 2.0379 2.0102 1.9124 1.9626 1.9607 1.9501 2.0229 1.9982 1.8458 1.5658 1.1581 0.6229 0.2344 0.0000 0.0781 0.2031 0.3125 0.3906 0.4375 0.4531 0.4375 0.4840 0.9446 1.2942 1.7571 2.1571 2.4786 2.6590 2.8094 3.0811 3.2797 3.3580 3.3462 3.2141 2.9719 2.6351 2.1568 1.5840 1.1867 0.7404 0.5693 0.4135 0.4300 0.5600 0.6700 0.7600 0.8300 0.8800 0.9100 0.9200 0.9100 0.8800 1.0028 1.2168 1.6315 1.9767 2.2118 2.3367 2.3514 2.3359 2.3401 2.2542 2.0781 1.8118 1.4553 1.1588 0.9653 0.6912 0.4228 0.2344 0.1875 0.1094 0.0000 0.0000 0.0000 0.0000 0.0000 0.0000 0.0000 0.0000 0.0000 0.0000 0.0000 0.0000 0.0000 0.0000 0.0000 0.0278 0.1600 0.3300 0.4800 0.6100 0.7200 0.8100 0.8800 0.9300 0.9600 1.0935 1.2193 1.3004 1.3368 1.3285 1.2756 1.1779 1.0356 0.8485 0.6168 0.3704 0.2693 0.3235 0.3700 0.5200 0.6500 0.7600 0.8500 1.3585 1.8361 2.2216 2.5151 2.9387 3.2981 3.5098 3.5739 3.5151 3.4691 3.2509 2.8603 2.2974 1.7034 1.8320 1.8425 2.1848 2.4302 2.4954 2.4637 2.3073 2.0262 1.6204 1.0899 0.8347 0.7600 0.6900 0.6000 0.4900 0.3600 0.2100 0.0400 0.0000 0.0000 0.0000 0.0000 0.1094 0.1875 0.2344 0.2500 0.2344 0.2863 0.4797 0.6914 0.9630 1.1852 1.3784 1.4815 1.5556 1.5802 1.5556 1.4815 1.3580 1.1852 0.9630
0.6000 0.6900 0.7600 1.0935 1.5313 1.9045 2.1721 2.3342 2.4032 2.3420 2.1876 1.9685 1.7868 1.6793 1.5626 1.4757 1.3656 1.3033 1.1656 0.9522 0.6733 0.4589 0.2900 0.5837 0.8165 1.0286 1.3398 1.5258 1.7898 2.0858 2.2301 2.1615 2.1201 2.2103 2.2084 2.0988 1.9284 1.8103 1.6579 1.3779 1.0536 0.6572 0.2500 0.0781 0.2344 0.3750 0.4844 0.5625 0.6094 0.6250 0.7483 0.8958 1.3194 1.6486 2.1115 2.4022 2.6611 2.8415 2.8808 2.8902 3.0517 3.1401 3.2276 3.1737 2.9783 2.6415 2.1633 1.5435 1.0885 0.5699 0.3288 0.2100 0.3600 0.4900 0.6000 0.6900 0.7600 0.8100 0.8400 0.8500 0.8400 0.8100 0.9946 1.3970 1.8525 2.1977 2.4328 2.5577 2.5724 2.6269 2.6311 2.5452 2.3691 2.1028 1.7463 1.2996 0.9259 0.6049 0.2502 0.0000 0.0000 0.0000 0.0000 0.0000 0.0000 0.0000 0.0000 0.0000 0.0000 0.0000 0.0000 0.0000 0.0000 0.0000 0.0833 0.2222 0.3056 0.3333 0.4156 0.5022 0.5133 0.5600 0.6700 0.7600 0.8300 0.8800 1.0088 1.1793 1.3051 1.3862 1.4226 1.4143 1.3614 1.2637 1.1214 0.9343 0.7026 0.5062 0.3951 0.4493 0.4588 0.5100 0.6400 0.7500 0.8556 1.2620 1.7397 2.1252 2.4187 2.9257 3.2850 3.4967 3.5608 3.4773 3.3450 3.1267 2.7361 2.1732 1.7113 1.8499 1.7770 2.1037 2.3214 2.4143 2.3826 2.2262 1.9451 1.5393 1.0088 0.8800 0.8300 0.7600 0.6700 0.5600 0.4300 0.2800 0.1100 0.0000 0.0000 0.0625 0.2031 0.3125 0.3906 0.4375 0.4531 0.4375 0.3906 0.4606 0.6723 0.8032 0.9630 1.1358 1.2593 1.3333 1.3580 1.3333 1.2593 1.1358 0.9630 0.7407
0.5100 0.6000 0.7688 1.2729 1.7763 2.2359 2.5652 2.7644 2.8334 2.7722 2.5807 2.2591 1.8073 1.5362 1.3584 1.3115 1.1643 1.0033 0.8656 0.6522 0.4833 0.3800 0.5837 0.8773 1.1102 1.2822 1.3935 1.4439 1.7078 2.0651 2.3294 2.4608 2.4594 2.3659 2.3640 2.2700 2.0840 1.8559 1.6757 1.4235 1.0992 0.7028 0.2344 0.2031 0.3750 0.5156 0.6250 0.7031 0.7500 0.8490 1.0833 1.2309 1.5628 1.8919 2.2936 2.5843 2.7026 2.8830 2.9223 2.8206 2.8625 3.0051 3.0926 3.0387 2.8433 2.5065 2.0282 1.4698 1.0147 0.5578 0.2225 0.1200 0.2700 0.4000 0.5100 0.6000 0.6700 0.7200 0.7500 0.7600 0.7500 0.7323 1.0033 1.5078 1.9633 2.3085 2.5436 2.6685 2.7332 2.8277 2.8319 2.7460 2.5699 2.3036 1.9471 1.5004 1.0247 0.7037 0.3333 0.0123 0.0000 0.0000 0.0000 0.0000 0.0000 0.0000 0.0000 0.0000 0.0000 0.0000 0.0000 0.0000 0.0000 0.1389 0.3333 0.4722 0.5556 0.5833 0.5956 0.6822 0.6933 0.6289 0.6000 0.6900 0.7600 0.8347 1.0499 1.2204 1.3462 1.4273 1.4637 1.4554 1.4025 1.3048 1.1625 0.9754 0.7437 0.6173 0.5062 0.5304 0.5399 0.5047 0.6100 0.7200 0.8100 1.1144 1.5512 1.9367 2.2580 2.7650 3.1243 3.3360 3.4001 3.3166 3.0855 2.8302 2.4396 1.9175 1.6376 1.6562 1.5833 1.8979 2.1156 2.2085 2.1768 2.0204 1.7393 1.3335 0.9600 0.9300 0.8800 0.8100 0.7200 0.6100 0.4800 0.3300 0.1600 0.0000 0.0625 0.2344 0.3750 0.4844 0.5625 0.6094 0.6250 0.6094 0.5625 0.4844 0.5725 0.7035 0.7539 0.8642 0.9877 1.0617 1.0864 1.0617 0.9877 0.8642 0.6914 0.5062
0.4000 0.5147 0.9536 1.4865 2.0763 2.5358 2.8652 3.0644 3.1333 3.0721 2.8807 2.5591 2.1073 1.5660 1.3162 1.1304 0.8999 0.6525 0.4900 0.4000 0.4200 0.5020 0.8165 1.1102 1.3431 1.5151 1.6263 1.6767 1.8742 2.2714 2.5358 2.6672 2.6658 2.5314 2.4275 2.3131 2.1475 1.8694 1.6492 1.3970 1.0727 0.6763 0.3173 0.3125 0.4844 0.6250 0.7344 0.8125 0.8594 1.0972 1.3316 1.4792 1.6746 2.0038 2.3035 2.5941 2.7124 2.7834 2.8228 2.7835 2.7959 2.9138 2.9149 2.7993 2.5669 2.2300 1.7518 1.3324 0.9391 0.6550 0.3444 0.0725 0.1600 0.2900 0.4000 0.4900 0.5600 0.6100 0.6400 0.6500 0.6400 0.6100 0.9427 1.5084 1.9639 2.3091 2.5442 2.6691 2.8438 2.9383 2.9426 2.8566 2.6805 2.4142 2.0577 1.6110 1.0741 0.7531 0.3827 0.0000 0.0000 0.0000 0.0000 0.0000 0.0000 0.0000 0.0000 0.0000 0.0000 0.0000 0.0000 0.0000 0.0833 0.3333 0.5278 0.6667 0.7500 0.7778 0.7500 0.7867 0.7978 0.7333 0.5933 0.6000 0.6700 0.8311 1.0463 1.2168 1.3426 1.4237 1.4601 1.4519 1.3989 1.3012 1.1589 0.9719 0.7901 0.7037 0.5926 0.5668 0.5763 0.5411 0.5600 0.6700 0.7600 1.0175 1.2706 1.6562 1.9497 2.4566 2.8160 3.0277 3.0918 3.0083 2.7772 2.3984 1.9708 1.6324 1.4325 1.2511 1.2251 1.5674 1.7851 1.8780 1.8463 1.6899 1.4088 1.0400 0.9900 0.9600 0.9100 0.8400 0.7500 0.6400 0.5100 0.3600 0.1900 0.0000 0.2031 0.3750 0.5156 0.6250 0.7031 0.7500 0.7656 0.7500 0.7031 0.6250 0.5156 0.5231 0.5735 0.5432 0.6667 0.7407 0.7811 0.7407 0.6667 0.5432 0.4568 0.4104
0.2700 0.5732 1.1763 1.7063 2.2460 2.7056 3.0350 3.2341 3.3031 3.2419 3.0505 2.7288 2.2770 1.8150 1.4360 1.1268 0.8963 0.6211 0.4000 0.3800 0.4000 0.6341 0.9886 1.2822 1.5151 1.6871 1.7984 1.8488 1.9477 2.3449 2.6093 2.7407 2.7393 2.6049 2.3990 2.3050 2.1190 1.8409 1.5907 1.2985 0.9742 0.5778 0.2969 0.3906 0.5625 0.7031 0.8125 0.8906 0.9375 1.2587 1.4931 1.6406 1.7414 1.9841 2.1818 2.4316 2.5499 2.5428 2.5821 2.6835 2.6126 2.7305 2.7316 2.6159 2.3835 2.0344 1.6093 1.2919 0.9850 0.7256 0.4150 0.2031 0.0300 0.1600 0.2700 0.3600 0.4300 0.4800 0.5100 0.5200 0.5100 0.4800 0.8331 1.3988 1.8543 2.1996 2.4346 2.6795 2.8642 2.9587 2.9630 2.8770 2.7009 2.4346 2.0781 1.6314 1.0945 0.7531 0.3827 0.0000 0.0000 0.0000 0.0000 0.0000 0.0000 0.0000 0.0000 0.0000 0.0000 0.0000 0.0000 0.0000 0.2222 0.4722 0.6667 0.8056 0.8889 0.9167 0.8889 0.8156 0.8267 0.7826 0.6222 0.4900 0.5600 0.7828 0.9980 1.1685 1.2943 1.3754 1.4119 1.4036 1.3506 1.2530 1.1106 0.9236 0.8519 0.7654 0.6543 0.5585 0.5680 0.5328 0.4900 0.6000 0.6900 0.8694 1.1225 1.3244 1.5770 2.0007 2.3600 2.5718 2.6359 2.5523 2.3212 1.9833 1.6406 1.2257 1.0958 0.8744 0.7699 1.1122 1.3299 1.4228 1.3911 1.2347 1.0400 1.0100 1.0000 0.9700 0.9200 0.8500 0.7600 0.6500 0.5200 0.3700 0.2000 0.1194 0.3125 0.4844 0.6250 0.7344 0.8125 0.8594 0.8750 0.8594 0.8125 0.7344 0.6250 0.4844 0.4113 0.4286 0.4838 0.6047 0.6451 0.6418 0.5826 0.4774 0.4163 0.4199
0.1200 0.6857 1.3259 1.8558 2.2856 2.7452 3.0745 3.2737 3.3427 3.2815 3.0900 2.7684 2.4366 2.0046 1.5236 1.1773 0.8480 0.5728 0.2900 0.3200 0.3400 0.7453 1.0998 1.3935 1.6263 1.7984 1.9096 1.9600 1.9496 2.2856 2.5499 2.6813 2.6799 2.5456 2.2784 2.2244 2.2384 2.0803 1.7801 1.4879 1.0559 0.4472 0.2344 0.4375 0.6094 0.7500 0.8594 0.9375 1.0122 1.3333 1.5677 1.7153 1.7760 1.8700 2.0306 2.0968 2.2151 2.1611 2.3098 2.4112 2.3403 2.4304 2.4315 2.3158 2.0834 1.7343 1.4928 1.2125 1.0044 0.7450 0.4844 0.3125 0.1094 0.0100 0.1200 0.2100 0.2800 0.3300 0.3600 0.3700 0.3600 0.3423 0.6133 1.1790 1.6345 1.9798 2.3348 2.6097 2.7944 2.8889 2.8932 2.8073 2.6311 2.3648 2.0083 1.5616 1.0247 0.7037 0.3333 0.0123 0.0000 0.0000 0.0000 0.0000 0.0000 0.0000 0.0000 0.0000 0.0000 0.0000 0.0000 0.0000 0.3056 0.5556 0.7500 0.8889 0.9722 1.0000 1.0743 1.0930 1.0453 1.0013 0.8409 0.5641 0.5320 0.6899 0.9051 1.0756 1.2014 1.2825 1.3189 1.3106 1.2577 1.1600 1.0177 0.9506 0.8889 0.8025 0.6914 0.5556 0.5151 0.4799 0.4000 0.5100 0.6000 0.6700 0.9231 1.1250 1.2756 1.4583 1.7565 1.9682 2.0323 2.0100 1.8809 1.6450 1.3023 0.9028 0.7265 0.4433 0.5100 0.6523 0.7500 0.8800 0.9100 0.9600 0.9900 1.0000 0.9900 0.9600 0.9100 0.8400 0.7500 0.6400 0.5100 0.3600 0.1900 0.1875 0.3906 0.5625 0.7031 0.8125 0.8906 0.9375 0.9531 0.9375 0.8906 0.8125 0.7031 0.6250 0.5938 0.5247 0.5017 0.6103 0.6630 0.6597 0.6305 0.6453 0.5842 0.4472
0.0247 0.7251 1.3652 1.8952 2.3150 2.6545 2.9839 3.1831 3.2521 3.1908 3.0494 2.8378 2.5160 2.0839 1.5417 1.1954 0.7798 0.4799 0.1600 0.2200 0.3804 0.7957 1.1502 1.4439 1.6767 1.8488 1.9600 2.0104 2.0000 2.0933 2.3576 2.4891 2.4876 2.3533 2.1261 2.2917 2.3304 2.2587 1.9903 1.7351 1.3031 0.7100 0.4628 0.5642 0.6497 0.7656 0.8750 0.9531 1.0000 1.3212 1.5556 1.7031 1.7639 1.7478 1.7850 1.8141 1.7488 1.6540 1.8652 1.9665 1.8956 2.0135 2.0146 1.8990 1.7074 1.5419 1.3375 1.1806 0.9725 0.7131 0.5625 0.3906 0.1875 0.0000 0.0000 0.0400 0.1100 0.1600 0.1900 0.2000 0.1900 0.1600 0.3446 0.8490 1.3545 1.8098 2.1749 2.4497 2.6344 2.7289 2.7332 2.6473 2.4712 2.2048 1.8483 1.4016 0.9259 0.6049 0.2346 0.0000 0.0000 0.0000 0.0000 0.0000 0.0000 0.0000 0.0000 0.0000 0.0000 0.0000 0.0123 0.0278 0.3333 0.5833 0.7778 0.9167 1.0000 1.2115 1.3265 1.3452 1.2676 1.1035 0.9431 0.6663 0.6189 0.7359 0.7674 0.9502 1.0637 1.1448 1.1812 1.1730 1.1200 1.0223 1.0000 0.9630 0.9012 0.8148 0.7037 0.5679 0.4174 0.3822 0.3023 0.4000 0.4900 0.5600 0.6725 0.8744 1.0250 1.1244 1.3114 1.5027 1.5872 1.5649 1.4358 1.1999 0.8572 0.5677 0.3614 0.3300 0.4800 0.6100 0.7200 0.8100 0.8800 0.9300 0.9600 0.9700 0.9600 0.9300 0.8800 0.8100 0.7200 0.6100 0.4800 0.3300 0.1600 0.2344 0.4375 0.6298 0.7500 0.8594 0.9375 0.9844 1.0000 0.9844 0.9375 0.8594 0.8125 0.8438 0.8125 0.7188 0.5625 0.6094 0.6250 0.6317 0.7225 0.7744 0.7750 0.7244
0.1439 0.8042 1.3744 1.8544 2.2441 2.5537 2.7631 2.9923 3.1112 3.1200 3.0186 2.8070 2.4851 2.0531 1.5109 1.1442 0.7285 0.3422 0.0323 0.2000 0.3700 0.8131 1.1398 1.4335 1.6663 1.8384 1.9496 2.0000 1.9896 1.9184 2.0325 2.1639 2.1625 2.0282 2.0010 2.2858 2.4108 2.3392 2.0707 1.8055 1.3736 0.9151 0.8324 0.7338 0.8193 0.8488 0.8594 0.9375 0.9844 1.2222 1.4566 1.6042 1.6649 1.6389 1.5560 1.4864 1.3346 1.1378 1.3094 1.3496 1.3620 1.4799 1.5422 1.5286 1.4391 1.3600 1.2544 1.0975 0.8894 0.7500 0.6094 0.4375 0.2344 0.0000 0.0000 0.0000 0.0000 0.0000 0.0000 0.0100 0.0000 0.0000 0.1728 0.5588 1.1043 1.5596 1.9247 2.1995 2.3842 2.4787 2.4830 2.3971 2.2210 1.9546 1.6081 1.1514 0.7778 0.4568 0.1728 0.0000 0.0000 0.0000 0.0000 0.0000 0.0000 0.0000 0.0247 0.1111 0.1885 0.2099 0.2222 0.2099 0.4784 0.6667 0.7747 0.8889 1.1559 1.3673 1.4824 1.5011 1.4235 1.2494 0.9790 0.6769 0.7313 0.9101 0.9786 0.9778 1.0912 1.1353 1.1100 1.0153 0.9877 1.0000 0.9877 0.9506 0.8889 0.8025 0.6914 0.5556 0.3951 0.2399 0.1600 0.2700 0.3600 0.4300 0.4800 0.5725 0.7231 0.8225 0.8706 0.9508 1.0353 1.0131 0.8840 0.6481 0.4253 0.1458 0.1100 0.2800 0.4300 0.5600 0.6700 0.7600 0.8300 0.8800 0.9100 0.9200 0.9100 0.8800 0.8300 0.7600 0.6700 0.5600 0.4300 0.2800 0.2277 0.4541 0.7184 0.9107 1.0309 1.0791 1.0552 1.0000 1.0156 1.0000 0.9531 0.8750 0.9688 1.0000 0.9688 0.8750 0.7188 0.7500 0.7656 0.8700 0.9731 1.0250 1.0256 0.9750
0.1728 0.8332 1.4034 1.8833 2.2731 2.5727 2.7821 2.9012 2.9702 2.9790 2.8776 2.6659 2.3441 1.9121 1.3699 1.0236 0.6079 0.2199 0.0833 0.4122 0.6656 1.0474 1.3741 1.5845 1.6784 1.7671 1.8784 1.9288 1.9184 1.8471 1.7151 1.7059 1.7045 1.5702 1.8476 2.1695 2.2945 2.2229 1.9544 1.6992 1.4079 1.1956 1.0660 0.8474 0.9329 0.9624 0.9360 0.8906 0.9375 1.0365 1.2708 1.4184 1.4792 1.4531 1.3403 1.1506 0.9742 0.7534 0.8633 0.8665 0.9973 1.1356 1.2350 1.2831 1.2800 1.2256 1.1600 0.9631 0.8750 0.7656 0.6250 0.4531 0.2500 0.0156 0.0000 0.0000 0.0000 0.0000 0.0000 0.0000 0.0000 0.0000 0.1111 0.2963 0.7639 1.2192 1.5843 1.8592 2.0438 2.1383 2.1826 2.1667 2.0406 1.8043 1.4577 1.0419 0.7402 0.4063 0.1511 0.0000 0.0000 0.0000 0.0000 0.0000 0.0000 0.2081 0.3974 0.5307 0.6080 0.6294 0.5949 0.5044 0.5802 0.7685 0.8765 1.0064 1.2154 1.4269 1.5420 1.5607 1.4830 1.3090 1.1373 0.9650 0.9494 1.0411 1.0796 1.0380 1.0494 1.1235 1.1481 1.1235 1.0494 0.9630 0.9506 0.9136 0.8519 0.7654 0.6543 0.5185 0.3580 0.1728 0.0100 0.1200 0.2100 0.2800 0.3300 0.3600 0.3700 0.4694 0.5175 0.5144 0.4600 0.3544 0.2253 0.1094 0.0000 0.0000 0.0400 0.2100 0.3600 0.4900 0.6000 0.6900 0.7600 0.8100 0.8400 0.8500 0.8400 0.8100 0.7600 0.6900 0.6000 0.4900 0.3600 0.3937 0.3665 0.6629 0.9273 1.1196 1.2398 1.2879 1.2640 1.1680 1.0000 0.9844 0.9375 0.9688 1.0625 1.0938 1.0625 0.9688 0.8125 0.8594 0.9150 1.0694 1.1725 1.2244 1.2250 1.1744
0.2099 0.7720 1.3422 1.8221 2.2119 2.5115 2.7208 2.8400 2.8690 2.8078 2.6563 2.4147 2.0929 1.7009 1.3199 1.0736 0.7857 0.5117 0.5233 0.7922 0.9956 1.2054 1.4921 1.7024 1.7964 1.7740 1.7463 1.7967 1.7863 1.7151 1.5831 1.3902 1.2386 1.1649 1.5346 1.8564 1.9815 1.9567 1.7964 1.6914 1.5837 1.3714 1.1637 0.9451 0.9905 1.0201 0.9936 0.9113 0.8594 0.8750 0.9983 1.1458 1.2066 1.1806 1.0677 0.8681 0.5816 0.3733 0.4833 0.5975 0.7994 0.9500 1.0494 1.1375 1.3344 1.4000 1.3844 1.2975 1.0994 0.7900 0.6094 0.4375 0.2344 0.0000 0.0000 0.0000 0.0000 0.0000 0.0000 0.0000 0.0000 0.0000 0.0247 0.2099 0.3704 0.7886 1.1537 1.4286 1.6233 1.8277 1.9220 1.9061 1.7800 1.5437 1.1972 0.9649 0.7004 0.4899 0.2347 0.1200 0.0100 0.0000 0.0000 0.0625 0.3266 0.5718 0.7610 0.8943 0.9716 0.9931 0.9742 0.8681 0.8050 0.8526 0.8981 1.1300 1.3020 1.3900 1.5051 1.5238 1.4461 1.3956 1.2610 1.2275 1.2119 1.2419 1.2804 1.2288 1.1481 1.2222 1.2469 1.2222 1.1481 1.0247 0.9167 0.8519 0.7901 0.7037 0.5926 0.4568 0.2963 0.1111 0.0000 0.0000 0.0400 0.1100 0.1600 0.1900 0.2000 0.1900 0.1600 0.1100 0.0556 0.0000 0.0000 0.0000 0.0000 0.0000 0.0000 0.1200 0.2700 0.4000 0.5100 0.6000 0.6700 0.7200 0.7500 0.7600 0.7500 0.7200 0.6700 0.6000 0.5100 0.4000 0.4537 0.4873 0.5102 0.7997 1.0641 1.2564 1.3766 1.4247 1.4008 1.3048 1.1368 0.9375 0.8906 1.0000 1.0938 1.1250 1.0938 1.0000 0.8906 0.9375 1.0631 1.2175 1.3206 1.3725 1.3731 1.3225
0.2222 0.6206 1.1907 1.6707 2.0605 2.3600 2.5694 2.6886 2.7176 2.6563 2.5049 2.2733 2.0515 1.8028 1.6627 1.4998 1.2952 1.1323 1.1100 1.2300 1.3304 1.4178 1.6137 1.7140 1.7980 1.7756 1.6368 1.6039 1.5935 1.5500 1.3902 1.1973 0.9684 0.8799 1.2904 1.5966 1.7373 1.7737 1.7654 1.7625 1.6548 1.4425 1.1254 0.9068 0.9923 1.0218 0.9954 0.9130 0.7747 0.7812 0.7500 0.7865 0.8472 0.8212 0.7361 0.5087 0.2222 0.0833 0.1875 0.3906 0.5625 0.7131 0.8525 1.2106 1.4575 1.5931 1.6175 1.5306 1.3325 1.0331 0.6025 0.3906 0.1875 0.0000 0.0000 0.0000 0.0000 0.0000 0.0000 0.0000 0.0000 0.0000 0.0000 0.0988 0.2593 0.4051 0.6329 0.9378 1.2525 1.4569 1.5512 1.5353 1.4092 1.2137 1.0509 0.9051 0.7393 0.5288 0.3600 0.2700 0.1600 0.0300 0.0625 0.3331 0.6343 0.8794 1.0687 1.3113 1.4668 1.5351 1.5162 1.4101 1.2168 1.0752 0.9020 1.1326 1.3046 1.3556 1.3719 1.3906 1.4117 1.3981 1.3747 1.4245 1.4089 1.3525 1.3910 1.3394 1.1975 1.2716 1.2963 1.3549 1.4198 1.3796 1.2346 1.0710 0.9259 0.7006 0.5062 0.3704 0.2099 0.0247 0.0000 0.0000 0.0000 0.0000 0.0000 0.0000 0.0100 0.0000 0.0000 0.0000 0.0000 0.0000 0.0000 0.0000 0.0000 0.0000 0.0000 0.0100 0.1600 0.2900 0.4000 0.4900 0.5600 0.6100 0.6400 0.6500 0.6400 0.6100 0.5600 0.4900 0.4000 0.3920 0.4865 0.5202 0.6531 0.8645 1.1288 1.3211 1.4413 1.4895 1.4656 1.3696 1.2015 0.9614 0.8125 0.9688 1.0625 1.0938 1.0625 0.9688 0.9375 0.9844 1.1600 1.3144 1.4175 1.4694 1.4700 1.4194
0.2099 0.4198 0.9491 1.4291 1.8188 2.1184 2.3278 2.4470 2.4759 2.4147 2.2933 2.1817 2.0987 2.0020 1.9640 1.8010 1.7753 1.9145 2.2130 2.3242 2.3135 2.1420 1.8930 1.8513 1.7132 1.6608 1.6054 1.5724 1.6454 1.6019 1.4421 1.1659 0.8844 0.8963 1.1868 1.4726 1.6337 1.6701 1.7319 1.7289 1.6212 1.4089 1.0919 0.8526 0.9381 0.9676 1.0505 1.0463 0.9549 0.8750 0.8438 0.8333 0.8160 0.6806 0.5955 0.3681 0.2222 0.0833 0.1094 0.3125 0.4844 0.6250 0.9744 1.3325 1.5794 1.7550 1.8494 1.8125 1.6444 1.3450 0.9144 0.4725 0.2194 0.0400 0.0000 0.0000 0.0000 0.0000 0.0000 0.0000 0.0000 0.0400 0.1100 0.1600 0.3135 0.4593 0.5704 0.7768 0.9185 1.0160 1.0702 1.1156 1.1285 1.0968 1.0204 0.8993 0.7335 0.5600 0.4900 0.4000 0.2900 0.1600 0.2378 0.5849 0.8860 1.1937 1.5235 1.7662 1.9217 1.9900 1.9711 1.8650 1.6717 1.3912 1.1273 1.0766 1.1861 1.2371 1.1670 1.1857 1.2932 1.3908 1.5062 1.5561 1.5404 1.4593 1.4114 1.3598 1.2179 1.2716 1.4352 1.6049 1.6698 1.6296 1.4846 1.2346 1.0648 0.8395 0.5340 0.2593 0.0988 0.0000 0.0000 0.0000 0.0000 0.0000 0.0000 0.0000 0.0000 0.0000 0.0000 0.0000 0.0000 0.0000 0.0000 0.0000 0.0000 0.0000 0.0000 0.0000 0.0300 0.1600 0.2700 0.3600 0.4300 0.4800 0.5100 0.5200 0.5100 0.4800 0.4300 0.3600 0.2700 0.3641 0.4586 0.6122 0.7551 0.8571 1.1215 1.3138 1.4340 1.4821 1.4582 1.3622 1.1942 0.9541 0.7188 0.8750 0.9688 1.0000 0.9688 0.8750 0.9531 1.0000 1.2056 1.3700 1.4631 1.5150 1.5156 1.4650
0.1728 0.3580 0.6173 1.0973 1.4870 1.7866 1.9960 2.1151 2.1441 2.0929 2.0915 2.0632 2.0914 2.1783 2.1402 2.0173 2.4986 2.8021 3.1252 3.1965 3.1358 2.8531 2.5208 2.0554 1.7957 1.5785 1.6242 1.5079 1.5809 1.5374 1.3776 1.1422 1.1062 1.0069 0.9585 1.2443 1.4054 1.4919 1.5936 1.5906 1.4830 1.2706 0.9536 0.8519 0.8904 1.0606 1.1435 1.1393 1.0478 0.9062 1.0139 1.1146 1.0972 0.9618 0.7083 0.5556 0.4722 0.3333 0.1389 0.2031 0.3750 0.5156 0.9850 1.3531 1.7100 1.9356 2.0300 1.9931 1.8250 1.5256 1.0950 0.5331 0.2800 0.2100 0.1200 0.0100 0.0000 0.0000 0.0000 0.0100 0.1200 0.2100 0.2800 0.3300 0.3600 0.4688 0.6899 0.8963 1.0380 1.1151 1.1274 1.0751 1.0780 1.0463 0.9699 0.8488 0.7200 0.6700 0.6000 0.5100 0.4000 0.3794 0.5436 0.7807 1.1443 1.5613 1.8912 2.1339 2.2894 2.3576 2.3387 2.2326 2.0394 1.7589 1.3912 1.2016 1.0091 0.9975 0.9274 1.0295 1.2759 1.4568 1.5722 1.6221 1.6064 1.5253 1.3787 1.2900 1.1481 1.3056 1.5959 1.7500 1.8148 1.7747 1.6296 1.3796 1.1235 0.8981 0.5926 0.2068 0.0000 0.0000 0.0000 0.0000 0.0000 0.0000 0.0000 0.0000 0.0000 0.0000 0.0000 0.0000 0.0000 0.0000 0.0000 0.0000 0.0000 0.0000 0.0000 0.0000 0.0000 0.0100 0.1200 0.2100 0.2800 0.3300 0.3600 0.3700 0.3600 0.3300 0.2800 0.2100 0.1200 0.2753 0.4898 0.6735 0.8163 0.9184 1.0421 1.2344 1.3546 1.4027 1.3788 1.2828 1.1148 0.8747 0.5625 0.7188 0.8125 0.8438 0.8125 0.8994 1.0475 1.1544 1.3900 1.5544 1.6475 1.6694 1.6200 1.4994
0.1111 0.2963 0.4568 0.7160 1.0650 1.3646 1.5739 1.6931 1.7221 1.7809 1.7794 1.9309 2.1427 2.2296 2.1916 2.4801 2.9985 3.4624 3.7856 3.8568 3.6861 3.3757 2.9322 2.4669 1.9885 1.7803 1.4711 1.3549 1.4000 1.4178 1.3600 1.2267 1.2277 1.1284 0.9289 0.8914 1.0525 1.2489 1.3506 1.3477 1.2400 1.0277 0.9506 0.9514 1.0368 1.0664 1.1493 1.1451 1.0536 0.9583 1.1771 1.2778 1.2604 1.1250 1.0122 0.8125 0.6667 0.5278 0.3333 0.1458 0.2344 0.4150 0.9144 1.4025 1.7594 1.9850 2.0794 2.0425 1.8744 1.5750 1.1444 0.5825 0.4300 0.3600 0.2700 0.1600 0.0300 0.0000 0.0300 0.1600 0.2700 0.3600 0.4300 0.4800 0.5100 0.5600 0.7447 0.9511 1.0928 1.1699 1.1822 1.1299 1.0128 0.9511 0.8747 0.8400 0.8100 0.7600 0.6900 0.6000 0.4900 0.5475 0.7735 0.9605 1.4248 1.8418 2.1717 2.4144 2.5698 2.6381 2.6192 2.5131 2.3198 2.0394 1.6717 1.4209 1.1502 0.9703 0.9279 1.0300 1.2764 1.4573 1.5727 1.6226 1.6070 1.5258 1.3792 1.2764 1.2369 1.5801 1.8704 2.0245 2.0424 1.9242 1.6698 1.4198 1.1019 0.8765 0.5710 0.2222 0.0000 0.0000 0.0000 0.0000 0.0000 0.0000 0.0000 0.0000 0.0000 0.0000 0.0000 0.0000 0.0000 0.0000 0.0000 0.0000 0.0000 0.0000 0.0000 0.0000 0.0000 0.0000 0.0000 0.0400 0.1100 0.1600 0.1900 0.2000 0.1900 0.1600 0.1100 0.0400 0.0204 0.2857 0.5102 0.6939 0.8367 0.9388 1.0000 1.0829 1.2031 1.2513 1.2274 1.1314 0.9633 0.7232 0.4110 0.5000 0.5938 0.6350 0.8231 1.0225 1.1706 1.2675 1.5031 1.6675 1.7606 1.7825 1.7331 1.6125
0.0247 0.2099 0.3704 0.5062 0.7160 0.9136 1.0617 1.1809 1.2499 1.4199 1.5205 1.8573 2.0691 2.1560 2.2201 2.6786 3.3205 3.8708 4.1940 4.2652 4.0845 3.6819 3.1273 2.6620 2.2024 1.9943 1.5943 1.3156 1.4089 1.4267 1.3689 1.2479 1.2489 1.1496 0.9501 0.7337 0.8148 0.9012 1.0030 1.0000 1.0123 1.0000 0.9630 1.1044 1.1898 1.2193 1.1929 1.1105 0.9722 1.0158 1.2222 1.3698 1.4306 1.4045 1.2917 1.0920 0.8056 0.6667 0.4722 0.2222 0.0625 0.2131 0.8325 1.3206 1.6775 1.9031 1.9975 1.9606 1.7925 1.4931 1.0625 0.6100 0.5600 0.4900 0.4000 0.2900 0.1600 0.0200 0.1600 0.2900 0.4000 0.4900 0.5600 0.6100 0.6400 0.7600 0.9200 1.0400 1.1200 1.1600 1.1723 1.1200 1.0400 0.9200 0.9200 0.9100 0.8800 0.8300 0.7600 0.6700 0.5600 0.6644 0.9274 1.2238 1.6181 2.0351 2.3650 2.6076 2.7631 2.8314 2.8125 2.7064 2.5131 2.2326 1.8650 1.5121 1.1946 1.0146 0.8629 0.9650 1.2114 1.3923 1.5077 1.5576 1.5420 1.5233 1.5173 1.4145 1.3783 1.7388 2.0087 2.1628 2.1807 2.0625 1.8081 1.4174 1.0000 0.7747 0.5556 0.3056 0.0000 0.0000 0.0000 0.0000 0.0000 0.0000 0.0000 0.0000 0.0000 0.0000 0.0000 0.0000 0.0000 0.0000 0.0000 0.0000 0.0000 0.0000 0.0000 0.0000 0.0000 0.0000 0.0000 0.0000 0.0000 0.0000 0.0000 0.0100 0.0000 0.0000 0.0000 0.0000 0.0000 0.2653 0.4898 0.6735 0.8163 0.9184 0.9796 1.0000 0.9796 1.0277 1.0038 0.9078 0.7398 0.4997 0.1875 0.2188 0.3425 0.6444 0.8950 1.0944 1.2425 1.3394 1.5450 1.7094 1.8025 1.8244 1.7750 1.6544
0.0000 0.0988 0.2593 0.3951 0.5062 0.6173 0.7654 0.8642 1.0236 1.1936 1.3220 1.6588 1.8706 1.9575 2.2500 2.8073 3.4522 4.0273 4.3505 4.4217 4.2410 3.8084 3.1338 2.6407 2.2645 2.0320 1.6163 1.2489 1.3422 1.3600 1.3022 1.1689 1.1699 1.0706 0.8711 0.6914 0.8025 0.8889 0.9506 0.9877 1.0123 0.9877 1.0600 1.2014 1.2868 1.3164 1.2899 1.2076 1.0693 1.1806 1.4149 1.5625 1.6233 1.5972 1.4844 1.2847 0.9983 0.7500 0.5556 0.3056 0.0000 0.1200 0.6194 1.1075 1.4644 1.6900 1.7844 1.7475 1.5794 1.2800 0.9900 0.7200 0.6700 0.6000 0.5100 0.4000 0.2700 0.2400 0.2700 0.4000 0.5100 0.6000 0.6700 0.7200 0.7500 0.9200 1.0800 1.2000 1.2800 1.3200 1.3200 1.2800 1.2000 1.0800 0.9700 0.9600 0.9400 0.8800 0.8100 0.7200 0.6256 0.7423 1.0053 1.3799 1.7242 2.1412 2.4711 2.7137 2.8692 2.9375 2.9186 2.8125 2.6192 2.3387 1.9711 1.5162 1.1578 0.9623 0.7448 0.8468 1.0809 1.2618 1.3772 1.4271 1.4739 1.5647 1.6607 1.7008 1.8556 2.1914 2.3749 2.4060 2.2849 2.0646 1.8102 1.4566 0.9915 0.7778 0.5833 0.3333 0.0278 0.0000 0.0000 0.0000 0.0000 0.0000 0.0000 0.0000 0.0000 0.0000 0.0000 0.0000 0.0000 0.0000 0.0000 0.0000 0.0000 0.0000 0.0000 0.0000 0.0000 0.0000 0.0000 0.0000 0.0000 0.0000 0.0000 0.0000 0.0000 0.0000 0.0000 0.0000 0.0000 0.2041 0.4286 0.6122 0.7551 0.8571 0.9184 0.9388 0.9184 0.8571 0.7551 0.6122 0.4442 0.2041 0.0000 0.0100 0.3631 0.6650 0.9156 1.1150 1.2631 1.3600 1.5156 1.6800 1.7731 1.7950 1.7456 1.6250
0.0000 0.0000 0.1235 0.2593 0.3704 0.4568 0.5185 0.5556 0.7279 0.8979 0.9985 1.3723 1.6459 1.8193 2.1577 2.7520 3.3568 3.9319 4.2550 4.3263 4.1456 3.7129 3.1377 2.6806 2.2890 2.0965 1.6808 1.2942 1.3094 1.2178 1.1600 1.0267 0.9906 0.9414 0.8519 0.6821 0.7901 0.9630 1.0864 1.1605 1.1852 1.1605 1.2739 1.3536 1.3526 1.3779 1.3310 1.2486 1.1381 1.2865 1.5208 1.6684 1.7292 1.7031 1.5903 1.3906 1.1042 0.7778 0.5833 0.3333 0.0678 0.2100 0.4000 0.8100 1.1200 1.3456 1.4500 1.4500 1.3600 1.1700 0.8800 0.8100 0.7600 0.6900 0.6000 0.4900 0.4000 0.4200 0.4000 0.4900 0.6000 0.6900 0.7600 0.8100 0.8400 1.0400 1.2000 1.3200 1.4000 1.4400 1.4400 1.4000 1.3600 1.3100 1.2000 1.1800 1.1600 1.1000 1.0000 0.8600 0.6800 0.7444 1.0074 1.4288 1.7431 2.1601 2.4900 2.7326 2.8881 2.9564 2.9375 2.8714 2.6381 2.3576 1.9900 1.5351 0.9931 0.8131 0.5364 0.6384 0.8849 1.0658 1.1812 1.2310 1.4185 1.6930 1.8298 2.0536 2.1806 2.5164 2.6999 2.7588 2.6099 2.3365 1.9107 1.5571 1.0920 0.7500 0.5556 0.3056 0.0000 0.0000 0.0000 0.0000 0.0000 0.0000 0.0000 0.0000 0.0000 0.0000 0.0000 0.0000 0.0000 0.0000 0.0000 0.0000 0.0000 0.0000 0.0000 0.0000 0.0000 0.0000 0.0000 0.0000 0.0000 0.0000 0.0000 0.0000 0.0000 0.0000 0.0000 0.0000 0.0000 0.1020 0.3265 0.5102 0.6531 0.7551 0.8163 0.8367 0.8163 0.7551 0.6531 0.5102 0.3265 0.1020 0.0000 0.1200 0.3325 0.6344 0.8850 1.0844 1.2325 1.3294 1.4150 1.6072 1.6725 1.6944 1.6450 1.5244
0.0000 0.0000 0.0000 0.0988 0.2099 0.2963 0.3580 0.3951 0.5974 0.7551 0.8680 1.1585 1.4321 1.6258 2.0013 2.5991 3.1205 3.5845 3.9233 4.0036 3.9718 3.7415 3.2867 2.8018 2.4901 2.1906 1.7743 1.3246 1.2947 1.2031 1.0347 0.8889 0.8611 0.8519 0.7623 0.6914 0.9136 1.0864 1.2099 1.2840 1.3086 1.2840 1.5463 1.7280 1.7883 1.7271 1.5815 1.4379 1.1975 1.3056 1.5399 1.6875 1.7483 1.7222 1.6094 1.4097 1.1233 0.7500 0.5556 0.3056 0.1100 0.2800 0.4700 0.7100 1.0700 1.3100 1.4700 1.4300 1.3100 1.0700 0.9500 0.8800 0.8300 0.7600 0.6700 0.5600 0.5400 0.5600 0.5400 0.5600 0.6700 0.7600 0.8300 0.8800 0.9200 1.1200 1.2800 1.4000 1.4800 1.5200 1.5300 1.6000 1.6100 1.5600 1.4656 1.3600 1.3400 1.2800 1.1800 1.0400 0.8600 0.8275 0.9591 1.3705 1.6848 2.0918 2.4217 2.6644 2.8598 3.1281 3.2292 3.1631 2.9298 2.5294 1.9617 1.4668 0.9716 0.6080 0.2905 0.3769 0.6233 0.8042 0.9196 1.0789 1.4501 1.7653 2.0858 2.3096 2.5199 2.9113 3.1781 3.2371 3.0881 2.7314 2.1667 1.5461 1.1181 0.7760 0.4722 0.2222 0.0000 0.0000 0.0000 0.0000 0.0000 0.0000 0.0000 0.0400 0.0000 0.0000 0.0000 0.0000 0.0000 0.0000 0.0000 0.0000 0.0000 0.0000 0.0000 0.0000 0.0000 0.0000 0.0000 0.0000 0.0000 0.0000 0.0000 0.0000 0.0000 0.0000 0.0000 0.0000 0.0000 0.0000 0.1837 0.3673 0.5102 0.6122 0.6735 0.6939 0.6735 0.6122 0.5102 0.3673 0.1837 0.0000 0.0400 0.2100 0.3600 0.5525 0.8031 1.0025 1.2340 1.4697 1.5987 1.7408 1.8062 1.7447 1.5565 1.3525
0.0000 0.0000 0.0000 0.0000 0.0247 0.1111 0.1728 0.2199 0.4222 0.5799 0.6928 0.8444 1.1180 1.3778 1.8520 2.3592 2.9587 3.3307 3.6571 3.8863 3.9171 3.6087 3.1834 2.6985 2.5035 2.3150 2.0376 1.5879 1.4720 1.2917 1.1233 0.8681 0.6914 0.6821 0.7160 0.7754 0.9877 1.1605 1.2840 1.3580 1.3827 1.5573 1.8605 2.0422 2.1025 2.0413 1.8586 1.5916 1.3512 1.4215 1.4722 1.6198 1.6806 1.6545 1.5417 1.3420 1.0556 0.6823 0.4722 0.2222 0.1700 0.4500 0.6900 0.9300 1.2900 1.5300 1.6900 1.6500 1.5300 1.2900 1.1700 1.0500 0.8900 0.8100 0.7200 0.6100 0.6400 0.6600 0.6400 0.6100 0.7200 0.8100 0.8800 0.9300 0.9600 1.1600 1.3200 1.4400 1.5200 1.5900 1.7200 1.8994 1.9875 1.9844 1.8900 1.7344 1.6675 1.5294 1.3200 1.1800 1.0000 0.8894 0.9436 1.2350 1.5193 1.9363 2.2662 2.5489 2.9844 3.2526 3.3537 3.2876 3.0544 2.6539 2.0862 1.3513 0.8943 0.5307 0.1111 0.1111 0.2963 0.4772 0.5926 0.9932 1.5073 1.9246 2.2451 2.6077 2.9292 3.1816 3.4485 3.5074 3.3585 3.0017 2.4371 1.6645 1.0573 0.7153 0.3333 0.0833 0.0000 0.0000 0.0000 0.0000 0.0400 0.2400 0.3600 0.4000 0.3600 0.2400 0.0400 0.0000 0.0000 0.0000 0.0000 0.0000 0.0000 0.0000 0.0000 0.0000 0.0000 0.0000 0.0000 0.0000 0.0000 0.0000 0.0000 0.0000 0.0000 0.0000 0.0000 0.0000 0.0000 0.0000 0.0000 0.1837 0.3265 0.4286 0.4898 0.5102 0.4898 0.4286 0.3265 0.1837 0.0000 0.0000 0.1100 0.2800 0.4300 0.5600 0.6700 1.0083 1.3508 1.5866 1.7156 1.7477 1.8131 1.8349 1.7856 1.6944
0.0000 0.0000 0.0000 0.0000 0.0000 0.0000 0.0000 0.0000 0.2023 0.3600 0.5100 0.6400 0.8889 1.2358 1.7894 2.2566 2.6162 3.1116 3.3917 3.6227 3.5701 3.3728 3.0308 2.7286 2.5111 2.4060 2.1286 1.7402 1.6343 1.4169 1.1250 0.9098 0.6378 0.6909 0.7919 0.9901 1.2023 1.3452 1.4186 1.4351 1.5911 1.7501 2.0532 2.2349 2.2952 2.2340 2.0514 1.7473 1.4946 1.4507 1.5014 1.4653 1.5260 1.5000 1.3872 1.1875 0.9010 0.5278 0.3333 0.1133 0.3500 0.6300 0.9100 1.3900 1.7500 1.9900 2.1100 2.1100 1.9900 1.7500 1.3900 1.2300 1.0700 0.8700 0.7500 0.6400 0.7000 0.7200 0.7000 0.6400 0.7500 0.8400 0.9100 0.9600 0.9900 1.1600 1.3200 1.4400 1.5300 1.7825 2.0531 2.2325 2.3206 2.3175 2.2231 2.0375 1.9706 1.8325 1.6231 1.3425 1.1000 0.8800 0.8478 1.0924 1.2866 1.6937 2.0235 2.5062 2.9417 3.2100 3.3111 3.2450 3.0117 2.6112 2.0435 1.3087 0.7610 0.3974 0.0247 0.0247 0.2099 0.3704 0.5062 1.0557 1.5698 1.9871 2.3909 2.8647 3.1861 3.3552 3.5110 3.5699 3.4210 3.0642 2.4996 1.7270 0.9931 0.5677 0.1389 0.0000 0.0000 0.0000 0.0000 0.0400 0.3200 0.5200 0.6400 0.6800 0.6400 0.5200 0.3200 0.0400 0.0000 0.0000 0.0000 0.0000 0.0000 0.0000 0.0000 0.0000 0.0000 0.0000 0.0000 0.0000 0.0000 0.0000 0.0000 0.0000 0.0000 0.0000 0.0000 0.0000 0.0000 0.0000 0.0000 0.0000 0.1020 0.2041 0.2809 0.2857 0.2653 0.2041 0.1020 0.0000 0.0000 0.0000 0.1600 0.3300 0.4800 0.6100 0.8033 1.1433 1.4078 1.5967 1.7256 1.7478 1.8789 2.0900 2.1500 2.0589
0.0000 0.0000 0.0000 0.0000 0.0000 0.0000 0.0000 0.0000 0.1600 0.3300 0.4800 0.6100 0.7825 1.1277 1.5793 2.0465 2.4648 2.7973 3.0668 3.2977 3.3562 3.3900 3.2758 3.0136 2.6034 2.3247 2.0473 1.7909 1.6850 1.4776 1.2587 0.9947 0.7474 0.6788 0.8538 1.1601 1.4588 1.6633 1.7738 1.8923 2.0391 2.0511 2.2356 2.3309 2.3665 2.3053 2.1227 1.8556 1.6153 1.4633 1.4029 1.3260 1.2847 1.2587 1.1458 0.9462 0.6597 0.3333 0.1489 0.1700 0.4900 0.7700 1.2500 1.7300 2.0900 2.3300 2.4500 2.4500 2.3300 2.0900 1.7300 1.3700 1.2100 1.0100 0.7700 0.6600 0.7200 0.7400 0.7200 0.6600 0.7600 0.8500 0.9200 0.9700 1.0000 1.1200 1.2800 1.4000 1.6625 2.0244 2.2950 2.4744 2.5625 2.5594 2.4650 2.2794 2.2025 2.0644 1.8550 1.5744 1.2225 0.9400 0.7425 0.8225 1.0668 1.3638 1.6937 2.2963 2.7318 3.0001 3.1012 3.0351 2.8018 2.4013 1.8337 1.2394 0.5718 0.2081 0.0100 0.0000 0.0988 0.2593 0.4107 1.0215 1.5355 1.9528 2.4955 2.9693 3.2907 3.4599 3.4767 3.4245 3.2756 2.9188 2.3542 1.6681 0.8976 0.3333 0.0156 0.0000 0.0000 0.0000 0.0000 0.2400 0.5200 0.7200 0.8400 0.8800 0.8400 0.7200 0.5200 0.2400 0.0000 0.0000 0.0000 0.0000 0.0000 0.0000 0.0000 0.0000 0.0000 0.0000 0.0000 0.0000 0.0000 0.0100 0.0000 0.0000 0.0000 0.0000 0.0000 0.0000 0.0000 0.0000 0.0000 0.1094 0.1875 0.2344 0.2500 0.2548 0.1875 0.1094 0.0000 0.0000 0.0000 0.0000 0.1900 0.3600 0.5100 0.6400 0.9722 1.3122 1.5767 1.7656 1.8789 2.0000 2.2122 2.3033 2.3633 2.2722
0.0000 0.0000 0.0000 0.0000 0.0000 0.0000 0.0000 0.0000 0.1100 0.2800 0.4300 0.5600 0.8731 1.1350 1.3456 1.7257 2.2181 2.5506 2.9815 3.3114 3.4932 3.5270 3.4128 3.1506 2.7404 2.1822 1.8345 1.7301 1.6542 1.5668 1.3479 0.9975 0.8119 0.7763 1.0656 1.4212 1.7199 1.9244 2.0349 2.2554 2.4023 2.4142 2.4006 2.4659 2.4151 2.2551 2.1095 1.9659 1.7256 1.4872 1.2879 1.0999 0.9566 0.9306 0.8177 0.6181 0.3316 0.0833 0.1200 0.2700 0.5900 0.8700 1.4700 1.9500 2.3100 2.5500 2.6700 2.6700 2.5500 2.3100 1.9500 1.4700 1.3100 1.1100 0.8700 0.6400 0.7000 0.7200 0.7000 0.6400 0.7500 0.8500 0.9100 0.9600 0.9900 1.0400 1.2000 1.3600 1.8131 2.1750 2.4456 2.6250 2.7131 2.7100 2.6156 2.4300 2.3631 2.2250 2.0156 1.7350 1.3831 0.9600 0.7000 0.4625 0.7397 0.9868 1.3166 1.9193 2.3548 2.6231 2.7242 2.6581 2.4248 2.0243 1.6060 1.1443 0.5544 0.1900 0.2000 0.1900 0.1600 0.2335 0.3197 0.8905 1.4045 1.8218 2.4478 2.9216 3.2431 3.4122 3.4290 3.2935 3.0057 2.5656 2.0380 1.4506 0.7635 0.2344 0.0000 0.0000 0.0000 0.0000 0.0000 0.3600 0.6400 0.8400 0.9600 1.0000 0.9600 0.8400 0.6400 0.3600 0.0000 0.0000 0.0000 0.0000 0.0000 0.0000 0.0000 0.0000 0.0000 0.0400 0.1100 0.1600 0.1900 0.2000 0.1900 0.1600 0.1100 0.0400 0.0000 0.0000 0.0000 0.0625 0.2031 0.3125 0.3906 0.4375 0.4531 0.4375 0.3906 0.3125 0.2031 0.0625 0.0000 0.0100 0.2000 0.3700 0.5200 0.6500 1.0656 1.4056 1.6700 1.8589 1.9722 2.2322 2.4444 2.5256 2.4756 2.3344
0.0000 0.0000 0.0000 0.0000 0.0000 0.0000 0.0000 0.0000 0.0400 0.2100 0.3600 0.6241 1.0236 1.3472 1.5949 1.8777 2.3423 2.6655 3.0817 3.3251 3.4822 3.5160 3.4018 3.1396 2.7294 2.1712 1.8145 1.6512 1.6120 1.5246 1.3057 1.0386 0.9672 1.0915 1.4178 1.6747 1.8869 2.0915 2.2020 2.4837 2.6305 2.6425 2.5195 2.4648 2.4040 2.2934 2.1231 1.9795 1.7392 1.4391 1.2398 0.9684 0.6250 0.5156 0.4028 0.2031 0.0000 0.0400 0.2100 0.3600 0.6500 0.9700 1.5700 2.0500 2.4100 2.6500 2.7300 2.7700 2.6500 2.4100 2.0500 1.5700 1.3700 1.1700 0.9300 0.6500 0.6400 0.7000 0.7500 0.7700 0.9100 1.0100 1.0700 1.0900 1.0700 1.0100 1.0800 1.4194 1.8725 2.2344 2.5050 2.6844 2.7725 2.7694 2.6750 2.5194 2.4525 2.3144 2.1050 1.8244 1.4725 1.0494 0.6800 0.4300 0.3425 0.5525 0.7724 1.3750 1.8105 2.0788 2.1799 2.1138 1.8905 1.8240 1.6571 1.2787 0.7258 0.6933 0.5922 0.4433 0.3300 0.2800 0.3088 0.7827 1.1867 1.6218 2.2478 2.7216 3.0431 3.2122 3.2290 3.0935 2.8057 2.4026 1.9707 1.4111 0.7240 0.2153 0.0000 0.0000 0.0000 0.0000 0.0400 0.4000 0.6800 0.8800 1.0000 1.0400 1.0000 0.8800 0.6800 0.4000 0.0400 0.0000 0.0000 0.0000 0.0000 0.0000 0.0000 0.0100 0.1200 0.2100 0.2800 0.3300 0.3600 0.3700 0.3600 0.3300 0.2800 0.2100 0.1200 0.0100 0.0625 0.2500 0.3750 0.4844 0.5625 0.6094 0.6250 0.6094 0.5625 0.4844 0.3750 0.2344 0.0625 0.0000 0.1900 0.3600 0.5100 0.6678 1.0833 1.4233 1.6878 1.8767 1.9900 2.3056 2.5456 2.6267 2.5767 2.3956
0.0000 0.0000 0.0000 0.0000 0.0000 0.0000 0.0000 0.0000 0.0000 0.1200 0.3688 0.7974 1.1969 1.5205 1.7682 2.1127 2.3937 2.6917 3.1078 3.3512 3.4220 3.3570 3.2428 2.9806 2.6112 2.2367 1.8519 1.8386 1.7993 1.6841 1.4930 1.2260 1.2286 1.3899 1.7006 1.9575 2.1451 2.2632 2.3324 2.5771 2.7239 2.7359 2.6499 2.5163 2.4319 2.3460 2.1387 1.8963 1.6560 1.3189 1.1196 0.8482 0.5048 0.3750 0.2344 0.0625 0.0000 0.1100 0.2800 0.4300 0.6700 0.9500 1.5500 2.0300 2.3900 2.6300 2.7500 2.7500 2.6300 2.3900 2.0300 1.5500 1.3900 1.1900 0.9500 0.6800 0.6600 0.7700 0.8200 0.8900 1.0300 1.1300 1.1900 1.2100 1.1900 1.1300 1.0400 1.3975 1.8406 2.2025 2.4731 2.6525 2.7406 2.7375 2.6431 2.5375 2.4706 2.3325 2.1231 1.8425 1.4906 1.0675 0.6200 0.4800 0.3300 0.2225 0.2278 0.6636 1.0991 1.3674 1.5153 1.5574 1.7024 1.7469 1.6634 1.5307 1.3689 1.3989 1.2978 1.0656 0.7022 0.4300 0.3600 0.6081 1.0122 1.2995 1.8955 2.3693 2.6907 2.8599 2.8767 2.7412 2.5398 2.2355 1.8036 1.2440 0.6181 0.1494 0.0000 0.0000 0.0000 0.0000 0.0000 0.3600 0.6400 0.8400 0.9600 1.0000 0.9600 0.8400 0.6400 0.3600 0.0000 0.0000 0.0000 0.0000 0.0000 0.0000 0.0300 0.1600 0.2700 0.3600 0.4300 0.4800 0.5100 0.5200 0.5100 0.4800 0.4300 0.3600 0.3794 0.3475 0.4675 0.6250 0.7500 0.8125 0.8125 0.7500 0.7656 0.7500 0.7031 0.6250 0.5156 0.3750 0.2031 0.0000 0.1600 0.3300 0.4800 0.6100 1.0256 1.3656 1.6300 1.8189 1.9600 2.3033 2.5556 2.7067 2.7067 2.5556
0.0000 0.0000 0.0000 0.0000 0.0000 0.0000 0.0000 0.0000 0.0000 0.1335 0.4193 0.8947 1.2943 1.6179 1.8656 2.2472 2.5281 2.7084 3.0225 3.2047 3.2754 3.1734 2.9970 2.8369 2.5695 2.1950 1.9133 1.9500 1.9107 1.7956 1.6044 1.3744 1.4265 1.5878 1.9141 2.1710 2.3585 2.4767 2.5254 2.7701 2.9046 2.9289 2.8430 2.6469 2.4031 2.2772 2.0699 1.7411 1.4760 1.1389 0.9273 0.6559 0.3125 0.2031 0.0625 0.0000 0.0000 0.1600 0.3300 0.4800 0.6500 0.9300 1.4304 1.8900 2.2500 2.4900 2.6100 2.6223 2.4900 2.2500 1.8900 1.5300 1.3700 1.1700 0.9600 0.8100 0.6700 0.7800 0.8300 0.9700 1.1100 1.2100 1.2700 1.2900 1.2700 1.2100 1.1100 1.4244 1.7475 2.0794 2.3500 2.5294 2.6175 2.6144 2.5200 2.4844 2.4175 2.2794 2.0700 1.7894 1.4375 1.0144 0.6400 0.5100 0.3600 0.1900 0.0000 0.1494 0.5175 0.7544 0.9123 1.1577 1.5529 1.9001 2.0753 2.1079 2.2086 2.1774 1.9743 1.6400 1.2767 0.7822 0.4900 0.5020 0.8197 1.0452 1.4009 1.8647 2.1861 2.3923 2.4708 2.4218 2.2451 1.9408 1.5488 1.1893 0.7853 0.4000 0.3600 0.2400 0.0400 0.0000 0.0000 0.2400 0.5200 0.7200 0.8400 0.8800 0.8400 0.7200 0.5200 0.2400 0.0000 0.0000 0.0000 0.0000 0.0000 0.0100 0.1600 0.2900 0.4000 0.4900 0.5600 0.6100 0.6400 0.6500 0.6400 0.6100 0.6225 0.6931 0.7125 0.7900 0.9100 0.9475 1.0625 1.1250 1.1250 1.0625 0.9375 0.8594 0.8125 0.7344 0.6250 0.4844 0.3125 0.1094 0.1100 0.2800 0.4300 0.5600 0.8922 1.2322 1.4967 1.6856 1.8089 2.2622 2.5644 2.7156 2.7156 2.5644
0.0000 0.0000 0.0000 0.0000 0.0000 0.0000 0.0000 0.0000 0.0988 0.2593 0.4407 0.9162 1.3157 1.6393 1.8993 2.2809 2.5619 2.7422 3.0094 3.1916 3.2419 3.1603 2.9469 2.6880 2.4206 2.1661 1.9644 1.9854 1.9462 1.8310 1.6399 1.4840 1.5360 1.7319 2.0581 2.3151 2.5026 2.6207 2.6695 2.8530 2.9875 3.0118 2.9258 2.7297 2.4234 2.0869 1.8796 1.5508 1.1994 0.8622 0.6629 0.3916 0.1094 0.0000 0.0000 0.0000 0.0000 0.1900 0.3600 0.6120 0.8441 1.1353 1.4357 1.9200 2.3052 2.5049 2.5599 2.5722 2.4399 2.1628 1.7411 1.4947 1.3100 1.1200 1.0300 0.8800 0.6700 0.7300 0.8300 1.0100 1.1500 1.2500 1.3100 1.3300 1.3100 1.2500 1.1756 1.4600 1.6631 1.8750 2.1356 2.3150 2.4031 2.4400 2.3400 2.3600 2.2931 2.1550 1.9456 1.6650 1.3131 1.0100 0.6656 0.5200 0.4100 0.3100 0.1700 0.1900 0.2400 0.4300 0.6556 1.1859 1.6821 2.1786 2.4631 2.7358 2.8765 2.8452 2.6421 2.2670 1.7200 1.2256 0.6833 0.5100 0.6462 0.8717 1.0885 1.4300 1.7637 1.9699 2.0485 1.9994 1.8227 1.5584 1.4065 1.0877 0.7858 0.6800 0.6400 0.5200 0.3200 0.0400 0.0000 0.0400 0.3200 0.5200 0.6400 0.6800 0.6400 0.5200 0.3200 0.0400 0.0000 0.0000 0.0000 0.0000 0.0000 0.1200 0.2700 0.4000 0.5100 0.6000 0.6700 0.7200 0.7500 0.7600 0.7500 0.7825 0.9044 0.9750 0.9944 1.1500 1.2700 1.3075 1.3125 1.3750 1.3750 1.3125 1.1875 1.0000 0.8906 0.8125 0.7031 0.5625 0.3906 0.1875 0.0400 0.2100 0.3600 0.4900 0.6833 1.0233 1.2878 1.5067 1.7500 2.1200 2.4222 2.5733 2.5733 2.4222
0.0000 0.0000 0.0000 0.0000 0.0000 0.0000 0.0000 0.0247 0.2099 0.3704 0.5062 0.8617 1.2612 1.5848 1.8325 2.2141 2.4950 2.6754 2.8644 3.0466 3.0969 3.0154 2.8019 2.4566 2.2845 2.0600 1.9083 1.9450 1.9057 1.7906 1.5994 1.5052 1.5202 1.8065 2.1328 2.3898 2.5773 2.6954 2.7442 2.8256 2.9601 2.9844 2.8985 2.7024 2.3961 2.0096 1.6929 1.2860 0.8259 0.5258 0.3265 0.1020 0.0000 0.0000 0.0000 0.0000 0.0100 0.2000 0.5537 0.8465 1.0786 1.2598 1.6190 1.9497 2.3349 2.5346 2.5487 2.3774 2.2451 1.9680 1.7863 1.5799 1.3088 1.1300 1.0400 0.9056 0.6800 0.6200 0.8300 1.0100 1.1500 1.2500 1.3100 1.3300 1.3100 1.2500 1.1500 1.4344 1.6275 1.7294 1.8700 2.2494 2.4575 2.4944 2.5200 2.4044 2.1375 1.9594 1.7500 1.5194 1.2775 0.9844 0.6500 0.6300 0.5700 0.4700 0.3300 0.3600 0.3700 0.4000 0.7237 1.3529 1.9880 2.5545 2.9290 3.2317 3.3724 3.3411 3.1380 2.7629 2.2159 1.5378 0.9122 0.6000 0.4900 0.6062 0.7397 0.9200 1.2138 1.4199 1.4985 1.4494 1.2727 1.2084 1.0565 0.9214 0.8400 0.8800 0.8400 0.7200 0.5200 0.2400 0.0000 0.0000 0.0400 0.2400 0.3600 0.4000 0.3600 0.2400 0.0400 0.0000 0.0000 0.0000 0.0000 0.0000 0.0400 0.2100 0.3600 0.4900 0.6000 0.6900 0.7600 0.8100 0.8400 0.8500 0.8400 1.0131 1.1350 1.2056 1.2250 1.4275 1.5475 1.5850 1.5500 1.5625 1.5625 1.5000 1.3750 1.1875 0.9375 0.8594 0.7500 0.6094 0.4375 0.2344 0.0000 0.1200 0.2700 0.4000 0.5100 0.7389 1.0133 1.3522 1.5956 1.8267 2.1289 2.2800 2.2800 2.1289
0.0000 0.0000 0.0000 0.0000 0.0000 0.0000 0.0000 0.1111 0.2963 0.4568 0.5926 0.8912 1.1807 1.4544 1.7020 2.0466 2.3275 2.5079 2.5876 2.7698 2.8201 2.7385 2.5750 2.3397 2.0912 1.8667 1.7919 1.8286 1.7893 1.6741 1.4830 1.4258 1.4162 1.8119 2.1381 2.3951 2.5826 2.7007 2.7495 2.7289 2.8226 2.8469 2.7609 2.5648 2.2585 1.8420 1.5253 1.1184 0.6213 0.3673 0.1837 0.0000 0.0000 0.0000 0.0000 0.0000 0.0000 0.3737 0.7273 1.0202 1.2522 1.5469 1.8231 2.1138 2.2990 2.3787 2.3929 2.2216 2.0256 1.9485 1.8068 1.6004 1.4786 1.3910 1.2244 1.0900 0.8644 0.8775 0.8994 0.9700 1.1100 1.2100 1.2700 1.2900 1.2700 1.2100 1.1100 1.3175 1.5106 1.6525 1.9431 2.2125 2.3706 2.4975 2.5331 2.4175 2.1806 1.8125 1.6331 1.4425 1.2006 0.9375 0.7700 0.7500 0.6900 0.5900 0.4800 0.5100 0.5200 0.7220 1.1143 1.7035 2.4620 3.0284 3.4030 3.5856 3.6963 3.6651 3.4620 3.0869 2.5399 1.8209 1.0933 0.6700 0.5600 0.4300 0.3820 0.4235 0.5361 0.7423 0.8209 0.7718 0.5951 0.6916 0.7233 0.8400 0.9600 1.0000 0.9600 0.8400 0.6400 0.3600 0.0000 0.0000 0.0000 0.0000 0.0000 0.0400 0.0000 0.0000 0.0000 0.0000 0.0000 0.0000 0.0000 0.0000 0.1100 0.2800 0.4300 0.5600 0.6700 0.7600 0.8300 0.8800 0.9100 0.9200 1.0194 1.1925 1.3144 1.3850 1.4600 1.7325 1.9025 1.9700 1.9350 1.8775 1.8475 1.7350 1.5400 1.3125 1.0625 0.8750 0.7656 0.6250 0.4531 0.2500 0.0156 0.0100 0.1600 0.2900 0.4000 0.4900 0.7633 1.1022 1.3456 1.4933 1.6844 1.8356 1.8356 1.7956
0.0000 0.0000 0.0000 0.0000 0.0000 0.0000 0.0000 0.1728 0.3580 0.5185 0.6543 0.8748 1.1644 1.3980 1.5756 1.8084 2.0594 2.2397 2.3194 2.3910 2.4913 2.4797 2.3563 2.1209 1.8108 1.6119 1.5995 1.6362 1.5970 1.4818 1.3030 1.2458 1.3521 1.7478 2.0741 2.3210 2.5185 2.6367 2.6854 2.6648 2.5748 2.5991 2.5132 2.3171 2.0108 1.5943 1.2676 0.8607 0.3636 0.1837 0.0000 0.0000 0.0000 0.0000 0.0000 0.0000 0.1020 0.4865 0.8402 1.1331 1.4639 1.7956 2.0418 2.2125 2.3977 2.4774 2.4516 2.3202 2.0834 1.9043 1.8251 1.7593 1.7076 1.6199 1.4163 1.1831 1.1075 1.1506 1.1425 1.0931 1.0925 1.1300 1.1900 1.2100 1.1900 1.1300 1.0300 1.1094 1.3025 1.6444 1.9350 2.1344 2.4125 2.5694 2.5950 2.4894 2.2525 1.8844 1.5050 1.3144 1.0825 0.9394 0.8500 0.8300 0.7700 0.6700 0.6100 0.6400 0.6500 1.0041 1.3686 1.9856 2.7440 3.3105 3.6850 3.8677 3.8584 3.8171 3.6140 3.2389 2.6919 1.9730 1.1433 0.7478 0.6100 0.4800 0.3300 0.1600 0.0000 0.0204 0.0156 0.0278 0.0400 0.4000 0.6800 0.8800 1.0000 1.0400 1.0000 0.8800 0.6800 0.4000 0.0400 0.0000 0.0000 0.0000 0.0000 0.0000 0.0000 0.0000 0.0000 0.0000 0.0000 0.0000 0.0000 0.0000 0.1600 0.3300 0.4800 0.6100 0.7200 0.8100 0.8800 0.9300 0.9600 0.9700 1.1475 1.3206 1.4525 1.6331 1.7425 2.0150 2.1850 2.2525 2.2175 2.1100 2.0800 1.9675 1.7725 1.4950 1.1350 0.8594 0.7500 0.6094 0.4375 0.2344 0.0156 0.0000 0.0423 0.1600 0.2700 0.4000 0.6400 0.8400 1.0000 1.1478 1.2000 1.3233 1.4622 1.5056
0.0000 0.0000 0.0000 0.0000 0.0000 0.0000 0.0000 0.2099 0.3951 0.5556 0.6914 0.8025 1.0920 1.3256 1.5033 1.6497 1.9007 2.0710 2.1607 2.1698 2.1607 2.1491 2.1350 1.9778 1.6775 1.4686 1.5656 1.5554 1.4380 1.2135 1.0224 1.0746 1.3051 1.6143 1.9406 2.1975 2.3851 2.5032 2.5520 2.5314 2.4414 2.2820 2.1553 1.9591 1.6528 1.2363 0.9196 0.5127 0.1020 0.0000 0.0000 0.0000 0.0000 0.0000 0.0000 0.0000 0.2041 0.5386 0.8922 1.2098 1.6270 1.9587 2.2049 2.3657 2.4408 2.4705 2.4447 2.3134 2.0766 1.8579 1.8881 1.8223 1.8205 1.7329 1.5793 1.3697 1.3294 1.3725 1.3644 1.3050 1.1944 1.0725 1.0700 1.0900 1.0700 1.0100 0.9100 0.8100 1.0031 1.4650 1.8056 2.0650 2.3531 2.5100 2.5356 2.4300 2.1931 1.8250 1.3256 1.1350 1.0131 0.8700 0.8900 0.8700 0.8100 0.7100 0.7200 0.7500 0.7600 1.2053 1.5698 2.0757 2.8341 3.4006 3.7751 3.9578 3.9485 3.7973 3.5941 3.2190 2.6720 1.9531 1.1456 0.7500 0.6400 0.5100 0.3600 0.1900 0.0000 0.0000 0.0000 0.0000 0.0000 0.3600 0.6400 0.8400 0.9600 1.0000 0.9600 0.8400 0.6400 0.3600 0.0000 0.0000 0.0000 0.0000 0.0000 0.0000 0.0000 0.0000 0.0000 0.0000 0.0000 0.0000 0.0000 0.0000 0.1900 0.3600 0.5100 0.6400 0.7500 0.8400 0.9100 0.9600 0.9900 1.0000 1.2244 1.4275 1.6794 1.8600 1.9694 2.1950 2.3650 2.4325 2.3975 2.2600 2.2300 2.1175 1.9225 1.6450 1.2850 0.8425 0.7309 0.6719 0.6028 0.5330 0.4228 0.4443 0.4097 0.3293 0.2928 0.4311 0.5847 0.7600 0.9200 1.0400 1.1200 1.1600 1.1600 1.1200
0.0000 0.0000 0.0000 0.0000 0.0000 0.0000 0.0123 0.2222 0.4074 0.5679 0.7037 0.8148 0.9637 1.1973 1.3750 1.4967 1.6613 1.8316 1.9213 1.9304 1.9213 1.9097 1.8956 1.7384 1.4381 1.3574 1.4245 1.4143 1.2969 1.0724 0.8813 0.9828 1.2380 1.4485 1.7378 1.9947 2.1822 2.3004 2.3491 2.3285 2.2385 2.0791 1.8504 1.5522 1.1847 0.7982 0.4815 0.1728 0.0000 0.0000 0.0000 0.0000 0.0000 0.0000 0.0000 0.0000 0.2653 0.5298 0.8835 1.2874 1.7047 2.0364 2.2826 2.4433 2.5185 2.5082 2.4124 2.2310 1.9642 1.8250 1.8551 1.8193 1.8976 1.8799 1.7663 1.5567 1.5000 1.5431 1.5350 1.4756 1.3650 1.2031 0.9900 0.9600 0.9100 0.8500 0.7500 0.6400 0.7325 1.2644 1.6450 1.8744 2.1625 2.3194 2.3450 2.2394 2.0025 1.6344 1.1350 0.9444 0.8725 0.8700 0.8900 0.8700 0.8100 0.7600 0.8100 0.8400 0.8804 1.3257 1.6902 2.0572 2.7323 3.2988 3.6733 3.8560 3.8467 3.6454 3.3923 3.0272 2.4802 1.7613 1.0926 0.7600 0.6500 0.5200 0.3700 0.2000 0.0256 0.0000 0.0000 0.0000 0.0000 0.2400 0.5200 0.7200 0.8400 0.8800 0.8400 0.7200 0.5200 0.2400 0.0000 0.0000 0.0000 0.0000 0.0000 0.0000 0.0000 0.0000 0.0000 0.0000 0.0000 0.0000 0.0000 0.0100 0.2000 0.3700 0.5200 0.6500 0.7600 0.8500 0.9200 0.9700 1.0000 1.0256 1.2600 1.5831 1.8350 2.0156 2.1250 2.2725 2.4425 2.5100 2.4750 2.3375 2.2975 2.1850 1.9900 1.7958 1.5747 1.2781 1.1715 1.2012 1.1352 0.9265 0.8111 0.8326 0.7980 0.7076 0.5611 0.5588 0.6499 0.7388 0.8000 0.9200 1.0000 1.0400 1.0400 1.0000
0.0000 0.0000 0.0000 0.0000 0.0000 0.0000 0.0000 0.2099 0.3951 0.5556 0.6914 0.8025 0.8889 1.0131 1.1908 1.3125 1.3783 1.5116 1.6013 1.6728 1.7731 1.7616 1.6381 1.4028 1.1649 1.1591 1.1762 1.2129 1.1736 1.0585 0.9044 0.9336 1.1263 1.3368 1.5026 1.7225 1.9100 2.0281 2.0769 2.0563 1.9663 1.8069 1.5781 1.2800 0.9125 0.5556 0.2963 0.1111 0.0000 0.0000 0.0000 0.0000 0.0000 0.0000 0.0000 0.0204 0.2857 0.5102 0.8139 1.2796 1.6968 2.0285 2.3025 2.4354 2.5106 2.5103 2.4045 2.2232 2.0657 1.9165 1.9362 1.9104 1.9887 1.9710 1.8574 1.6978 1.6194 1.6625 1.6544 1.5950 1.4844 1.3225 1.1094 0.9700 0.9200 0.8500 0.7600 0.6500 0.5300 0.9525 1.3331 1.5625 1.8406 1.9975 2.0231 1.9175 1.6806 1.3125 0.8131 0.7325 0.7700 0.8300 0.8500 0.8300 0.7700 0.8300 0.8800 0.9100 0.9200 1.3653 1.7298 2.0135 2.4385 3.0050 3.3796 3.5622 3.5529 3.3517 3.0385 2.6635 2.1165 1.5086 0.9233 0.7500 0.6400 0.6194 0.5475 0.4244 0.2500 0.2344 0.1875 0.1094 0.0000 0.0400 0.3200 0.5200 0.6400 0.6800 0.6400 0.5200 0.3200 0.0400 0.0000 0.0000 0.0000 0.0000 0.0000 0.0000 0.0000 0.0000 0.0000 0.0000 0.0000 0.0000 0.0000 0.0000 0.1900 0.3600 0.5100 0.6400 0.7500 0.8400 0.9100 0.9600 0.9900 1.0000 1.3444 1.6675 1.9194 2.1000 2.2094 2.2475 2.4175 2.4850 2.4500 2.3125 2.2825 2.1700 2.1139 2.0308 1.8722 1.6849 1.7174 1.6742 1.6082 1.3995 1.2824 1.1649 1.1304 1.0399 0.8935 0.8812 0.7929 0.7693 0.7635 0.7600 0.8400 0.9100 0.9600 0.9900
0.0000 0.0000 0.0000 0.0000 0.0000 0.0000 0.0000 0.1728 0.3580 0.5185 0.6543 0.7654 0.8519 0.9136 0.9506 1.0723 1.1381 1.1480 1.2006 1.4128 1.5131 1.5015 1.3781 1.2834 1.1451 1.1236 1.0863 1.1230 1.0838 1.0056 0.9750 0.9178 0.9699 1.1804 1.3462 1.4673 1.5684 1.6865 1.7353 1.7147 1.6247 1.4653 1.2365 0.9384 0.5709 0.3704 0.2099 0.0247 0.0000 0.0000 0.0000 0.0000 0.0000 0.0000 0.0000 0.0000 0.2653 0.4898 0.6835 1.2695 1.8257 2.2807 2.6247 2.8076 2.8295 2.6903 2.5011 2.2898 2.1605 1.9412 1.9414 1.9056 1.9839 1.9662 1.8526 1.8030 1.6875 1.7306 1.7225 1.6631 1.5525 1.3906 1.1775 0.9600 0.9100 0.8400 0.7500 0.6400 0.5100 0.6300 0.8700 1.0994 1.3875 1.5444 1.5700 1.4644 1.2275 0.8594 0.4800 0.5900 0.6900 0.7500 0.7700 0.7500 0.8100 0.8800 0.9300 0.9600 0.9700 1.3241 1.6886 1.9722 2.1751 2.5194 2.8939 3.0766 3.0673 2.8660 2.5029 2.1278 1.6919 1.2230 0.8100 0.7825 0.8131 0.7925 0.7206 0.5975 0.4531 0.4375 0.3906 0.3125 0.2031 0.0625 0.0400 0.2400 0.3600 0.4000 0.3600 0.2400 0.0400 0.0000 0.0000 0.0000 0.0000 0.0000 0.0000 0.0000 0.0000 0.0000 0.0000 0.0000 0.0000 0.0000 0.0000 0.0000 0.1600 0.3300 0.4800 0.6100 0.7200 0.8100 0.8800 0.9300 0.9600 1.0100 1.3575 1.6806 1.9325 2.1131 2.2225 2.2606 2.2900 2.3575 2.3225 2.2150 2.1850 2.1558 2.2108 2.1278 2.1098 2.0681 2.1377 2.0444 1.9385 1.8704 1.7533 1.5247 1.4068 1.3164 1.1799 1.1676 1.0793 0.9151 0.9093 0.8588 0.8500 0.9200 0.9700 1.0000
0.0000 0.0000 0.0000 0.0000 0.0000 0.0000 0.0000 0.1111 0.2963 0.4568 0.5926 0.7037 0.7901 0.8519 0.8889 0.9012 0.8889 0.8519 0.9151 1.0409 1.1881 1.2546 1.2405 1.1458 1.0693 1.0478 0.9705 0.9572 1.0044 1.0250 0.9944 0.9125 0.8781 0.9793 1.1451 1.2662 1.3426 1.3743 1.3614 1.3037 1.2260 1.0543 0.8626 0.6262 0.3951 0.2593 0.0988 0.0000 0.0000 0.0000 0.0000 0.0000 0.0000 0.0000 0.0000 0.0000 0.2041 0.4286 0.7635 1.3507 2.0168 2.5218 2.8658 3.0487 3.0706 2.9314 2.6311 2.2686 2.1985 2.0405 1.9906 1.8448 1.8831 1.8654 1.8718 1.8322 1.7167 1.7475 1.7394 1.6800 1.5694 1.4075 1.1944 0.9300 0.8800 0.8100 0.7200 0.6100 0.4800 0.3700 0.4900 0.6400 0.8500 0.9600 0.9856 0.8800 0.6900 0.4000 0.3300 0.4700 0.5700 0.6300 0.6500 0.7500 0.8400 0.9100 0.9600 0.9900 1.0000 1.2020 1.5665 1.8502 2.0531 2.1751 2.2997 2.3990 2.3897 2.1884 1.8786 1.6424 1.3055 0.9320 0.8225 0.9044 0.9350 0.9144 0.8425 0.7194 0.6250 0.6094 0.5625 0.4844 0.3750 0.2344 0.0625 0.0000 0.0000 0.0400 0.0000 0.0000 0.0000 0.0000 0.0000 0.0000 0.0000 0.0000 0.0000 0.0000 0.0000 0.0000 0.0000 0.0000 0.0000 0.0000 0.0000 0.0000 0.1100 0.2800 0.4300 0.5600 0.6700 0.7600 0.8300 0.8800 0.9100 1.0300 1.2994 1.6225 1.8744 2.0550 2.1644 2.2025 2.1694 2.1275 2.0925 2.0350 2.0050 2.1147 2.1697 2.1960 2.2027 2.3256 2.3952 2.3019 2.2353 2.2297 2.1127 1.8841 1.6273 1.5368 1.3904 1.3781 1.2898 1.1255 1.0104 0.9599 0.8647 0.9100 0.9600 0.9900
0.0000 0.0000 0.0000 0.0000 0.0000 0.0000 0.0000 0.0247 0.2099 0.3704 0.5062 0.6173 0.7037 0.7654 0.8025 0.8148 0.8025 0.7654 0.8912 1.0079 1.0687 1.0735 1.0224 0.9277 0.9375 0.9531 0.9375 0.9006 0.9725 0.9931 0.9625 0.8806 0.7475 0.7335 0.8993 1.0204 1.1215 1.2396 1.2884 1.2678 1.1778 1.0184 0.7896 0.4915 0.2840 0.1235 0.0000 0.0000 0.0000 0.0000 0.0000 0.0000 0.0000 0.0000 0.0000 0.0000 0.1020 0.4099 0.8735 1.5507 2.0968 2.6019 2.9459 3.1288 3.1507 3.0115 2.7112 2.2655 2.0997 2.0437 1.9939 1.8481 1.7164 1.7887 1.8251 1.7855 1.6700 1.7131 1.7050 1.6456 1.5350 1.3731 1.1600 0.9160 0.8300 0.7600 0.6700 0.5600 0.4300 0.2800 0.1500 0.2400 0.4000 0.5100 0.5200 0.4300 0.2400 0.1900 0.1700 0.3100 0.4100 0.5200 0.6500 0.7600 0.8500 0.9200 0.9700 1.0000 1.0100 1.0400 1.3637 1.6473 1.8502 1.9722 2.0135 1.9739 1.8535 1.7894 1.5577 1.4417 1.2437 0.9944 1.0806 1.0844 1.0056 0.9850 0.9131 0.7900 0.7656 0.7500 0.7031 0.6250 0.5156 0.3750 0.2031 0.0000 0.0000 0.0000 0.0000 0.0000 0.0000 0.0000 0.0000 0.0000 0.0000 0.0000 0.0000 0.0000 0.0000 0.0000 0.0000 0.0000 0.0000 0.0000 0.0000 0.0000 0.0400 0.2100 0.3600 0.4900 0.6000 0.6900 0.7600 0.8100 0.8400 1.0100 1.1700 1.4931 1.7450 1.9256 2.0350 2.0731 2.0400 1.9356 1.7600 1.7725 1.7425 1.9356 1.9906 2.1350 2.1881 2.4204 2.4899 2.5373 2.4832 2.4776 2.3605 2.1319 1.7919 1.7014 1.5550 1.5126 1.4243 1.2601 1.0668 1.0163 0.9211 0.8800 0.9300 0.9600
0.0000 0.0000 0.0000 0.0000 0.0000 0.0000 0.0000 0.0000 0.0988 0.2593 0.3951 0.5062 0.5926 0.6543 0.6914 0.7037 0.6914 0.6543 0.8270 0.9437 1.0044 1.0093 0.9581 0.9375 0.9844 1.0000 0.9844 0.9375 0.8894 0.9100 0.8794 0.7975 0.6644 0.4800 0.6088 0.8286 1.0162 1.1343 1.1831 1.1625 1.0725 0.9131 0.6843 0.5062 0.3086 0.0988 0.0000 0.0000 0.0000 0.0000 0.0000 0.0000 0.0000 0.0000 0.0000 0.0000 0.0000 0.4159 0.9996 1.6397 2.1758 2.5709 2.8649 3.0478 3.0697 2.9305 2.6302 2.1689 1.9050 1.9511 1.9012 1.8054 1.7137 1.6760 1.7024 1.6628 1.5844 1.6275 1.6194 1.5600 1.5514 1.4916 1.3397 1.0957 1.0253 0.8941 0.7020 0.4900 0.3600 0.2100 0.0400 0.0000 0.0000 0.0400 0.0000 0.0204 0.0100 0.0000 0.0000 0.1900 0.3600 0.5100 0.6400 0.7500 0.8400 0.9100 0.9600 0.9900 1.0000 0.9900 1.0800 1.3637 1.5665 1.6886 1.7298 1.7527 1.7729 1.6811 1.4772 1.3712 1.1731 1.2169 1.3031 1.3069 1.2281 1.0669 0.9325 0.8594 0.8750 0.8594 0.8125 0.7344 0.6250 0.4844 0.3125 0.1094 0.0000 0.0000 0.0000 0.0000 0.0000 0.0000 0.0000 0.0000 0.0000 0.0000 0.0000 0.0000 0.0000 0.0000 0.0000 0.0000 0.0000 0.0000 0.0000 0.0000 0.0000 0.1200 0.2700 0.4000 0.5100 0.6000 0.6700 0.7200 0.7500 0.9500 1.1100 1.2925 1.5444 1.7250 1.8344 1.8725 1.8394 1.7350 1.6094 1.5525 1.5122 1.8583 2.0333 2.2647 2.5270 2.7174 2.6963 2.7037 2.6196 2.6140 2.4969 2.2683 1.9282 1.8100 1.6636 1.5712 1.4829 1.3187 1.0785 1.0280 0.9328 0.8300 0.8800 0.9100
0.0000 0.0000 0.0000 0.0000 0.0000 0.0000 0.0000 0.0000 0.0000 0.1235 0.2593 0.3704 0.4568 0.5185 0.5556 0.5679 0.5556 0.5341 0.7068 0.8235 0.8843 0.8891 0.8750 0.9531 1.0000 1.0000 1.0000 0.9531 0.8750 0.7756 0.7450 0.6631 0.5300 0.3456 0.4835 0.6540 0.8415 0.9596 1.0084 0.9878 0.8978 0.7384 0.6296 0.4815 0.3704 0.2593 0.1235 0.0000 0.0000 0.0000 0.0000 0.0000 0.0000 0.0000 0.0000 0.0000 0.0000 0.4256 1.0092 1.5876 2.1238 2.5188 2.7728 2.8857 2.8676 2.6884 2.3881 1.9268 1.7464 1.8425 1.8626 1.8068 1.6751 1.5874 1.5038 1.4642 1.4475 1.4906 1.4825 1.6068 1.6390 1.5792 1.4273 1.2302 1.1598 1.0286 0.8365 0.5837 0.2700 0.1200 0.0000 0.0000 0.1020 0.2041 0.2653 0.2857 0.2653 0.2041 0.1020 0.1600 0.3300 0.4800 0.6100 0.7200 0.8100 0.8800 0.9300 0.9600 0.9700 0.9600 0.9400 1.0400 1.2020 1.3241 1.4278 1.5601 1.5803 1.4885 1.3145 1.2494 1.2350 1.3569 1.4431 1.4469 1.3681 1.2069 0.9631 0.9375 0.9531 0.9375 0.8906 0.8125 0.7031 0.5625 0.3906 0.1875 0.0000 0.0000 0.0000 0.0000 0.0000 0.0000 0.0000 0.0000 0.0000 0.0000 0.0000 0.0000 0.0000 0.0000 0.0000 0.0000 0.0000 0.0000 0.0000 0.0000 0.0000 0.0100 0.1600 0.2900 0.4000 0.4900 0.5600 0.6100 0.6500 0.8500 1.0100 1.1300 1.2725 1.4531 1.5625 1.6006 1.5675 1.4631 1.4475 1.4306 1.6425 2.1887 2.4837 2.8400 3.2019 3.2723 3.0512 2.7786 2.6545 2.6593 2.5218 2.2932 1.9531 1.8627 1.7162 1.5539 1.4656 1.3014 1.0612 0.9951 0.8999 0.7600 0.8100 0.8400
0.0000 0.0000 0.0000 0.0000 0.0000 0.0000 0.0000 0.0000 0.0000 0.0000 0.0988 0.2099 0.2963 0.3580 0.3951 0.4074 0.3951 0.3580 0.5307 0.6474 0.7081 0.7500 0.8594 0.9375 0.9844 1.0000 0.9844 0.9375 0.8594 0.7500 0.6094 0.4775 0.3444 0.2588 0.4493 0.5951 0.6962 0.7526 0.7643 0.7437 0.7037 0.6914 0.6543 0.5926 0.5062 0.3951 0.2593 0.0988 0.0000 0.0000 0.0000 0.0000 0.0000 0.0000 0.0000 0.0000 0.0678 0.5433 0.9433 1.3945 1.9706 2.4357 2.7397 2.8826 2.8645 2.6853 2.3858 2.0681 1.7396 1.7679 1.7881 1.7323 1.6005 1.4029 1.2693 1.1897 1.2717 1.3025 1.4880 1.6023 1.6469 1.5747 1.4228 1.3039 1.2335 1.1022 0.9102 0.6573 0.3437 0.0100 0.0000 0.1837 0.3265 0.4286 0.4898 0.5102 0.4898 0.4286 0.3265 0.2937 0.2800 0.4300 0.5600 0.6700 0.7600 0.8300 0.8800 0.9100 0.9200 0.9100 0.8800 0.8600 0.9200 0.9400 1.1231 1.2554 1.2756 1.2450 1.2231 1.2600 1.2456 1.4144 1.5006 1.5044 1.4256 1.2644 1.1406 0.9844 1.0000 0.9844 0.9375 0.8594 0.7500 0.6094 0.4375 0.2344 0.0000 0.0000 0.0000 0.0000 0.0000 0.0000 0.0000 0.0000 0.0000 0.0000 0.0000 0.0000 0.0000 0.0000 0.0000 0.0000 0.0000 0.0000 0.0000 0.0000 0.0000 0.0000 0.0300 0.1600 0.2700 0.3600 0.4400 0.4800 0.5100 0.7100 0.8700 0.9900 1.0700 1.1100 1.2194 1.2575 1.2244 1.2400 1.2344 1.4575 1.9094 2.3722 2.7922 3.2234 3.5853 3.6557 3.5366 3.1260 2.8232 2.8380 2.7005 2.4107 2.0519 1.8594 1.7130 1.5106 1.3723 1.2081 0.9679 0.9174 0.8222 0.6823 0.7200 0.7500
0.0000 0.0000 0.0000 0.0000 0.0000 0.0000 0.0000 0.0000 0.0000 0.0000 0.0000 0.0247 0.1111 0.1728 0.2099 0.2222 0.2099 0.1728 0.2986 0.4153 0.5625 0.7031 0.8125 0.8906 0.9375 0.9531 0.9375 0.8906 0.8125 0.7031 0.5625 0.3906 0.2122 0.2099 0.3704 0.5162 0.6173 0.7037 0.7654 0.8025 0.8148 0.8025 0.7654 0.7037 0.6173 0.5062 0.3704 0.2099 0.0247 0.0000 0.0000 0.0000 0.0000 0.0000 0.0000 0.0000 0.1100 0.5856 0.9956 1.4300 1.8677 2.2715 2.5755 2.7184 2.7615 2.6843 2.4869 2.1693 1.7314 1.7374 1.6476 1.5818 1.4748 1.3535 1.2016 1.2455 1.4269 1.6762 1.9272 2.0168 1.9450 1.7981 1.5392 1.4278 1.2710 1.1151 0.9231 0.6702 0.3565 0.1020 0.1837 0.3673 0.5102 0.6122 0.6735 0.6939 0.6735 0.6122 0.5102 0.4073 0.3937 0.3600 0.4900 0.6000 0.6900 0.7600 0.8100 0.8400 0.8500 0.8400 0.8100 0.7600 0.7000 0.8294 1.0125 1.1244 1.1650 1.1344 1.1825 1.2194 1.2206 1.3894 1.4756 1.4794 1.4006 1.3594 1.2656 1.1094 1.0156 1.0000 0.9531 0.8750 0.7656 0.6250 0.4531 0.2500 0.0156 0.0000 0.0000 0.0000 0.0000 0.0000 0.0000 0.0000 0.0000 0.0000 0.0000 0.0000 0.0000 0.0000 0.0000 0.0000 0.0000 0.0000 0.0000 0.0000 0.0000 0.0000 0.0400 0.1200 0.2800 0.4000 0.4800 0.5200 0.5200 0.6400 0.7300 0.8100 0.8900 0.9300 0.9300 0.8900 0.9300 0.9756 0.9700 1.5600 2.0900 2.5233 2.9433 3.3153 3.6772 3.9312 3.8530 3.4424 2.8496 2.8644 2.7269 2.4371 2.2172 1.9838 1.6537 1.4514 1.2031 1.0389 0.8456 0.7951 0.6999 0.5600 0.6100 0.6400
0.0000 0.0000 0.0000 0.0000 0.0000 0.0000 0.0000 0.0000 0.0000 0.0000 0.0000 0.0000 0.0000 0.0000 0.0000 0.0123 0.0000 0.0000 0.1094 0.3125 0.4844 0.6250 0.7344 0.8125 0.8594 0.8750 0.8594 0.8125 0.7344 0.6250 0.4844 0.3125 0.2205 0.2963 0.4568 0.5926 0.7037 0.7901 0.8519 0.8889 0.9012 0.8889 0.8519 0.7901 0.7037 0.5926 0.4568 0.2963 0.1111 0.0000 0.0000 0.0000 0.0000 0.0000 0.0000 0.0000 0.1600 0.5822 1.1122 1.5467 1.8856 2.2523 2.5359 2.6993 2.7423 2.6652 2.4678 2.1501 1.7956 1.7010 1.5712 1.4841 1.4435 1.4323 1.3374 1.4088 1.6767 2.0279 2.2790 2.3686 2.2968 2.0635 1.8464 1.6851 1.4182 1.1659 0.8751 0.6222 0.4286 0.3061 0.3265 0.5102 0.6531 0.7551 0.8163 0.8367 0.8163 0.7551 0.6531 0.5102 0.4465 0.3720 0.4000 0.5100 0.6000 0.6700 0.7200 0.7500 0.7600 0.7500 0.7200 0.6700 0.6000 0.6975 0.8306 0.9425 0.9831 1.0025 1.0906 1.1275 1.1131 1.2819 1.3681 1.4219 1.4531 1.4219 1.3281 1.1719 1.0000 0.9844 0.9375 0.8594 0.7500 0.6094 0.4375 0.2344 0.0000 0.0000 0.0000 0.0000 0.0000 0.0000 0.0000 0.0000 0.0000 0.0000 0.0000 0.0000 0.0000 0.0000 0.0000 0.0000 0.0000 0.0000 0.0000 0.0000 0.0100 0.1200 0.2100 0.2800 0.3300 0.4000 0.4800 0.5200 0.5200 0.5900 0.6800 0.7100 0.6800 0.7100 0.7600 0.8300 0.8800 0.9100 1.0000 1.6700 2.2000 2.5500 2.8589 3.1527 3.6612 3.9153 3.8371 3.4265 2.7636 2.7384 2.6009 2.4222 2.2857 2.0523 1.7223 1.3362 1.0779 0.7937 0.6785 0.6280 0.5328 0.4300 0.4956 0.5100
0.0000 0.0000 0.0000 0.0000 0.0000 0.0000 0.0000 0.0000 0.0000 0.0000 0.0000 0.0000 0.0000 0.0000 0.0000 0.0000 0.0000 0.0000 0.0000 0.2031 0.3750 0.5156 0.6250 0.7031 0.7500 0.7656 0.7500 0.7031 0.6250 0.5156 0.3750 0.2031 0.1728 0.3580 0.5185 0.6543 0.7654 0.8519 0.9136 0.9906 0.9630 0.9506 0.9136 0.8519 0.7654 0.6543 0.5185 0.3580 0.1728 0.0400 0.0000 0.0000 0.0000 0.0000 0.0000 0.0000 0.2000 0.6033 1.1333 1.5678 1.9067 2.1500 2.3965 2.5599 2.6030 2.5258 2.3684 2.2507 2.1551 1.9980 1.8823 1.7423 1.5016 1.4774 1.6295 1.6979 1.8558 2.2183 2.4693 2.5589 2.4871 2.3632 2.1716 1.8868 1.6200 1.2476 0.9398 0.6735 0.4898 0.4694 0.4286 0.6122 0.7551 0.8571 0.9184 0.9388 0.9184 0.8571 0.7551 0.6122 0.4386 0.3641 0.2900 0.4000 0.4900 0.5600 0.6100 0.6400 0.6500 0.6400 0.6100 0.5600 0.4900 0.6344 0.7275 0.7694 0.7600 0.8594 0.9475 0.9844 1.0000 1.1719 1.3281 1.4219 1.4531 1.4219 1.3281 1.1719 0.9531 0.9375 0.8906 0.8125 0.7031 0.5625 0.3906 0.1875 0.0000 0.0000 0.0000 0.0000 0.0000 0.0000 0.0000 0.0000 0.0000 0.0000 0.0000 0.0000 0.0000 0.0000 0.0000 0.0000 0.0000 0.0000 0.0000 0.0300 0.1600 0.2700 0.3600 0.4300 0.4800 0.5100 0.5200 0.5100 0.4800 0.4800 0.5700 0.6300 0.6500 0.6300 0.6900 0.8000 1.0500 1.2000 1.2900 1.9600 2.3700 2.5200 2.6500 2.8254 3.3130 3.5671 3.4888 3.0783 2.4854 2.4602 2.4338 2.3940 2.2574 2.0241 1.6940 1.2672 0.9068 0.5926 0.4668 0.5257 0.5086 0.5144 0.5800 0.5944
0.0000 0.0000 0.0000 0.0000 0.0000 0.0000 0.0000 0.0000 0.0000 0.0000 0.0000 0.0000 0.0000 0.0000 0.0000 0.0000 0.0000 0.0000 0.0000 0.0625 0.2344 0.3750 0.4844 0.5625 0.6094 0.6250 0.6094 0.5625 0.4844 0.3750 0.2344 0.0625 0.2099 0.3951 0.5556 0.6914 0.8425 1.1289 1.3106 1.3877 1.3600 1.2277 0.9906 0.8889 0.8025 0.6914 0.5956 0.6351 0.5699 0.4000 0.3600 0.2400 0.0400 0.0000 0.0000 0.0100 0.3200 0.6400 1.0589 1.4933 1.8322 2.0756 2.2233 2.3002 2.3433 2.3062 2.3888 2.3822 2.3699 2.3116 2.1804 2.0198 1.8655 1.6889 1.8380 1.9064 2.0747 2.3972 2.5782 2.6178 2.6566 2.5952 2.4036 2.1118 1.7962 1.4938 1.1060 0.7926 0.5102 0.5510 0.5102 0.6735 0.8163 0.9184 0.9796 1.0000 0.9796 0.9184 0.8163 0.6735 0.4898 0.2953 0.1600 0.2700 0.3600 0.4300 0.4800 0.5100 0.5200 0.5100 0.4800 0.4300 0.3756 0.5200 0.6131 0.6550 0.7656 0.8750 0.9531 1.0000 1.0156 1.1094 1.2656 1.3594 1.3906 1.3594 1.2656 1.1094 0.8906 0.8594 0.8125 0.7344 0.6250 0.4844 0.3125 0.1094 0.0000 0.0000 0.0000 0.0000 0.0000 0.0000 0.0000 0.0000 0.0000 0.0000 0.0000 0.0000 0.0000 0.0000 0.0000 0.0000 0.0000 0.0000 0.0100 0.1600 0.2900 0.4000 0.4900 0.5600 0.6100 0.6400 0.6500 0.6400 0.6100 0.5600 0.6100 0.6700 0.6900 0.6700 0.6500 0.9900 1.2400 1.3900 1.4400 1.9900 2.4000 2.5500 2.4400 2.5941 2.7158 2.8865 2.8083 2.4477 2.0982 2.2519 2.3088 2.2690 2.1324 1.8991 1.5690 1.1422 0.6798 0.5687 0.5735 0.5224 0.4553 0.5475 0.6131 0.6275
0.0000 0.0000 0.0000 0.0000 0.0000 0.0000 0.0000 0.0000 0.0000 0.0000 0.0000 0.0000 0.0000 0.0000 0.0000 0.0000 0.0000 0.0000 0.0000 0.0000 0.0625 0.2031 0.3125 0.3906 0.4375 0.4531 0.4375 0.3906 0.3125 0.2031 0.0625 0.0123 0.2222 0.4074 0.5679 0.7437 1.1348 1.4212 1.6030 1.6800 1.6523 1.5200 1.2830 0.9412 0.8148 0.7593 0.8879 0.9274 0.8622 0.6923 0.6400 0.5200 0.3200 0.0400 0.0000 0.0400 0.4000 0.7200 1.0400 1.3233 1.6622 1.9056 2.0533 2.1056 2.0622 2.1633 2.3200 2.4523 2.4647 2.5299 2.5704 2.4962 2.2820 2.0636 1.9258 1.9943 2.1521 2.5215 2.7807 2.9296 2.9684 2.8970 2.7154 2.4236 2.0216 1.6945 1.3067 0.8833 0.5349 0.5510 0.5102 0.6939 0.8367 0.9488 1.0000 1.0204 1.0000 0.9388 0.8367 0.6939 0.5102 0.2857 0.0304 0.1200 0.2100 0.2800 0.3300 0.3600 0.3700 0.3600 0.3300 0.2800 0.2100 0.3544 0.4475 0.6094 0.7500 0.8594 0.9375 0.9844 1.0000 0.9844 1.1406 1.2344 1.2656 1.2344 1.1406 0.9844 0.7656 0.7500 0.7031 0.6250 0.5156 0.3750 0.2031 0.0000 0.0000 0.0000 0.0000 0.0000 0.0000 0.0000 0.0000 0.0000 0.0000 0.0000 0.0000 0.0000 0.0000 0.0000 0.0000 0.0000 0.0000 0.0000 0.1200 0.2700 0.4000 0.5100 0.6000 0.6700 0.7200 0.7500 0.7600 0.7500 0.7200 0.6700 0.6100 0.6700 0.6900 0.6700 0.8500 1.0800 1.3300 1.4800 1.5300 1.7600 2.1700 2.3200 2.2100 2.2253 2.2598 2.2347 2.1287 1.9059 1.8968 2.0301 2.0870 2.0472 1.9107 1.6773 1.3472 0.9204 0.5687 0.6294 0.6343 0.5831 0.5625 0.6094 0.6250 0.6094
0.0000 0.0000 0.0000 0.0000 0.0000 0.0000 0.0000 0.0000 0.0000 0.0000 0.0000 0.0000 0.0000 0.0000 0.0000 0.0000 0.0000 0.0000 0.0000 0.0000 0.0000 0.0000 0.1094 0.1875 0.2344 0.2500 0.2344 0.1875 0.1094 0.0000 0.0000 0.0000 0.2099 0.3951 0.5556 0.9314 1.3225 1.6089 1.7906 1.8677 1.8400 1.7077 1.5800 1.3164 1.0368 1.1814 1.3099 1.3026 1.1593 0.8800 0.8400 0.7200 0.5200 0.2400 0.0000 0.1500 0.6800 1.1200 1.4400 1.6400 1.7200 1.6800 1.7878 1.8400 1.8800 2.2400 2.4800 2.6000 2.7111 2.8163 2.9068 2.8326 2.7048 2.4864 2.1586 2.2415 2.4149 2.7231 2.9823 3.1313 3.1700 3.0986 2.9170 2.6252 2.2232 1.8097 1.4219 0.9485 0.5397 0.5094 0.5998 0.8335 1.0063 1.1184 1.1696 1.1600 1.0896 0.9584 0.8163 0.6735 0.4898 0.2653 0.0000 0.0000 0.0400 0.1100 0.1600 0.1900 0.2000 0.1900 0.1600 0.1100 0.0400 0.1875 0.3906 0.5625 0.7031 0.8125 0.8906 0.9375 0.9531 0.9375 0.9531 1.0625 1.0781 1.0469 0.9531 0.7969 0.6250 0.6094 0.5625 0.4844 0.3750 0.2344 0.0625 0.0000 0.0000 0.0000 0.0000 0.0000 0.0000 0.0000 0.0000 0.0000 0.0000 0.0000 0.0000 0.0000 0.0000 0.0000 0.0000 0.0000 0.0000 0.0400 0.2100 0.3600 0.4900 0.6000 0.6900 0.7600 0.8100 0.8400 0.8500 0.8400 0.8100 0.7600 0.6900 0.6300 0.6500 0.6300 0.9300 1.1100 1.3200 1.4700 1.5200 1.5100 1.6800 1.8300 1.7404 1.6357 1.6702 1.5859 1.5243 1.6127 1.8436 1.9769 1.9726 1.8307 1.5921 1.3588 1.0287 0.7425 0.5939 0.6343 0.6391 0.6250 0.7031 0.7500 0.7656 0.7500
0.0000 0.0000 0.0000 0.0000 0.0000 0.0000 0.0000 0.0000 0.0000 0.0000 0.0000 0.0000 0.0000 0.0000 0.0000 0.0000 0.0000 0.0000 0.0000 0.0000 0.0000 0.0000 0.0000 0.0000 0.0000 0.0156 0.0000 0.0000 0.0000 0.0000 0.0000 0.0000 0.1728 0.3580 0.5185 1.0143 1.4054 1.6919 1.8736 1.9506 1.9855 1.9937 1.8661 1.6025 1.2029 1.4674 1.5960 1.5886 1.4453 1.2031 1.0225 0.8400 0.6400 0.3600 0.0400 0.4800 0.9600 1.4000 1.7200 1.9200 2.0000 1.9878 1.8000 1.8400 1.9200 2.2800 2.5200 2.6400 2.8128 2.9880 3.0785 3.0043 2.9383 2.7199 2.3421 2.4349 2.6084 2.8145 3.0737 3.2227 3.2615 3.1900 3.0084 2.7166 2.3146 1.8394 1.4516 0.9882 0.6194 0.5161 0.7086 0.9579 1.1151 1.2271 1.2784 1.2688 1.1984 1.0671 0.8751 0.6222 0.4286 0.2041 0.0000 0.0400 0.0000 0.0000 0.0000 0.0000 0.0100 0.0000 0.0000 0.0000 0.0000 0.1094 0.3125 0.4844 0.6250 0.7344 0.8125 0.8594 0.9844 1.0469 1.0469 1.0469 1.0625 0.9844 0.8125 0.5469 0.4531 0.4375 0.3906 0.3125 0.2031 0.0625 0.0000 0.0000 0.0000 0.0000 0.0000 0.0000 0.0000 0.0000 0.0000 0.0000 0.0000 0.0000 0.0000 0.0000 0.0000 0.0000 0.0000 0.0000 0.0000 0.1100 0.2800 0.4300 0.5600 0.6700 0.7600 0.8300 0.8800 0.9100 0.9200 0.9100 0.8800 0.8300 0.7600 0.6700 0.5700 0.5900 0.8900 1.0700 1.2100 1.3600 1.4100 1.3600 1.2500 1.2000 0.9700 0.8653 1.0435 1.2400 1.2849 1.5069 1.6997 1.7861 1.7818 1.6400 1.4074 1.0685 0.8478 0.6710 0.5224 0.5831 0.6250 0.7344 0.8125 0.8594 0.8750 0.8594
0.0000 0.0000 0.0000 0.0000 0.0000 0.0000 0.0000 0.0000 0.0000 0.0000 0.0000 0.0000 0.0000 0.0000 0.0000 0.0000 0.0000 0.0000 0.0000 0.0000 0.0000 0.0000 0.0000 0.0000 0.0000 0.0000 0.0000 0.0000 0.0000 0.0000 0.0000 0.0000 0.1511 0.2963 0.4968 0.9926 1.3837 1.6701 1.8519 1.9914 2.1356 2.1439 2.0162 1.7526 1.3931 1.6176 1.7462 1.7388 1.5955 1.4150 1.2344 0.9425 0.6800 0.4000 0.2800 0.7100 1.1200 1.5600 1.9633 2.3022 2.4656 2.4533 2.2656 2.0222 1.9233 2.2000 2.4400 2.5600 2.7699 2.9951 3.0856 3.0114 2.9823 2.7640 2.3562 2.5590 2.7325 2.8365 3.0549 3.2039 3.2427 3.1713 2.9896 2.6978 2.2958 1.7836 1.4258 1.0824 0.7729 0.6495 0.9909 1.2402 1.3974 1.4626 1.4357 1.3167 1.2463 1.1151 0.9231 0.6702 0.3965 0.3420 0.3600 0.4000 0.3600 0.2400 0.0400 0.0000 0.0000 0.0000 0.0000 0.0000 0.0000 0.0000 0.2031 0.3750 0.5156 0.6250 0.7656 0.9531 1.0781 1.1406 1.1406 1.0781 0.9531 0.8750 0.7031 0.4375 0.3125 0.2344 0.1875 0.1094 0.0000 0.0000 0.0000 0.0000 0.0000 0.0000 0.0000 0.0000 0.0000 0.0000 0.0000 0.0000 0.0000 0.0000 0.0000 0.0000 0.0000 0.0000 0.0000 0.0000 0.0000 0.1600 0.3300 0.4800 0.6100 0.7200 0.8100 0.8800 0.9300 0.9600 0.9700 0.9600 0.9300 0.8800 0.8100 0.7200 0.6100 0.4800 0.7300 0.9100 1.0000 1.1500 1.2000 1.1500 1.0000 0.7500 0.4000 0.4278 0.7959 1.1224 1.3673 1.5306 1.6369 1.7234 1.7035 1.5772 1.3447 1.0058 0.6014 0.5027 0.4153 0.5625 0.7031 0.8125 0.8906 0.9375 0.9531 0.9375
0.0000 0.0000 0.0000 0.0000 0.0000 0.0000 0.0000 0.0000 0.0123 0.0000 0.0000 0.0000 0.0000 0.0000 0.0000 0.0000 0.0000 0.0000 0.0000 0.0000 0.0000 0.0000 0.0000 0.0000 0.0000 0.0000 0.0000 0.0000 0.0000 0.0400 0.2400 0.3600 0.4247 0.5699 0.6104 0.9062 1.2573 1.5437 1.7254 2.0056 2.1498 2.1581 2.0304 1.7668 1.3673 1.6318 1.7604 1.7530 1.6097 1.5156 1.3350 1.0431 0.6400 0.3600 0.3700 0.8400 1.2100 1.7389 2.2533 2.5922 2.7556 2.7433 2.5556 2.1922 2.0833 2.1389 2.2400 2.3723 2.5822 2.8374 2.9279 2.8660 2.8370 2.6186 2.3809 2.6137 2.7872 2.8912 2.9259 3.0749 3.1137 3.0423 2.8607 2.5688 2.1668 1.6646 1.4769 1.2742 0.9347 0.8930 1.1812 1.4305 1.5877 1.6529 1.6260 1.5070 1.2960 1.1022 0.9102 0.6973 0.6637 0.5300 0.6400 0.6800 0.6400 0.5200 0.3200 0.0400 0.0000 0.0000 0.0000 0.0000 0.0000 0.0000 0.0625 0.2344 0.3750 0.5469 0.7969 0.9844 1.1094 1.1719 1.1719 1.1094 0.9844 0.7969 0.5469 0.3750 0.2500 0.0625 0.0000 0.0000 0.0000 0.0000 0.0000 0.0000 0.0000 0.0000 0.0000 0.0000 0.0000 0.0000 0.0000 0.0000 0.0000 0.0000 0.0000 0.0000 0.0000 0.0000 0.0000 0.0000 0.0000 0.1900 0.3600 0.5100 0.6400 0.7500 0.8400 0.9100 0.9600 0.9900 1.0000 0.9900 0.9600 0.9100 0.8400 0.7500 0.6400 0.5100 0.6000 0.7100 0.7200 0.8400 0.8900 0.8400 0.7200 0.5200 0.3420 0.4286 0.8367 1.1633 1.4082 1.5714 1.6531 1.6531 1.5714 1.4082 1.1756 0.8367 0.4286 0.3364 0.4375 0.6094 0.7500 0.8594 0.9375 0.9844 1.0000 0.9844
0.0000 0.0000 0.0000 0.0000 0.0247 0.1111 0.1728 0.2099 0.2222 0.2099 0.1728 0.1111 0.0247 0.0000 0.0000 0.0000 0.0000 0.0000 0.0000 0.0000 0.0000 0.0000 0.0000 0.0000 0.0000 0.0000 0.0000 0.0000 0.0400 0.3200 0.5200 0.6400 0.6800 0.7388 0.7793 0.9551 1.0662 1.3126 1.6037 1.8839 2.0281 2.0364 1.9087 1.6451 1.3655 1.5101 1.6386 1.6313 1.5744 1.5050 1.3244 1.0325 0.6294 0.2800 0.4000 0.8700 1.3233 1.8533 2.3678 2.7067 2.8700 2.8578 2.6700 2.3067 2.1678 2.0133 2.0033 2.0400 2.2599 2.5151 2.6056 2.5314 2.5023 2.2840 2.3562 2.5990 2.7725 2.8765 2.9112 2.8765 2.8745 2.8031 2.6215 2.3297 1.9277 1.5979 1.5320 1.3701 1.2143 1.1625 1.2794 1.5287 1.6859 1.7511 1.7242 1.6052 1.3942 1.0911 0.8365 0.8237 0.7900 0.8400 0.8400 0.8800 0.8400 0.7200 0.5200 0.2400 0.0000 0.0000 0.0000 0.0000 0.0000 0.0000 0.0000 0.0625 0.2031 0.5156 0.7656 0.9531 1.0781 1.1406 1.1406 1.0781 0.9531 0.7656 0.6250 0.5156 0.3750 0.2031 0.0000 0.0000 0.0000 0.0000 0.0000 0.0000 0.0000 0.0000 0.0000 0.0000 0.0000 0.0000 0.0000 0.0000 0.0000 0.0000 0.0000 0.0000 0.0000 0.0000 0.0000 0.0000 0.0100 0.2000 0.3700 0.5200 0.6500 0.7600 0.8500 0.9200 0.9700 1.0000 1.0100 1.0000 0.9700 0.9200 0.8500 0.7600 0.6500 0.5200 0.4100 0.5200 0.5300 0.6400 0.6800 0.6400 0.5200 0.3200 0.2441 0.4286 0.7959 1.1224 1.3673 1.5306 1.6122 1.6122 1.5306 1.3673 1.1224 0.7959 0.4034 0.2500 0.4531 0.6250 0.7656 0.8750 0.9531 1.0000 1.0156 1.0000
0.0000 0.0000 0.0000 0.0988 0.2099 0.2963 0.3580 0.3951 0.4074 0.3951 0.3580 0.2963 0.2099 0.0988 0.0000 0.0000 0.0000 0.0156 0.0000 0.0000 0.0000 0.0000 0.0000 0.0000 0.0000 0.0000 0.0000 0.0000 0.2500 0.5200 0.7200 0.8400 0.8800 0.8400 0.8435 0.8193 0.9304 0.9768 1.3460 1.6262 1.7704 1.7787 1.6510 1.3874 1.3079 1.2524 1.3810 1.4106 1.4525 1.3831 1.2025 0.9106 0.5075 0.0400 0.3600 0.8000 1.3922 1.9122 2.3067 2.6456 2.8089 2.7967 2.6089 2.2456 2.1467 1.9522 1.7022 1.6000 1.7728 2.0280 2.1185 2.0443 1.9783 2.1199 2.2721 2.5149 2.6884 2.7925 2.8272 2.7925 2.6884 2.5149 2.2721 1.9803 1.6183 1.5774 1.6135 1.5536 1.3978 1.3931 1.5100 1.5756 1.6920 1.7572 1.7303 1.6113 1.4003 1.0972 0.7020 0.8500 1.0000 1.0500 1.0000 1.0000 0.9600 0.8604 0.6400 0.3600 0.0000 0.0000 0.0000 0.0000 0.0000 0.0000 0.0000 0.0000 0.1094 0.4219 0.6719 0.8594 0.9844 1.0469 1.0469 0.9844 0.8594 0.8125 0.7344 0.6250 0.4844 0.3125 0.1094 0.0000 0.0000 0.0000 0.0000 0.0000 0.0000 0.0000 0.0000 0.0000 0.0000 0.0000 0.0000 0.0000 0.0000 0.0000 0.0000 0.0000 0.0000 0.0000 0.0000 0.0000 0.0000 0.1900 0.3600 0.5100 0.6400 0.7500 0.8400 0.9100 0.9600 0.9900 1.0000 0.9900 0.9600 0.9100 0.8400 0.7500 0.6400 0.5100 0.3600 0.2300 0.2400 0.3600 0.4000 0.3600 0.2400 0.0400 0.2653 0.4898 0.6735 1.0000 1.2449 1.4082 1.4898 1.4898 1.4082 1.2449 1.0000 0.6735 0.2653 0.2344 0.4375 0.6094 0.7500 0.8594 0.9375 0.9844 1.0000 0.9844
0.0000 0.0000 0.1512 0.2593 0.3704 0.4568 0.5185 0.5556 0.5679 0.5556 0.5185 0.4568 0.3704 0.2593 0.2328 0.1875 0.2344 0.2500 0.2344 0.1875 0.1094 0.0000 0.0000 0.0000 0.0400 0.1100 0.1600 0.1900 0.5600 0.8300 1.0000 1.0700 1.0400 0.9600 0.8400 0.7388 0.6099 0.5363 0.9524 1.2326 1.3768 1.4128 1.2574 1.2338 1.1943 1.0988 1.0244 1.1775 1.2194 1.1500 0.9694 0.6775 0.2744 0.0000 0.2400 0.6300 1.3056 1.8256 2.1900 2.4089 2.5722 2.5600 2.3722 2.1289 2.0300 1.8356 1.5456 1.1600 1.1511 1.3763 1.4668 1.5126 1.7048 1.9164 2.1186 2.3615 2.5349 2.6390 2.6737 2.6390 2.5349 2.3615 2.1186 1.8064 1.6442 1.6651 1.7012 1.6413 1.5155 1.5725 1.6894 1.7550 1.7694 1.7325 1.6444 1.5254 1.3144 1.0725 0.8194 0.9600 1.1100 1.1600 1.2120 1.2441 1.2653 1.1657 0.9453 0.6041 0.1420 0.0000 0.0000 0.0000 0.0000 0.0000 0.0000 0.0000 0.1875 0.3906 0.5625 0.7031 0.8281 0.8906 0.9375 0.9531 0.9375 0.8906 0.8125 0.7031 0.5625 0.3906 0.1875 0.0000 0.0000 0.0000 0.0000 0.0000 0.0000 0.0000 0.0000 0.0000 0.0000 0.0000 0.0000 0.0000 0.0000 0.0000 0.0000 0.0000 0.0000 0.0000 0.0000 0.0204 0.0000 0.1600 0.3300 0.4800 0.6100 0.7200 0.8100 0.8800 0.9300 0.9600 0.9700 0.9600 0.9300 0.8800 0.8100 0.7200 0.6100 0.4800 0.3300 0.1600 0.0000 0.0000 0.0400 0.0000 0.0000 0.0204 0.2857 0.5102 0.6939 0.8367 1.0408 1.2041 1.2653 1.2857 1.2041 1.0408 0.7959 0.5102 0.2857 0.2079 0.3906 0.5625 0.7031 0.8125 0.8906 0.9375 0.9531 0.9375
0.2222 0.4043 0.5926 0.7006 0.7284 0.6759 0.6543 0.6914 0.7037 0.6914 0.6543 0.6049 0.5687 0.5982 0.5718 0.4894 0.4375 0.4531 0.4375 0.3906 0.3125 0.2031 0.0725 0.1200 0.2100 0.2800 0.3300 0.4000 0.7700 1.0400 1.2100 1.2800 1.2500 1.1200 0.8900 0.6800 0.4247 0.1667 0.5062 0.9252 1.1528 1.3088 1.3534 1.2865 1.1080 1.0156 1.0000 0.9531 0.8750 0.8056 0.6250 0.4531 0.2500 0.0156 0.0400 0.3878 1.0633 1.5833 1.9478 2.1567 2.2100 2.1478 1.9600 1.9167 1.8178 1.6233 1.3333 0.9478 0.8247 0.9599 1.1404 1.2962 1.4120 1.6236 1.8958 2.1386 2.3121 2.4162 2.4509 2.4162 2.3121 2.1386 1.8958 1.5836 1.5495 1.6568 1.6929 1.6330 1.5572 1.7006 1.8175 1.8831 1.8975 1.8606 1.7725 1.6331 1.4425 1.2006 0.9075 0.9700 1.1200 1.3537 1.4465 1.4286 1.4498 1.3658 1.1298 0.7886 0.3265 0.1837 0.0000 0.0000 0.0000 0.0000 0.0000 0.0000 0.2344 0.4375 0.6094 0.7500 0.8594 0.9375 0.9844 1.0000 0.9844 0.9375 0.8594 0.7500 0.6094 0.4375 0.2344 0.0000 0.0000 0.0000 0.0000 0.0000 0.0000 0.0000 0.0000 0.0000 0.0000 0.0000 0.0000 0.0000 0.0000 0.0000 0.0000 0.0000 0.1020 0.2041 0.2653 0.2857 0.2653 0.3141 0.3820 0.4300 0.5600 0.6700 0.7600 0.8300 0.8800 0.9100 0.9200 0.9100 0.8800 0.8300 0.7600 0.6700 0.5600 0.4300 0.2800 0.1100 0.0000 0.0000 0.0000 0.0000 0.0000 0.0000 0.2653 0.4898 0.6735 0.8163 0.9184 0.9796 1.0000 1.0000 0.9184 0.8163 0.6735 0.4898 0.2653 0.1094 0.3125 0.4844 0.6250 0.7344 0.8125 0.8594 0.8750 0.8594
0.4969 0.7654 0.9537 1.0617 1.0895 1.0370 0.9043 0.8272 0.9259 0.9753 0.9753 0.9884 1.0615 1.0540 0.9659 0.7971 0.6341 0.6250 0.6094 0.5625 0.4844 0.4050 0.3944 0.3325 0.3600 0.4300 0.4800 0.5100 0.8800 1.1500 1.3200 1.3900 1.3600 1.2300 1.0000 0.6700 0.3600 0.1389 0.5677 0.9097 1.1773 1.3333 1.4149 1.4097 1.3177 1.1389 0.9844 0.9375 0.8594 0.7500 0.6094 0.4375 0.2344 0.0000 0.0000 0.0400 0.6656 1.1856 1.5500 1.7589 1.8122 1.7100 1.6922 1.6389 1.5100 1.3156 1.0256 0.6700 0.6000 0.6488 0.8693 1.0251 1.1162 1.2914 1.6036 1.8464 2.0199 2.1240 2.1586 2.1240 2.0199 1.8464 1.6036 1.2914 1.4205 1.5526 1.5886 1.5288 1.6094 1.7775 1.8944 1.9600 1.9744 1.9375 1.8494 1.7100 1.5194 1.2775 0.9844 0.8800 1.2137 1.4473 1.6496 1.6797 1.7478 1.6639 1.4278 1.0397 0.6196 0.3673 0.1837 0.0000 0.0000 0.0000 0.0000 0.0156 0.2500 0.4531 0.6250 0.7656 0.8750 0.9531 1.0000 1.0156 1.0000 0.9531 0.8750 0.7656 0.6250 0.4531 0.2500 0.0156 0.0000 0.0000 0.0000 0.0000 0.0000 0.0000 0.0000 0.0000 0.0000 0.0000 0.0000 0.0000 0.0000 0.0000 0.0000 0.1837 0.3265 0.4286 0.4898 0.5102 0.4898 0.4686 0.5365 0.5437 0.4900 0.6000 0.6900 0.7600 0.8100 0.8400 0.8500 0.8400 0.8100 0.7600 0.6900 0.6000 0.4900 0.3600 0.2100 0.0400 0.0000 0.0000 0.0000 0.0000 0.0000 0.0000 0.2041 0.4286 0.6122 0.7551 0.8571 0.9184 0.9388 0.9184 0.8571 0.7551 0.6122 0.4286 0.2041 0.0000 0.2031 0.3750 0.5156 0.6250 0.7031 0.7623 0.7656 0.7500
0.7778 1.0463 1.2346 1.3426 1.3704 1.3179 1.2840 1.1821 1.1975 1.2469 1.2469 1.4007 1.4738 1.4662 1.3781 1.2093 0.9599 0.7656 0.7500 0.7031 0.6350 0.6756 0.6650 0.6031 0.4900 0.5600 0.6100 0.6400 0.8900 1.1600 1.3300 1.4000 1.3700 1.2400 1.0100 0.6800 0.3333 0.3333 0.7153 1.0573 1.3125 1.4809 1.5625 1.5573 1.4653 1.2865 1.0208 0.8906 0.8125 0.7031 0.5625 0.3906 0.1875 0.0000 0.0000 0.0000 0.2322 0.6322 0.9967 1.2056 1.3789 1.4767 1.4989 1.4456 1.3167 1.1122 0.8322 0.5600 0.4900 0.4000 0.5335 0.6893 0.7804 0.9668 1.2420 1.4848 1.6583 1.7623 1.7970 1.7623 1.6583 1.4848 1.2420 0.9924 1.2204 1.3524 1.3885 1.4156 1.6350 1.8031 1.9200 1.9700 2.0000 1.9631 1.8750 1.7356 1.5450 1.3031 1.0100 0.8077 1.2290 1.6033 1.8056 1.8357 1.8938 1.8099 1.5738 1.1857 0.9656 0.7133 0.3890 0.1020 0.0278 0.0000 0.0000 0.0000 0.2344 0.4375 0.6094 0.7500 0.8594 0.9375 0.9844 1.0000 0.9844 0.9375 0.8594 0.7500 0.6094 0.4375 0.2344 0.0000 0.0000 0.0000 0.0000 0.0000 0.0000 0.0000 0.0000 0.0000 0.0000 0.0000 0.0000 0.0000 0.0000 0.0000 0.1837 0.3673 0.5102 0.6122 0.6735 0.6939 0.6735 0.6122 0.6302 0.6373 0.5837 0.5100 0.6000 0.6700 0.7200 0.7500 0.7600 0.7500 0.7200 0.6700 0.6000 0.5100 0.4000 0.2700 0.1200 0.0000 0.0000 0.0000 0.0000 0.0000 0.0000 0.0000 0.1020 0.3265 0.5102 0.6531 0.7551 0.8163 0.8367 0.8163 0.7551 0.6531 0.5102 0.3265 0.1020 0.0000 0.0625 0.2591 0.4861 0.6572 0.7724 0.8316 0.8349 0.7822
0.9784 1.2469 1.4352 1.5432 1.5710 1.6420 1.6451 1.5432 1.4198 1.4691 1.5785 1.7323 1.8054 1.7978 1.7097 1.5409 1.2915 0.9985 0.8594 0.8125 0.8544 0.8950 0.8844 0.8225 0.7094 0.6700 0.7200 0.7500 0.8000 1.0700 1.2400 1.3100 1.2800 1.1500 0.9200 0.5900 0.3822 0.4722 0.7760 1.1181 1.3733 1.5417 1.6233 1.6181 1.5260 1.3472 1.1020 0.8125 0.7344 0.6250 0.4844 0.3125 0.1094 0.0000 0.0000 0.0000 0.0833 0.3633 0.6878 0.9367 1.1100 1.2078 1.2300 1.1767 1.0478 0.8433 0.5633 0.4300 0.3600 0.2700 0.1700 0.2888 0.4999 0.6963 0.8480 1.0538 1.2273 1.3314 1.3660 1.3314 1.2273 1.0538 0.8480 0.6963 0.9243 1.0563 1.1294 1.3900 1.6094 1.7775 1.8944 1.9600 1.9744 1.9375 1.8494 1.7100 1.5194 1.2775 0.9844 0.9066 1.2129 1.5872 1.7895 1.8196 1.8877 1.8038 1.5677 1.4196 1.2395 1.0706 0.8852 0.5721 0.3333 0.3056 0.2222 0.1111 0.1875 0.3906 0.5625 0.7031 0.8125 0.8906 0.9375 0.9531 0.9375 0.8906 0.8125 0.7031 0.5625 0.3906 0.1875 0.0000 0.0156 0.0000 0.0000 0.0000 0.0000 0.0000 0.0000 0.0000 0.0000 0.0000 0.0000 0.0000 0.0000 0.1020 0.3265 0.5102 0.6531 0.7551 0.8163 0.8367 0.8163 0.7551 0.6631 0.6702 0.6165 0.5020 0.4900 0.5600 0.6100 0.6400 0.6500 0.6400 0.6100 0.5600 0.4900 0.4000 0.2900 0.1600 0.0100 0.0000 0.0000 0.0000 0.0000 0.0000 0.0000 0.0000 0.0000 0.1837 0.3673 0.5102 0.6122 0.6735 0.6939 0.6735 0.6122 0.5102 0.3673 0.1837 0.0000 0.0000 0.0988 0.2724 0.4994 0.6705 0.7857 0.8449 0.8482 0.7955
1.0988 1.3673 1.5556 1.6636 1.7901 1.8981 1.9012 1.7994 1.5926 1.6420 1.8295 1.9832 2.0563 2.0488 1.9606 1.7919 1.5424 1.2124 1.0363 0.9306 1.0225 1.0631 1.0525 0.9906 0.8775 0.7600 0.8100 0.8400 0.8500 0.8800 1.0500 1.1200 1.0900 0.9600 0.7300 0.4000 0.5156 0.5956 0.7500 1.0920 1.3472 1.5156 1.5972 1.6941 1.7041 1.5865 1.3413 0.9684 0.8291 0.6177 0.3750 0.2031 0.0000 0.0000 0.0000 0.0000 0.0000 0.1389 0.3433 0.5922 0.7656 0.8633 0.8856 0.8322 0.7033 0.4989 0.3300 0.2800 0.2100 0.1200 0.0100 0.0300 0.1847 0.4089 0.5328 0.6399 0.7269 0.8310 0.8657 0.8310 0.7269 0.6399 0.5328 0.3811 0.5322 0.7506 1.0425 1.3131 1.5325 1.7006 1.8175 1.8831 1.8975 1.8606 1.7725 1.6331 1.4425 1.2006 0.9075 1.0784 1.3448 1.5191 1.6013 1.6615 1.7296 1.7656 1.7296 1.6215 1.5802 1.5224 1.3370 1.0240 0.6667 0.7778 0.7778 0.6667 0.5538 0.5347 0.5677 0.6250 0.7344 0.8125 0.8594 0.9150 0.8594 0.8125 0.7344 0.6250 0.4844 0.4219 0.2969 0.2344 0.2500 0.2344 0.1875 0.1094 0.0000 0.0000 0.0000 0.0000 0.0000 0.0000 0.0000 0.0000 0.0000 0.2041 0.4286 0.6122 0.7551 0.8571 0.9184 0.9388 0.9184 0.8571 0.7551 0.6422 0.5886 0.4741 0.3600 0.4300 0.4800 0.5100 0.5200 0.5100 0.4800 0.4300 0.3600 0.2700 0.1600 0.0300 0.0000 0.0000 0.0000 0.0000 0.0000 0.0000 0.0000 0.0000 0.0000 0.0000 0.1837 0.3265 0.4286 0.4898 0.5102 0.4898 0.4286 0.3265 0.1837 0.0000 0.0000 0.1235 0.2593 0.3704 0.4568 0.6279 0.7431 0.8023 0.8056 0.7529
1.1389 1.4074 1.5957 1.7284 1.9414 2.0494 2.0525 1.9506 1.7438 1.7654 1.9998 2.1535 2.2267 2.2191 2.1310 1.9622 1.7128 1.3951 1.1943 1.0722 1.1394 1.1800 1.1694 1.1075 0.9944 0.8300 0.8800 0.9100 0.9200 0.9100 0.8800 0.8300 0.8000 0.6700 0.5600 0.4578 0.6133 0.6933 0.7778 0.9792 1.2344 1.4028 1.6680 1.8057 1.8557 1.6981 1.4529 1.0801 0.9129 0.7015 0.4180 0.0625 0.0000 0.0000 0.0000 0.0000 0.0000 0.0000 0.0833 0.2222 0.3456 0.4433 0.4656 0.4122 0.2833 0.1900 0.1600 0.1100 0.0400 0.0000 0.0833 0.2222 0.3156 0.4533 0.5156 0.5022 0.4257 0.3600 0.3700 0.3600 0.3423 0.2800 0.2100 0.1200 0.2294 0.5925 0.9144 1.1850 1.4044 1.5725 1.6894 1.7550 1.7694 1.7325 1.6444 1.5050 1.3144 1.0725 0.9092 1.1582 1.4246 1.5989 1.6811 1.7513 1.8594 1.8954 1.8594 1.8346 1.9044 1.8467 1.6612 1.4871 1.2409 1.2222 1.2222 1.1111 0.8889 0.7587 0.7083 0.6545 0.6650 0.9431 1.1100 1.1656 1.1100 0.9431 0.6650 0.5781 0.5781 0.5156 0.3906 0.4375 0.4531 0.4375 0.3906 0.3125 0.2031 0.0625 0.0000 0.0000 0.0000 0.0000 0.0000 0.0000 0.0000 0.2653 0.4898 0.6735 0.8163 0.9184 0.9796 1.0000 0.9796 0.9184 0.8163 0.6735 0.4998 0.3853 0.2100 0.2800 0.3300 0.3600 0.3700 0.3600 0.3300 0.2800 0.2100 0.1200 0.0100 0.0000 0.0000 0.0000 0.0000 0.0000 0.0000 0.0000 0.0000 0.0000 0.0000 0.0000 0.0000 0.1020 0.2041 0.2653 0.2857 0.2653 0.2041 0.1020 0.0000 0.0000 0.0988 0.2593 0.3951 0.5062 0.5926 0.6543 0.6914 0.7037 0.7348 0.6543
1.0988 1.3673 1.5556 1.7747 1.9877 2.0957 2.0988 1.9969 1.7901 1.8551 2.0895 2.2432 2.3164 2.3335 2.3318 2.2247 2.0123 1.6946 1.5062 1.3971 1.3161 1.2703 1.2350 1.1731 1.0600 0.8956 0.9300 0.9600 0.9700 0.9600 0.9300 0.8800 0.8100 0.7200 0.6100 0.4800 0.6356 0.7156 0.7500 0.8889 1.0347 1.4268 1.8921 2.1497 2.1997 2.0421 1.6769 1.1041 0.9647 0.7133 0.4298 0.1837 0.0000 0.0000 0.0000 0.0000 0.0000 0.0000 0.0000 0.0000 0.0000 0.0278 0.0000 0.0000 0.0100 0.0000 0.0000 0.0000 0.0000 0.1389 0.3333 0.4722 0.5556 0.5833 0.5956 0.5822 0.4933 0.3289 0.2000 0.1900 0.1600 0.1100 0.0400 0.0000 0.0400 0.4131 0.7350 1.0056 1.2250 1.3931 1.5100 1.6156 1.5900 1.5531 1.4650 1.3256 1.1350 0.8931 0.7875 1.1459 1.4123 1.5866 1.6688 1.8090 1.9171 1.9531 1.9171 2.0312 2.1010 2.0433 1.9412 1.8782 1.6319 1.5556 1.5556 1.4444 1.2222 0.9514 0.7622 0.7483 0.8877 1.0825 1.2494 1.3050 1.2494 1.0825 0.8669 0.6494 0.6094 0.5469 0.5625 0.6094 0.6250 0.6094 0.5625 0.4844 0.3750 0.2344 0.0625 0.0000 0.0000 0.0000 0.0000 0.0000 0.0204 0.2857 0.5102 0.6939 0.8367 0.9388 1.0000 1.0204 1.0000 0.9388 0.8367 0.6939 0.5102 0.2857 0.0604 0.1100 0.1600 0.1900 0.2000 0.1900 0.1600 0.1100 0.0400 0.0000 0.0000 0.0000 0.0000 0.0000 0.0000 0.0000 0.0000 0.0000 0.0000 0.0000 0.0000 0.0000 0.0000 0.0000 0.0000 0.0000 0.0204 0.0000 0.0000 0.0000 0.0000 0.0247 0.2099 0.3704 0.5062 0.6173 0.7037 0.8488 1.0247 1.1204 1.1358 1.0710
0.9784 1.2469 1.4352 1.7160 1.9290 2.0370 2.0401 1.9383 1.8148 1.8642 2.0986 2.2523 2.4242 2.5278 2.5260 2.4190 2.2066 1.9259 1.7375 1.6584 1.5157 1.4699 1.3481 1.1875 1.0744 0.9100 0.9600 0.9900 1.0000 0.9900 0.9600 0.9100 0.8400 0.7500 0.6400 0.5100 0.5822 0.6622 0.6667 0.8056 1.0309 1.5632 2.0285 2.2861 2.3361 2.2185 2.0533 1.6838 1.3045 1.0131 0.7502 0.3665 0.1020 0.0000 0.0000 0.0000 0.0000 0.0000 0.0000 0.0000 0.0000 0.0000 0.0000 0.0000 0.0000 0.0000 0.0000 0.0000 0.0833 0.3333 0.5278 0.6667 0.7500 0.7778 0.7500 0.6667 0.5278 0.3333 0.0933 0.0000 0.0000 0.0000 0.0000 0.0000 0.0000 0.1825 0.5044 0.7750 1.0344 1.4025 1.6394 1.7450 1.7194 1.5625 1.2744 1.0950 0.9044 0.6625 0.7444 1.0416 1.3079 1.4822 1.6145 1.7946 1.9027 1.9388 1.9027 2.1002 2.1700 2.1122 2.1491 2.0860 1.9010 1.7778 1.7778 1.6667 1.4444 1.1111 0.7292 0.9153 1.0547 1.1106 1.2775 1.3331 1.2775 1.1106 1.0356 0.8181 0.5781 0.6250 0.7031 0.7500 0.7656 0.7500 0.7031 0.6250 0.5156 0.3750 0.2031 0.0000 0.0000 0.0000 0.0000 0.0000 0.0000 0.2653 0.4898 0.6735 0.8163 0.9184 0.9796 1.0000 0.9796 0.9184 0.8163 0.6735 0.4898 0.2653 0.0000 0.0000 0.0000 0.0000 0.0100 0.0000 0.0000 0.0000 0.0000 0.0000 0.0000 0.0000 0.0000 0.0000 0.0000 0.0000 0.0000 0.0000 0.0000 0.0000 0.0000 0.0000 0.0000 0.0000 0.0000 0.0000 0.0000 0.0000 0.0000 0.0000 0.0000 0.1111 0.2963 0.4568 0.5926 0.7037 0.9290 1.1852 1.3611 1.4568 1.4722 1.4074
0.7778 1.0463 1.2346 1.5525 1.7654 1.8735 1.8765 1.7747 1.7901 1.8395 2.0270 2.3042 2.5131 2.6167 2.6150 2.5079 2.2955 2.0766 1.8981 1.8190 1.6393 1.5935 1.5118 1.2741 1.0375 0.9200 0.9700 1.0000 1.0100 1.0000 0.9700 0.9200 0.8500 0.7600 0.6500 0.5200 0.4533 0.5333 0.5378 0.6667 1.1941 1.7263 2.0822 2.2618 2.3049 2.4273 2.2621 2.0784 1.7771 1.3951 1.1479 0.7486 0.2441 0.0000 0.0000 0.0000 0.0000 0.0000 0.0000 0.0000 0.0000 0.0000 0.0000 0.0000 0.0000 0.0000 0.0000 0.0000 0.2222 0.4722 0.6667 0.8056 0.8889 0.9167 0.8889 0.8056 0.6667 0.4722 0.2222 0.0000 0.0000 0.0000 0.0000 0.0000 0.0000 0.0100 0.2225 0.5331 1.0325 1.4006 1.6653 1.7431 1.7175 1.5606 1.2725 0.8531 0.6225 0.5056 0.6500 0.8452 1.1115 1.2858 1.5281 1.7082 1.8163 1.8524 1.8441 2.0416 2.1114 2.0536 2.1738 2.1107 2.0278 1.9045 1.8889 1.7778 1.5556 1.2222 0.7778 0.9156 1.0549 1.0275 1.1944 1.2500 1.1944 1.1369 1.0619 0.8444 0.6250 0.7344 0.8125 0.8594 0.8750 0.8594 0.8125 0.7344 0.6250 0.4844 0.3125 0.1094 0.0000 0.0000 0.0000 0.0000 0.0000 0.2041 0.4286 0.6122 0.7551 0.8571 0.9184 0.9388 0.9184 0.8571 0.7551 0.6122 0.4286 0.2041 0.0000 0.0000 0.0000 0.0000 0.0000 0.0000 0.0000 0.0000 0.0000 0.0000 0.0000 0.0000 0.0000 0.0000 0.0000 0.0000 0.0000 0.0000 0.0000 0.0000 0.0000 0.0000 0.0000 0.0000 0.0000 0.0000 0.0000 0.0000 0.0000 0.0000 0.0000 0.1728 0.3580 0.5185 0.6543 0.8488 1.1852 1.4414 1.6173 1.7130 1.7284 1.6636
0.4969 0.7654 0.9660 1.2840 1.4969 1.6049 1.6080 1.6173 1.7160 1.7654 1.9736 2.2755 2.4967 2.6003 2.5986 2.4915 2.2791 2.1466 1.9581 1.9190 1.9393 2.0012 1.9194 1.6818 1.2881 0.9500 0.9600 0.9900 1.0000 0.9900 0.9600 0.9100 0.8400 0.7500 0.6400 0.5100 0.3600 0.3289 0.3333 0.4722 1.1809 1.7131 2.0690 2.2485 2.4917 2.5985 2.5600 2.5690 2.3459 1.8907 1.6435 1.2442 0.6928 0.1094 0.0000 0.0000 0.0000 0.0000 0.0000 0.0000 0.0000 0.0000 0.0000 0.0000 0.0000 0.0000 0.0000 0.0000 0.3056 0.5556 0.7500 0.8889 0.9722 1.0000 0.9722 0.8889 0.7500 0.5556 0.3056 0.0000 0.0000 0.0000 0.0000 0.0000 0.0000 0.0000 0.0300 0.4833 1.1216 1.5731 1.8377 1.9156 1.8066 1.5108 1.1394 0.7200 0.4300 0.3600 0.5044 0.5975 0.8230 1.1173 1.3696 1.5497 1.6578 1.6939 1.6578 1.8553 1.9251 1.8951 2.0153 1.9931 2.0122 1.8889 1.8889 1.7778 1.5556 1.2222 0.8178 0.9833 1.0133 0.9078 1.0000 1.0556 1.0000 1.0675 1.0706 0.9625 0.7431 0.8125 0.8906 0.9375 0.9531 0.9375 0.8906 0.8125 0.7031 0.5625 0.3906 0.1875 0.0000 0.0000 0.0000 0.0000 0.0000 0.1020 0.3265 0.5102 0.6531 0.7651 0.8163 0.8367 0.8163 0.7551 0.6531 0.5102 0.3265 0.1020 0.0000 0.0000 0.0000 0.0000 0.0000 0.0000 0.0000 0.0000 0.0000 0.0000 0.0000 0.0204 0.0000 0.0000 0.0000 0.0000 0.0000 0.0000 0.0000 0.0000 0.0000 0.0000 0.0000 0.0000 0.0000 0.0000 0.0000 0.0000 0.0000 0.0000 0.0000 0.2099 0.3951 0.5556 0.7314 1.0247 1.3611 1.6173 1.7932 1.8889 1.9043 1.8395
0.2222 0.4043 0.5926 0.9105 1.1235 1.2315 1.3857 1.4938 1.5926 1.6667 1.8519 2.1661 2.3750 2.4786 2.4769 2.3698 2.2438 2.1360 1.9875 2.1584 2.1787 2.2529 2.1712 1.9335 1.5399 1.2247 0.9700 0.9600 0.9700 0.9600 0.9300 0.8800 0.8100 0.7200 0.6100 0.4800 0.3300 0.1600 0.0833 0.2826 0.9913 1.5235 1.8794 2.0590 2.4221 2.7025 2.9435 2.9525 2.7294 2.2742 1.9870 1.5877 1.0363 0.3329 0.2031 0.0625 0.0000 0.0000 0.0000 0.0000 0.0000 0.0000 0.0000 0.0156 0.0000 0.0000 0.0100 0.0278 0.3333 0.5833 0.7778 0.9167 1.0000 1.0000 1.0000 0.9167 0.7778 0.5833 0.3333 0.0278 0.0000 0.0000 0.0000 0.0000 0.0000 0.0000 0.1389 0.7033 1.2322 1.6056 1.8233 1.9012 1.7922 1.5433 1.1389 0.6900 0.2800 0.2100 0.3075 0.4006 0.5625 0.8868 1.1390 1.3192 1.4273 1.4633 1.4273 1.5414 1.6113 1.5535 1.6736 1.8351 1.8542 1.7778 1.7778 1.6667 1.4444 1.1111 0.7500 0.9156 0.9456 0.8400 0.9600 1.0000 0.9600 1.0744 1.0775 0.9694 0.7500 0.8594 0.9375 0.9844 1.0000 0.9844 0.9375 0.8594 0.7500 0.6094 0.4375 0.2344 0.0000 0.0000 0.0000 0.0000 0.0000 0.0400 0.2937 0.5273 0.7002 0.8122 0.8635 0.8539 0.7835 0.6522 0.5102 0.3673 0.1837 0.0000 0.0000 0.0000 0.0000 0.0000 0.0000 0.0000 0.0000 0.0000 0.1020 0.2041 0.2653 0.2857 0.2653 0.2441 0.1020 0.0000 0.0000 0.0000 0.0000 0.0000 0.0000 0.0000 0.0000 0.0000 0.0000 0.0000 0.0000 0.0000 0.0000 0.0000 0.0123 0.2622 0.6474 0.9279 1.1037 1.4804 1.6968 1.7530 1.8889 1.9846 2.0000 1.9352
0.0000 0.0000 0.1512 0.4721 0.9684 1.3353 1.5728 1.6810 1.6598 1.6202 1.7654 1.9390 2.1480 2.2515 2.2498 2.1798 2.1526 2.0448 2.0963 2.2172 2.2745 2.3487 2.2670 2.0293 1.7763 1.4611 1.1200 0.9100 0.9200 0.9100 0.8800 0.8300 0.7600 0.6700 0.5600 0.4300 0.2800 0.1100 0.0000 0.0000 0.6253 1.1576 1.5135 1.8163 2.3809 2.8540 3.0950 3.1040 2.8809 2.4257 2.1785 1.7792 1.2278 0.5244 0.3750 0.2344 0.0625 0.0000 0.0000 0.0000 0.1094 0.1875 0.2744 0.3600 0.3944 0.3775 0.3094 0.1900 0.4656 0.6656 0.7900 0.8889 0.9722 1.0000 0.9722 0.8889 0.7500 0.5556 0.3056 0.0000 0.0000 0.0000 0.0000 0.0000 0.0000 0.0833 0.3733 0.9278 1.3467 1.6700 1.8878 1.9500 1.8567 1.6078 1.2033 0.6433 0.1704 0.0400 0.1094 0.3125 0.4844 0.6250 0.8364 1.0166 1.1247 1.1607 1.1247 1.0999 1.1697 1.1528 1.3733 1.5347 1.5538 1.5556 1.5556 1.4444 1.2222 0.8889 0.6667 0.7122 0.7422 0.7200 0.8400 0.8800 0.8556 0.9700 0.9731 0.8650 0.7656 0.8750 0.9531 1.0000 1.0000 1.0000 0.9531 0.8750 0.7656 0.6250 0.4531 0.2500 0.0156 0.0000 0.0000 0.0100 0.1200 0.2100 0.2800 0.5137 0.6865 0.7986 0.8498 0.8402 0.7698 0.6386 0.4465 0.1937 0.0000 0.0000 0.0000 0.0000 0.0000 0.0000 0.0000 0.0000 0.0000 0.1837 0.3265 0.4286 0.5298 0.7502 0.8498 0.8286 0.6865 0.4237 0.0400 0.0000 0.0000 0.0000 0.0000 0.0000 0.0000 0.0000 0.0000 0.0000 0.0000 0.0000 0.0000 0.0000 0.0400 0.5299 0.9151 1.1956 1.3991 1.7758 1.9922 2.0484 1.9443 2.0000 2.0154 1.9506
0.0000 0.0000 0.0400 0.5299 1.0262 1.3931 1.6306 1.7388 1.7175 1.7398 1.6449 1.7160 1.8156 1.9192 1.9545 2.0079 1.9807 1.8729 2.0444 2.0953 2.2144 2.2886 2.2068 2.0785 1.8880 1.5728 1.1700 0.8400 0.8500 0.8400 0.8100 0.7600 0.6900 0.6000 0.4900 0.3600 0.2100 0.0400 0.0000 0.0000 0.4441 0.9486 1.3322 1.5951 2.3003 2.7734 3.0144 3.0234 2.8003 2.4651 2.2179 1.8186 1.2672 0.6250 0.5156 0.3750 0.2031 0.0000 0.0625 0.2031 0.3225 0.5106 0.6475 0.7331 0.7675 0.7506 0.6825 0.5631 0.6147 0.7522 0.8767 0.9256 0.8989 0.9167 0.8889 0.8056 0.6667 0.4722 0.2222 0.0000 0.0000 0.0000 0.0000 0.0000 0.0000 0.2222 0.4722 1.0267 1.4456 1.7289 1.8767 1.8889 1.7656 1.6187 1.3163 0.8475 0.2857 0.2653 0.2041 0.3052 0.3750 0.5156 0.6250 0.7031 0.7500 0.7860 0.7500 0.7031 0.7639 0.8490 0.9306 1.0920 1.1111 1.2222 1.2222 1.1111 0.8889 0.6667 0.5278 0.3733 0.4033 0.5200 0.6400 0.6800 0.6400 0.7544 0.7575 0.6494 0.7500 0.8594 0.9375 0.9844 1.0000 0.9844 0.9375 0.8594 0.7500 0.6094 0.4375 0.2344 0.0000 0.0000 0.0300 0.1600 0.2700 0.3600 0.4300 0.4800 0.6120 0.7241 0.7753 0.7657 0.6953 0.5641 0.3720 0.1600 0.0300 0.0000 0.0000 0.0000 0.0000 0.0000 0.0000 0.0000 0.1837 0.3673 0.5102 0.6522 0.9935 1.2139 1.3135 1.2922 1.1502 0.8873 0.5037 0.0400 0.0000 0.0000 0.0000 0.0000 0.0000 0.0000 0.0000 0.0000 0.0000 0.0000 0.0000 0.0000 0.2400 0.6928 1.0780 1.3585 1.5343 1.9110 2.1274 2.1836 2.1195 2.0452 2.1106 2.0758
0.0000 0.0000 0.2400 0.5447 0.9546 1.3215 1.5590 1.6672 1.6459 1.7052 1.6104 1.4815 1.5185 1.5679 1.7020 1.7554 1.7282 1.6604 1.8319 1.8428 1.9983 2.0725 2.1314 2.0656 1.8751 1.5599 1.1200 0.7900 0.7600 0.7500 0.7200 0.6700 0.6000 0.5100 0.4000 0.2700 0.1200 0.0000 0.0000 0.0000 0.1420 0.6465 1.0302 1.4024 1.9876 2.4607 2.7017 2.7107 2.4876 2.3524 2.1052 1.7059 1.1545 0.7344 0.6250 0.4844 0.3125 0.1719 0.2344 0.4050 0.6444 0.8325 0.9694 1.0550 1.0894 1.0725 1.0044 0.8850 0.7977 0.8258 0.8878 0.9367 0.9100 0.8078 0.7500 0.6667 0.5278 0.3333 0.0833 0.0000 0.0000 0.0000 0.0000 0.0000 0.0000 0.3056 0.5556 0.9900 1.4089 1.6922 1.8400 1.8522 1.9126 1.7965 1.5041 1.0354 0.5102 0.4898 0.4286 0.3890 0.4180 0.3750 0.4844 0.5625 0.6094 0.6250 0.6094 0.5625 0.4844 0.4583 0.4566 0.5069 0.6667 0.7778 0.7778 0.6667 0.5556 0.4722 0.3333 0.1389 0.0400 0.2400 0.3600 0.4000 0.3700 0.4275 0.4306 0.5625 0.7031 0.8125 0.8906 0.9375 0.9531 0.9375 0.8906 0.8125 0.7031 0.5625 0.3906 0.1875 0.0000 0.0100 0.1600 0.2900 0.4000 0.4900 0.5600 0.6100 0.6400 0.6500 0.6400 0.6304 0.5600 0.4900 0.4000 0.2900 0.1600 0.0100 0.0000 0.0000 0.0000 0.0000 0.0000 0.1020 0.3265 0.5102 0.6531 0.9951 1.3363 1.5567 1.6563 1.6351 1.4931 1.2506 0.8465 0.3420 0.0000 0.0000 0.0000 0.0000 0.0000 0.0000 0.0000 0.0000 0.0000 0.0000 0.0000 0.0000 0.3600 0.7511 1.1363 1.4168 1.5926 1.8859 2.1123 2.2785 2.2644 2.0701 2.1356 2.1007
0.0000 0.0000 0.3600 0.6400 0.9388 1.2193 1.3951 1.4662 1.4573 1.5165 1.4588 1.2716 1.3951 1.4691 1.4938 1.4691 1.3951 1.2872 1.4588 1.6030 1.7512 1.9348 1.9937 1.9279 1.7374 1.4222 0.9823 0.6400 0.6500 0.6400 0.6100 0.5600 0.4900 0.4000 0.2900 0.1600 0.0100 0.0000 0.0000 0.0000 0.0400 0.2237 0.6073 1.0577 1.4429 1.9160 2.1570 2.1660 2.1829 2.0877 1.8405 1.4412 0.9306 0.8125 0.7031 0.5625 0.3906 0.3906 0.3850 0.6756 0.9150 1.1031 1.2400 1.3256 1.3600 1.3431 1.2750 1.1556 0.9850 0.9020 0.8233 0.8722 0.8456 0.7433 0.5656 0.4722 0.3333 0.1389 0.0000 0.0000 0.0000 0.0000 0.0000 0.0000 0.0278 0.3333 0.5833 0.8178 1.2367 1.5200 1.6678 1.8637 1.9240 1.8080 1.5156 1.0468 0.7217 0.6735 0.6122 0.5102 0.4298 0.3868 0.3125 0.3906 0.4375 0.4531 0.4375 0.3906 0.3125 0.2031 0.0625 0.0000 0.1111 0.2222 0.3056 0.3333 0.3056 0.2222 0.0833 0.0000 0.0400 0.1100 0.1600 0.2300 0.2000 0.2994 0.4725 0.5944 0.6650 0.7344 0.8125 0.8594 0.8750 0.8594 0.8125 0.7344 0.6250 0.4844 0.3125 0.1094 0.0000 0.1200 0.2700 0.4000 0.5100 0.6000 0.6700 0.7200 0.7500 0.7600 0.7500 0.7200 0.6700 0.6000 0.5100 0.4000 0.2700 0.1200 0.0000 0.0000 0.0000 0.0000 0.0000 0.2041 0.4286 0.6122 0.7755 1.2171 1.5584 1.7788 1.9804 2.0612 1.9804 1.7380 1.3339 0.7682 0.1020 0.0000 0.0000 0.0000 0.0000 0.0000 0.0000 0.0000 0.0000 0.0000 0.0000 0.0400 0.4000 0.7047 1.0899 1.3704 1.5462 1.7306 2.0770 2.2432 2.2291 2.0348 2.0602 2.0254
0.0000 0.0400 0.4000 0.6800 0.8800 1.1235 1.2993 1.3704 1.3368 1.4084 1.3506 1.1635 1.2469 1.3210 1.3457 1.3210 1.2469 1.1235 1.2277 1.4706 1.6089 1.6725 1.7314 1.6656 1.4751 1.1599 0.7200 0.5100 0.5200 0.5100 0.4800 0.4300 0.3600 0.2700 0.1600 0.0300 0.0000 0.0400 0.2400 0.3600 0.4000 0.3600 0.4237 0.6009 0.9061 1.1392 1.5002 1.7092 1.7661 1.6709 1.4237 1.0244 0.9375 0.8594 0.7500 0.6094 0.5469 0.5469 0.6044 0.8950 1.1344 1.3225 1.4594 1.5450 1.5794 1.5625 1.4944 1.3750 1.2044 0.9825 0.7927 0.7322 0.7056 0.6033 0.4256 0.2222 0.0833 0.0000 0.0000 0.0000 0.0000 0.0000 0.0000 0.0000 0.0000 0.3056 0.5556 0.7500 0.9289 1.2246 1.4620 1.6988 1.7591 1.6431 1.3507 1.1219 0.8367 0.8263 0.7551 0.6531 0.5502 0.3265 0.2114 0.1875 0.2344 0.2500 0.2344 0.1875 0.1094 0.0278 0.0000 0.0000 0.0000 0.0100 0.0000 0.0278 0.0000 0.0000 0.0100 0.1200 0.2100 0.2800 0.3300 0.3600 0.3700 0.3600 0.5331 0.6550 0.7256 0.7450 0.7131 0.7500 0.7656 0.7500 0.7031 0.6250 0.5156 0.3750 0.2031 0.0000 0.0400 0.2100 0.3600 0.4900 0.6000 0.6900 0.7600 0.8100 0.8400 0.8500 0.8400 0.8100 0.7600 0.6900 0.6000 0.4900 0.3600 0.2100 0.0400 0.0000 0.0000 0.0000 0.0000 0.3673 0.6939 0.9388 1.1420 1.5837 1.8637 2.1657 2.3061 2.3869 2.3061 2.0637 1.6596 1.0939 0.3665 0.1837 0.0000 0.0000 0.0000 0.0000 0.0000 0.0000 0.0000 0.0000 0.0000 0.0000 0.3600 0.6400 0.9388 1.2397 1.4051 1.6262 1.8615 2.0277 2.0136 1.8193 1.8847 1.8499
0.0000 0.0000 0.3600 0.6400 0.8400 0.9600 1.0988 1.1699 1.1363 1.1709 1.1131 0.9259 1.0494 1.1235 1.1481 1.1235 1.0494 0.9630 0.9906 1.2336 1.3719 1.4054 1.3443 1.2785 1.0880 0.7728 0.3700 0.3600 0.3700 0.3600 0.3300 0.2800 0.2100 0.1200 0.0100 0.0000 0.0400 0.3200 0.5200 0.6400 0.6800 0.6400 0.5356 0.6720 0.6972 0.8903 1.0513 1.1403 1.1972 1.1020 1.0156 1.0000 0.9531 0.8750 0.7656 0.6250 0.6406 0.6806 0.7881 1.0631 1.3025 1.4906 1.6275 1.7131 1.7475 1.7306 1.6625 1.5431 1.3725 1.1506 0.8775 0.6000 0.4900 0.3878 0.2100 0.0400 0.0000 0.0000 0.0000 0.0000 0.0000 0.0000 0.0000 0.0000 0.0000 0.2469 0.5833 0.8395 1.0154 1.1111 1.3306 1.5303 1.5289 1.4865 1.4394 1.3006 1.1288 1.1584 1.2871 1.2751 1.1222 0.8286 0.4441 0.0400 0.0000 0.0156 0.0833 0.2222 0.3056 0.3733 0.4156 0.3822 0.2733 0.2000 0.1900 0.1600 0.1100 0.0700 0.1600 0.2700 0.3600 0.4300 0.4800 0.5100 0.5200 0.5100 0.5425 0.6644 0.7350 0.7544 0.7225 0.6394 0.6250 0.6094 0.5625 0.4844 0.3750 0.2344 0.0625 0.0000 0.1100 0.2800 0.4300 0.5600 0.6700 0.7600 0.8300 0.8800 0.9100 0.9200 0.9100 0.8800 0.8300 0.7600 0.6700 0.5600 0.4300 0.2800 0.1100 0.0000 0.0000 0.0000 0.2041 0.6122 0.9388 1.1837 1.3469 1.7886 2.2522 2.5543 2.6539 2.5510 2.4702 2.2278 1.8237 1.2580 0.5306 0.3673 0.1837 0.0000 0.0000 0.0000 0.0000 0.0000 0.0000 0.0000 0.0000 0.0000 0.3420 0.7241 0.9853 1.2492 1.5246 1.6845 1.6788 1.6319 1.6178 1.5435 1.6089 1.5741
0.0000 0.0000 0.2400 0.5200 0.7200 0.8400 0.8800 0.8647 0.8311 0.8040 0.7462 0.6790 0.8025 0.8765 0.9012 0.8765 0.8889 0.9012 0.8889 0.8919 1.0301 1.0637 0.9926 0.8168 0.5763 0.2611 0.1600 0.1900 0.2000 0.1900 0.1600 0.1100 0.0400 0.0000 0.0000 0.0000 0.2400 0.5200 0.7200 0.8400 0.8800 0.8400 0.7200 0.7544 0.6775 0.6094 0.7704 0.8594 0.9375 1.0048 1.0000 0.9844 0.9375 0.8594 0.7500 0.6094 0.6719 0.7819 0.8894 1.1800 1.4194 1.6075 1.7444 1.8300 1.8644 1.8475 1.7794 1.6600 1.4894 1.2675 0.9944 0.6700 0.5600 0.4423 0.2800 0.1100 0.0000 0.0000 0.0000 0.0000 0.0000 0.0000 0.0000 0.0000 0.0988 0.2932 0.6296 0.8858 1.0617 1.1574 1.4381 1.6078 1.7564 1.7640 1.6305 1.3929 1.4000 1.6696 1.7984 1.7863 1.6335 1.3398 0.9053 0.3300 0.0400 0.1389 0.3333 0.4822 0.6756 0.7933 0.8356 0.8022 0.6933 0.5089 0.3600 0.3300 0.2900 0.3700 0.4100 0.4100 0.4900 0.5600 0.6100 0.6400 0.6500 0.6400 0.6100 0.6225 0.6931 0.7125 0.6806 0.5975 0.4631 0.4375 0.3906 0.3125 0.2031 0.0625 0.0000 0.0000 0.1600 0.3300 0.4800 0.6100 0.7200 0.8100 0.8800 0.9300 0.9600 0.9700 0.9600 0.9300 0.8800 0.8100 0.7200 0.6100 0.4800 0.3300 0.1600 0.0000 0.0000 0.2237 0.3673 0.7755 1.1020 1.3469 1.5102 1.9339 2.4384 2.7404 2.8400 2.7371 2.4727 2.2302 1.8261 1.2604 0.6531 0.5102 0.3265 0.1020 0.0000 0.0000 0.0000 0.0000 0.0000 0.0000 0.0000 0.1837 0.3665 0.7486 1.0098 1.1902 1.4786 1.6384 1.6328 1.4617 1.1251 1.1674 1.2328 1.1980
0.0000 0.0000 0.0400 0.3200 0.5200 0.6400 0.6800 0.6400 0.5200 0.3447 0.2499 0.3827 0.5062 0.6273 0.7037 0.7654 0.8025 0.8148 0.8025 0.7654 0.7037 0.6173 0.5462 0.3704 0.2099 0.0247 0.0000 0.0000 0.0100 0.0000 0.0000 0.0000 0.0000 0.0000 0.0000 0.0000 0.3600 0.6400 0.8400 0.9600 1.0000 0.9600 0.8400 0.8275 0.7506 0.5625 0.8052 1.0166 1.1559 1.2232 1.2184 1.1416 0.9927 0.8125 0.7031 0.5781 0.6406 0.8006 0.9550 1.2456 1.4850 1.6731 1.8100 1.8956 1.9300 1.9131 1.8450 1.7256 1.5550 1.3578 1.1711 0.9085 0.8199 0.7022 0.5399 0.3328 0.1111 0.0247 0.0000 0.0000 0.0000 0.0000 0.0000 0.1235 0.2593 0.3704 0.5957 0.8519 1.0278 1.1439 1.4546 1.7443 1.8929 1.9004 1.7669 1.6035 1.7704 2.0400 2.1688 2.1567 2.0039 1.7102 1.2757 0.7004 0.3533 0.3333 0.5578 0.8267 1.0200 1.1378 1.1800 1.1467 1.0378 0.8533 0.5933 0.4800 0.5500 0.6300 0.6700 0.6700 0.6300 0.6700 0.7200 0.7500 0.7600 0.7500 0.7200 0.6700 0.6123 0.6194 0.5875 0.5322 0.3700 0.2344 0.1875 0.1094 0.0000 0.0000 0.0000 0.0000 0.1900 0.3600 0.5100 0.6400 0.7500 0.8556 0.9100 0.9600 0.9900 1.0000 0.9900 0.9600 0.9100 0.8400 0.7500 0.6400 0.5100 0.3600 0.2300 0.2400 0.4620 0.7265 0.8702 1.0971 1.2237 1.4286 1.5918 1.9176 2.4220 2.7241 2.8237 2.7208 2.4155 2.0710 1.6669 1.1012 0.7551 0.6122 0.4286 0.2041 0.0000 0.0000 0.0000 0.0000 0.0000 0.0000 0.1837 0.3673 0.5102 0.6522 0.9135 1.1639 1.3535 1.4269 1.4213 1.2502 1.1536 1.0522 1.1177 1.0828
0.0000 0.0000 0.0000 0.0400 0.2400 0.3600 0.4000 0.3600 0.2400 0.0800 0.2088 0.4193 0.5851 0.7062 0.7826 0.8143 0.8014 0.7437 0.6914 0.6543 0.5926 0.5062 0.3951 0.2593 0.0988 0.0000 0.0000 0.0000 0.0000 0.0000 0.0000 0.0000 0.0000 0.0000 0.0000 0.0400 0.4000 0.6800 0.8800 1.0000 1.0400 1.0000 0.8800 0.7894 0.7125 0.7080 0.9515 1.1629 1.3023 1.3696 1.3648 1.2879 1.1390 0.9180 0.6250 0.4844 0.5469 0.7369 0.9694 1.2600 1.4994 1.6875 1.8244 1.9100 1.9444 1.9275 1.8594 1.7400 1.6681 1.5574 1.3707 1.1080 1.0351 0.9174 0.7551 0.5480 0.2963 0.2099 0.0988 0.0000 0.0000 0.0000 0.0988 0.2593 0.3951 0.5062 0.5926 0.7377 0.9136 1.0193 1.4500 1.7397 1.8883 1.8958 1.8734 1.8489 2.0988 2.2696 2.3984 2.3863 2.2335 1.9398 1.5053 0.9300 0.7422 0.4922 0.8267 1.0956 1.2889 1.4067 1.4489 1.4156 1.3067 1.1222 0.8622 0.6500 0.7700 0.8500 0.8900 0.8900 0.8500 0.7700 0.8100 0.8400 0.8747 0.9511 0.9828 0.9699 0.9956 1.0321 0.9684 0.8044 0.5559 0.2622 0.0833 0.0000 0.0000 0.0000 0.0000 0.0100 0.2000 0.3700 0.6294 0.8375 0.9944 1.1000 1.1544 1.1575 1.1094 1.0100 1.0000 0.9700 0.9200 0.8900 0.7600 0.6500 0.5200 0.4100 0.5200 0.5300 0.8441 1.1086 1.2522 1.3771 1.5037 1.4686 1.5918 1.9388 2.2033 2.5053 2.6049 2.5020 2.1967 1.7502 1.3461 1.0204 0.8163 0.6735 0.4898 0.2653 0.0000 0.0000 0.0000 0.0000 0.0000 0.1020 0.3265 0.5102 0.6531 0.7551 0.8163 0.9967 1.1863 1.2351 1.2631 1.3135 1.3588 1.2999 1.2633 1.2656
0.0000 0.0000 0.0000 0.0000 0.0000 0.0000 0.0400 0.0100 0.1200 0.2100 0.2800 0.4535 0.6193 0.7404 0.8168 0.8485 0.8356 0.7779 0.6756 0.5285 0.4568 0.3704 0.2593 0.1235 0.0000 0.0000 0.0000 0.0000 0.0000 0.0000 0.0000 0.0000 0.0000 0.0000 0.0000 0.0000 0.3600 0.6400 0.8400 0.9600 1.0000 0.9600 0.8400 0.6400 0.7468 0.7423 1.0258 1.2372 1.3766 1.4439 1.4391 1.3622 1.2133 0.9923 0.6993 0.3750 0.4006 0.5906 0.9325 1.2231 1.4625 1.6506 1.7875 1.8731 1.9075 1.8906 1.8225 1.8266 1.8441 1.6810 1.4943 1.2785 1.2056 1.0879 0.9256 0.7185 0.4668 0.3704 0.2593 0.1235 0.0000 0.0247 0.2099 0.3704 0.5062 0.6173 0.7037 0.7654 0.8025 0.9348 1.3043 1.5940 1.8259 1.9724 2.0333 2.0487 2.2987 2.3831 2.4871 2.4751 2.3222 2.0286 1.5941 1.0800 0.9756 0.8560 1.0200 1.2889 1.4822 1.6000 1.6422 1.6089 1.5000 1.3156 1.0556 0.8300 0.9500 1.0300 1.0700 1.0700 1.0300 0.9500 0.8800 1.0088 1.1299 1.2063 1.2380 1.3640 1.5007 1.5373 1.4736 1.3096 1.0454 0.6810 0.3333 0.1389 0.0000 0.0000 0.0000 0.0000 0.2525 0.5631 0.8225 1.0306 1.1875 1.2931 1.3475 1.3506 1.3229 1.2031 1.0925 1.2000 1.2700 1.2400 1.1100 0.8800 0.5500 0.6000 0.7100 0.7200 1.1053 1.3698 1.5135 1.5363 1.6220 1.5869 1.5306 1.8776 2.1020 2.2041 2.1837 2.0808 1.7755 1.3878 1.1837 0.9388 0.8367 0.6939 0.5502 0.2857 0.0204 0.0000 0.0000 0.0000 0.0000 0.2041 0.4286 0.6122 0.7551 0.8571 0.9184 1.1288 1.2784 1.3671 1.5340 1.6956 1.7408 1.6696 1.5433 1.5456
0.0000 0.0000 0.0000 0.0000 0.0000 0.0000 0.0300 0.1600 0.2700 0.3600 0.4300 0.4800 0.6088 0.7299 0.8063 0.8380 0.8251 0.7674 0.6651 0.5180 0.3263 0.2099 0.0988 0.0000 0.0000 0.0000 0.0000 0.0000 0.0000 0.0000 0.0000 0.0000 0.0000 0.0000 0.0000 0.0000 0.2400 0.5200 0.7200 0.8400 0.8800 0.8400 0.7200 0.6220 0.6290 0.7446 1.0281 1.2395 1.3788 1.4461 1.4413 1.3645 1.2156 0.9946 0.7015 0.3364 0.1719 0.5025 0.8444 1.1350 1.3744 1.5625 1.6994 1.7850 1.8441 1.9536 2.2460 2.4441 2.4617 2.2985 1.9548 1.5554 1.3560 1.2137 1.0514 0.8443 0.5926 0.5062 0.3951 0.2593 0.0988 0.1111 0.2963 0.4568 0.5926 0.7037 0.7901 0.8519 0.9289 1.1112 1.3666 1.6684 1.9003 2.0468 2.1077 2.0831 2.3330 2.4174 2.4351 2.4231 2.2702 1.9765 1.6441 1.3619 1.3586 1.2890 1.4431 1.6107 1.7020 1.7178 1.7600 1.7267 1.6178 1.4333 1.1733 0.9978 1.0900 1.1700 1.2100 1.2100 1.1700 1.0900 1.0935 1.2193 1.3404 1.4168 1.5319 1.7689 1.9057 1.9422 1.8785 1.7146 1.4504 1.0859 0.6512 0.3333 0.0833 0.0000 0.0000 0.0625 0.3944 0.7050 0.9644 1.1725 1.3294 1.5770 1.6935 1.7734 1.7301 1.6503 1.7185 1.6145 1.5200 1.4900 1.3600 1.1300 0.8000 0.7300 0.8000 0.8604 1.2457 1.5102 1.6539 1.6924 1.5788 1.5437 1.3469 1.6939 1.9184 2.0204 2.0000 1.8571 1.5918 1.2041 0.9796 0.9584 1.0563 1.0335 0.8898 0.6253 0.2400 0.0400 0.0000 0.0000 0.0000 0.2653 0.4898 0.6735 0.8163 0.9184 0.9896 1.2000 1.3496 1.5217 1.7997 1.9612 2.0065 1.9353 1.7478 1.7500
0.0000 0.0000 0.0000 0.0000 0.0000 0.0100 0.1600 0.2900 0.4000 0.4900 0.5600 0.6100 0.6400 0.6747 0.7511 0.7828 0.7699 0.7122 0.6099 0.4628 0.2711 0.0347 0.0000 0.0000 0.0000 0.0000 0.0000 0.0000 0.0000 0.0000 0.0000 0.0000 0.0000 0.0000 0.0000 0.0000 0.0400 0.3200 0.5200 0.6400 0.6800 0.6400 0.5200 0.5241 0.4686 0.6747 0.9582 1.1696 1.3090 1.3763 1.3715 1.2946 1.1457 0.9247 0.6317 0.2666 0.0000 0.3631 0.7050 0.9956 1.2350 1.4231 1.5600 1.7444 1.9299 2.3041 2.6829 2.8811 2.8986 2.7355 2.3917 2.1017 1.6623 1.3936 1.1325 0.9254 0.7037 0.6173 0.5062 0.3704 0.2099 0.1975 0.3580 0.5185 0.6543 0.7654 0.8519 1.0230 1.2481 1.4773 1.6306 1.8916 2.0767 2.1450 2.0966 2.0720 2.2019 2.2863 2.2422 2.2302 2.0773 1.9673 1.7165 1.5086 1.5754 1.6258 1.7798 1.8775 1.9688 1.9437 1.8022 1.7689 1.6600 1.4756 1.2156 1.0700 1.1900 1.2700 1.3100 1.3100 1.2700 1.2888 1.3293 1.3851 1.5062 1.5826 1.8365 2.0736 2.2104 2.2469 2.1832 2.0193 1.7828 1.3906 0.9259 0.5710 0.2222 0.0000 0.0000 0.2031 0.4850 0.7956 1.0950 1.5031 2.0730 2.4397 2.6029 2.5629 2.3319 2.3529 2.3429 2.1297 1.8537 1.6400 1.5100 1.2800 0.9900 0.9200 0.7900 0.8800 1.3847 1.7173 1.9078 1.9463 1.8327 1.5671 1.2514 1.3878 1.6122 1.7143 1.6939 1.5510 1.2857 0.9388 0.9584 1.1771 1.2751 1.2522 1.1086 0.8441 0.5200 0.3200 0.0400 0.0000 0.0204 0.2857 0.5102 0.6939 0.8367 0.9388 1.0000 1.2104 1.3600 1.6710 1.9490 2.1105 2.1558 2.0846 1.8971 1.8789
0.0000 0.0000 0.0000 0.0000 0.0000 0.1200 0.2700 0.4000 0.5100 0.6000 0.6700 0.7200 0.7500 0.7600 0.7500 0.7200 0.6700 0.6123 0.5100 0.4000 0.2700 0.1200 0.0000 0.0000 0.0000 0.0000 0.0000 0.0000 0.0000 0.0000 0.0000 0.0000 0.0000 0.0000 0.0000 0.0000 0.0000 0.0400 0.2400 0.3600 0.4000 0.3600 0.2400 0.3053 0.4898 0.6735 0.8163 1.0277 1.1671 1.2344 1.2296 1.1527 1.0038 0.7828 0.4898 0.2653 0.0000 0.1725 0.5144 0.8050 1.0444 1.2325 1.4928 1.7143 2.0997 2.5604 2.9392 3.1373 3.1549 2.9918 2.7886 2.4986 2.0593 1.5905 1.2923 0.9619 0.7901 0.7037 0.5926 0.4568 0.2963 0.3210 0.3951 0.5556 0.6914 0.8650 1.0920 1.2631 1.5383 1.7675 1.9208 1.9981 2.1832 2.2515 2.2031 2.0379 1.9053 1.9897 1.9086 1.8965 1.9273 1.8173 1.7502 1.5422 1.5757 1.8261 1.9801 2.0278 2.1191 2.0940 1.9526 1.7356 1.6267 1.4422 1.1922 1.1300 1.2500 1.3300 1.3700 1.3700 1.3547 1.4599 1.5004 1.5062 1.6273 1.7037 2.0410 2.2780 2.4148 2.5347 2.6099 2.5293 2.2928 1.9006 1.3526 0.8488 0.3302 0.0000 0.1094 0.3125 0.5244 0.8750 1.4769 2.2093 2.8039 3.2569 3.4820 3.4790 3.2480 3.1490 3.0620 2.7869 2.2839 1.8737 1.5600 1.3300 1.0400 1.0400 0.9025 1.2331 1.6766 2.0092 2.1697 2.1582 1.9746 1.6690 1.2513 1.2235 1.2462 1.2857 1.2653 1.1837 1.0204 0.8367 1.0563 1.2751 1.3731 1.3502 1.2065 0.9420 0.7200 0.5200 0.2400 0.0000 0.0000 0.2653 0.4898 0.6735 0.8163 0.9184 0.9796 1.1600 1.3096 1.7039 1.9819 2.1435 2.1887 2.1175 1.9300 1.9322
0.0000 0.0000 0.0000 0.0000 0.0400 0.2100 0.3600 0.4900 0.6000 0.6900 0.7600 0.8100 0.8400 0.8500 0.8400 0.8100 0.7723 0.6900 0.6000 0.4900 0.3600 0.2100 0.0400 0.0000 0.0000 0.0000 0.0000 0.0000 0.0000 0.0000 0.0000 0.0000 0.0000 0.0000 0.0000 0.0000 0.0000 0.0000 0.0000 0.0000 0.0400 0.0000 0.0204 0.2857 0.5102 0.6939 0.8367 0.9388 1.0000 1.0204 1.0156 0.9388 0.8367 0.6939 0.5102 0.2857 0.0204 0.0400 0.2725 0.5631 0.8025 1.0894 1.3868 1.6082 2.1137 2.6361 3.0148 3.2130 3.2305 3.1768 3.0362 2.7462 2.3068 1.7180 1.4199 1.0523 0.8519 0.7654 0.6543 0.5185 0.3704 0.3951 0.4074 0.5679 0.7662 1.0492 1.2762 1.4473 1.7525 1.9817 2.1350 2.2123 2.2137 2.2412 2.1928 2.0276 1.7456 1.5275 1.4464 1.5241 1.6365 1.7102 1.6431 1.4351 1.5997 1.8901 2.0441 2.0618 2.1531 2.1280 1.9865 1.7287 1.5178 1.3333 1.0733 1.1500 1.2700 1.3500 1.3900 1.3900 1.4611 1.5663 1.6068 1.5826 1.7037 1.8079 2.1452 2.3822 2.6579 2.8889 2.9641 2.8835 2.6470 2.2548 1.7068 1.2130 0.5833 0.0278 0.1875 0.3906 0.5625 1.1256 1.9389 2.8109 3.4920 3.9450 4.1700 4.1670 3.9760 3.8770 3.5900 3.3150 2.8120 2.1278 1.6220 1.4000 1.1600 1.1025 1.1244 1.4550 1.7964 2.1290 2.2896 2.2781 2.0945 1.7388 1.3311 1.1913 1.1732 1.0829 1.0204 0.9388 0.7755 0.6939 1.0335 1.2522 1.3502 1.3273 1.1837 0.9600 0.8400 0.6400 0.3600 0.0000 0.0000 0.2041 0.4286 0.6122 0.7551 0.8571 0.9184 1.0488 1.2261 1.6205 1.8984 2.0600 2.1052 2.0341 1.9078 1.9100
0.0000 0.0000 0.0000 0.0000 0.1100 0.2800 0.4300 0.5600 0.6700 0.7600 0.8300 0.8800 0.9347 1.0311 1.0828 1.0899 1.0522 0.9699 0.8428 0.6711 0.4547 0.2800 0.1100 0.0000 0.0000 0.0000 0.0000 0.0000 0.0000 0.0000 0.0000 0.0000 0.0000 0.0000 0.0000 0.0000 0.0000 0.0000 0.0000 0.0000 0.0000 0.0000 0.0100 0.2653 0.4898 0.6735 0.8163 0.9184 0.9796 1.0000 0.9796 0.9184 0.8163 0.6735 0.4898 0.2653 0.0000 0.0000 0.1200 0.2700 0.5341 0.9074 1.2047 1.4662 1.9717 2.5311 2.9099 3.1080 3.2662 3.2749 3.1343 2.8443 2.4049 1.8162 1.4780 1.1605 0.9136 0.8025 0.6914 0.5556 0.3951 0.4198 0.3951 0.5679 0.8945 1.1775 1.4045 1.5856 1.8908 2.1200 2.2733 2.3506 2.3520 2.2775 2.1270 1.9006 1.6186 1.2199 1.0000 1.1741 1.3886 1.4622 1.5151 1.5171 1.6384 1.8177 1.9717 1.9894 2.0707 2.0456 1.9041 1.6463 1.3333 1.1489 1.0000 1.1300 1.2500 1.3300 1.3700 1.3700 1.5028 1.6080 1.6485 1.6243 1.7354 1.8119 2.1491 2.4695 2.8563 3.0873 3.1625 3.0819 2.8454 2.4532 1.9352 1.4414 0.8117 0.0833 0.2344 0.4375 0.6094 1.3231 2.3619 3.2710 3.9520 4.4050 4.6300 4.6270 4.3961 4.2970 3.8900 3.6150 3.1120 2.4110 1.8475 1.4000 1.1600 1.0431 1.1750 1.5456 1.7850 2.0768 2.2373 2.2258 2.0422 1.6866 1.4789 1.2191 0.9872 0.8970 0.6939 0.6122 0.4898 0.5502 0.8898 1.1086 1.2065 1.1837 1.0400 1.0000 0.8800 0.6800 0.4000 0.0400 0.0000 0.1020 0.3265 0.5102 0.6531 0.7551 0.8163 0.8767 1.0263 1.4207 1.6986 1.8602 1.9054 1.8343 1.8100 1.8122
0.0000 0.0000 0.0000 0.0000 0.1600 0.3300 0.4800 0.6100 0.7200 0.8100 0.8800 1.0288 1.1699 1.2663 1.3180 1.3251 1.2874 1.2051 1.0780 0.9063 0.6899 0.4288 0.1600 0.0000 0.0000 0.0000 0.0000 0.0000 0.0000 0.0000 0.0000 0.0000 0.0000 0.0000 0.0000 0.0000 0.0000 0.0000 0.0400 0.1100 0.1600 0.1900 0.2000 0.3941 0.5886 0.7222 0.7951 0.8571 0.9184 0.9388 0.9184 0.8571 0.7551 0.6122 0.4286 0.2041 0.0000 0.0000 0.0100 0.1600 0.4011 0.6963 0.9468 1.1682 1.6860 2.2923 2.7493 3.0568 3.2149 3.2237 3.0831 2.7931 2.3537 1.7649 1.4668 1.2593 1.0123 0.8148 0.7037 0.5926 0.5185 0.5679 0.5802 0.8501 1.1767 1.4226 1.5880 1.6726 1.9531 2.1823 2.3356 2.4130 2.4144 2.3398 2.1893 1.9629 1.6605 1.2822 0.9900 1.2253 1.3998 1.5135 1.5663 1.5584 1.6796 1.7200 1.7629 1.7806 1.8719 1.8468 1.7054 1.4475 1.0733 1.0000 0.9900 1.0700 1.1900 1.2700 1.3100 1.3100 1.4799 1.5851 1.6256 1.6014 1.7225 1.7989 2.0528 2.5121 2.8989 3.1299 3.2051 3.1244 2.8880 2.4958 2.0278 1.5340 0.9043 0.2378 0.2500 0.4531 0.7744 1.5769 2.5939 3.5030 4.1840 4.6370 4.8621 4.8591 4.6281 4.4091 4.0021 3.6870 3.1940 2.6130 2.0339 1.3788 1.1494 1.1125 1.1344 1.5050 1.7444 1.8525 2.0130 2.0015 1.8179 1.7023 1.5346 1.2748 0.9229 0.6390 0.3951 0.2041 0.2653 0.2857 0.6253 0.8441 0.9420 0.9600 1.0000 0.9600 0.8400 0.6400 0.3600 0.0000 0.0000 0.0000 0.1837 0.3673 0.5102 0.6122 0.6735 0.6939 0.7935 1.1045 1.3824 1.5440 1.5892 1.5589 1.6644 1.6389
0.0000 0.0000 0.0000 0.0000 0.1900 0.3600 0.5100 0.6400 0.7500 0.8400 1.0335 1.2193 1.3604 1.4568 1.5085 1.5156 1.4779 1.3956 1.2685 1.0968 0.8804 0.6193 0.3135 0.0000 0.0000 0.0000 0.0000 0.0000 0.0000 0.0000 0.0000 0.0000 0.0000 0.0000 0.0000 0.0000 0.0100 0.1200 0.2100 0.2800 0.3300 0.3600 0.3700 0.4620 0.6565 0.7902 0.8631 0.8751 0.8263 0.8367 0.8163 0.7551 0.6531 0.5102 0.3265 0.1020 0.0000 0.0000 0.0000 0.0300 0.3328 0.6280 0.8785 1.0843 1.4854 2.0917 2.5486 2.8562 3.0143 3.0231 2.8825 2.5925 2.1531 1.6843 1.5062 1.3291 1.0617 0.8025 0.7901 0.7654 0.6914 0.6790 0.6914 1.0517 1.3783 1.6242 1.7895 1.8742 2.0383 2.1687 2.3220 2.3994 2.4007 2.3262 2.1757 1.9493 1.6469 1.2686 0.9804 1.2157 1.3902 1.5039 1.5567 1.5488 1.6400 1.6804 1.6800 1.5488 1.5567 1.5317 1.3902 1.2157 0.9804 0.9700 0.9600 0.9700 1.0900 1.1700 1.2100 1.2223 1.3922 1.4974 1.5379 1.5437 1.6648 1.7412 1.8563 2.3989 2.7857 3.0167 3.0919 3.0112 2.7748 2.3826 1.9846 1.4907 0.8611 0.3179 0.2344 0.4375 0.8216 1.7309 2.7180 3.5070 4.1880 4.6411 4.8661 4.8631 4.6321 4.2131 3.8061 3.5311 3.1480 2.5670 2.0036 1.2703 1.1322 1.1006 1.2825 1.4531 1.5725 1.6930 1.6575 1.7252 1.7416 1.6659 1.4982 1.2384 0.8866 0.4927 0.1875 0.0000 0.0000 0.0204 0.2400 0.5200 0.7200 0.8400 0.8800 0.8400 0.7200 0.5200 0.2400 0.0000 0.0000 0.0000 0.0000 0.1837 0.3265 0.4286 0.4898 0.5102 0.4998 0.6719 0.9499 1.1948 1.3789 1.6156 1.7211 1.6956
0.0000 0.0000 0.0000 0.0100 0.2000 0.3700 0.5200 0.6500 0.7600 0.9488 1.1793 1.3651 1.5062 1.5926 1.6543 1.6614 1.6237 1.5414 1.4143 1.2426 1.0262 0.7651 0.4593 0.1088 0.0000 0.0000 0.0000 0.0000 0.0000 0.0000 0.0000 0.0000 0.0000 0.0000 0.0000 0.0300 0.1600 0.2700 0.3600 0.4300 0.4800 0.5100 0.5200 0.5100 0.6637 0.7973 0.8702 0.8822 0.8335 0.7239 0.6735 0.6122 0.5102 0.3673 0.1837 0.0000 0.0000 0.0000 0.0000 0.0000 0.2199 0.5151 0.7656 0.9714 1.1725 1.7417 2.1986 2.5062 2.6643 2.6731 2.5325 2.2425 1.9051 1.8584 1.7715 1.5944 1.3270 1.0930 1.0156 0.8889 0.8148 0.7160 0.7654 1.1726 1.4992 1.7452 1.9105 1.9952 2.1092 2.2026 2.2325 2.3098 2.3112 2.2367 2.0862 1.8597 1.5574 1.1791 0.9100 1.1453 1.3198 1.4335 1.4863 1.5184 1.7596 1.9200 1.9196 1.8384 1.7263 1.4735 1.3198 1.1453 0.9100 0.9200 0.9100 0.8800 0.9500 1.0300 1.0700 1.0700 1.2399 1.3451 1.3856 1.4414 1.5625 1.6389 1.6984 2.1299 2.5167 2.7477 2.8228 2.7422 2.5058 2.1636 1.8056 1.3117 0.7932 0.3333 0.2153 0.3906 0.9080 1.6769 2.6640 3.4430 4.0140 4.4171 4.6421 4.6391 4.4181 3.9491 3.4221 3.1871 2.8540 2.3199 1.8065 1.1363 1.0755 1.2222 1.5305 1.7628 1.9193 1.9997 2.0043 1.9328 1.7855 1.5622 1.3698 1.1100 0.8194 0.4775 0.2344 0.0000 0.0000 0.0000 0.0400 0.3200 0.5200 0.6400 0.6800 0.6400 0.5200 0.3200 0.0400 0.0000 0.0000 0.0000 0.0000 0.0000 0.1020 0.2041 0.2653 0.2857 0.2653 0.2341 0.5398 0.9367 1.3044 1.5411 1.6467 1.6211
0.0000 0.0000 0.0000 0.0000 0.1900 0.3600 0.5100 0.6400 0.7747 1.0499 1.2804 1.4662 1.6073 1.7037 1.7554 1.7625 1.7248 1.6425 1.5154 1.3437 1.1273 0.8662 0.5604 0.2099 0.0247 0.0000 0.0000 0.0000 0.0000 0.0000 0.0000 0.0000 0.0000 0.0000 0.0100 0.1600 0.2900 0.4000 0.4900 0.5600 0.6100 0.6400 0.6500 0.6400 0.6100 0.7437 0.8165 0.8563 0.7798 0.6702 0.4998 0.4286 0.3265 0.1837 0.0000 0.0000 0.0000 0.0000 0.0000 0.0123 0.2222 0.4074 0.6079 0.8137 0.9748 1.2423 1.6993 2.0068 2.1649 2.1737 2.0331 1.9768 2.0302 2.0335 1.9466 1.7695 1.6009 1.4039 1.3142 1.1466 0.8889 0.7654 0.8057 1.2130 1.5395 1.7855 1.9508 2.0355 2.0795 2.1730 2.1657 2.1443 2.1457 2.0712 1.9207 1.6943 1.3919 1.1000 0.8556 1.0141 1.1886 1.3022 1.3951 1.6671 1.8384 1.9988 1.9984 1.9871 1.8751 1.6222 1.2286 1.0141 0.8400 0.8500 0.8400 0.8100 0.7700 0.8500 0.8900 0.8900 1.0228 1.1280 1.1685 1.2943 1.4154 1.4919 1.5236 1.8162 2.0919 2.3228 2.3980 2.3174 2.0810 1.8888 1.4907 1.1080 0.7284 0.3056 0.1094 0.3281 0.9072 1.4761 2.4020 3.1810 3.7921 4.2251 4.4301 4.4071 4.1561 3.7075 3.2901 2.9051 2.4321 2.0060 1.5326 1.0593 1.2816 1.4930 1.8013 2.0336 2.1901 2.2705 2.2751 2.2036 2.0563 1.8330 1.5338 1.1956 0.9050 0.5631 0.2500 0.0156 0.0000 0.0000 0.0000 0.0400 0.2400 0.3600 0.4000 0.3600 0.2400 0.0400 0.0000 0.0000 0.0000 0.0000 0.0000 0.0000 0.0000 0.0000 0.0000 0.0204 0.0000 0.0833 0.3433 0.7311 1.0989 1.3356 1.4411 1.4156
0.0000 0.0000 0.0000 0.0000 0.1600 0.3300 0.4800 0.6100 0.8311 1.1063 1.3368 1.5226 1.6637 1.7601 1.8119 1.8189 1.7812 1.6989 1.5719 1.4001 1.1837 0.9226 0.6168 0.2963 0.1111 0.0000 0.0000 0.0000 0.0000 0.0000 0.0000 0.0000 0.0000 0.0000 0.1200 0.2700 0.4000 0.5100 0.6000 0.6700 0.7200 0.7500 0.7600 0.7500 0.8033 0.8922 1.0076 1.0474 0.9709 0.7779 0.4686 0.2041 0.1020 0.0000 0.0000 0.0000 0.0000 0.0000 0.0000 0.0000 0.2099 0.3951 0.5833 0.6914 0.8025 0.9136 1.1705 1.3580 1.5462 1.6049 1.8380 2.0217 2.1151 2.1184 2.0315 1.8791 1.8173 1.5999 1.5225 1.3550 1.0973 0.7901 0.8025 1.1726 1.4992 1.7452 1.9105 1.9952 1.9992 2.0426 2.0354 1.9276 1.9043 1.8297 1.6793 1.4528 1.1875 0.9944 0.7500 0.8220 0.9965 1.1102 1.4031 1.6751 1.8063 1.9167 1.9663 1.9951 1.8831 1.6302 1.2365 0.8220 0.7500 0.7600 0.7500 0.7200 0.6700 0.6300 0.6700 0.6700 0.7411 0.8463 0.9368 1.1026 1.2393 1.3001 1.3319 1.5411 1.7335 1.8256 1.8574 1.9768 1.9804 1.8815 1.6223 1.2030 0.6390 0.2222 0.0000 0.2031 0.8193 1.3482 1.9420 2.8310 3.4920 3.9251 4.2321 4.3112 4.1214 3.9028 3.5354 3.1392 2.5641 2.0554 1.5120 1.2385 1.5135 1.6879 1.9962 2.2285 2.3849 2.4654 2.4699 2.3985 2.2512 2.0279 1.7286 1.3535 0.9394 0.5975 0.2344 0.0000 0.0000 0.0000 0.0000 0.0000 0.0000 0.0000 0.0400 0.0000 0.0000 0.0000 0.0000 0.0000 0.0000 0.0000 0.0000 0.0000 0.0000 0.0000 0.0000 0.0000 0.0000 0.2222 0.4722 0.6667 0.8456 0.9989 1.1044 1.0789
0.0000 0.0000 0.0000 0.0000 0.1100 0.2800 0.4300 0.5600 0.8428 1.1180 1.3485 1.5343 1.6754 1.7923 1.8236 1.8306 1.7930 1.7106 1.5836 1.4119 1.1954 0.9343 0.6285 0.3580 0.1728 0.0000 0.0000 0.0000 0.0000 0.0000 0.0000 0.0000 0.0000 0.0400 0.2100 0.3600 0.4900 0.6000 0.6900 0.7600 0.8100 0.8400 0.8500 0.9789 1.1433 1.2322 1.2456 1.1833 1.0456 0.8526 0.5433 0.1789 0.0000 0.0000 0.0000 0.0000 0.0000 0.0000 0.0000 0.0833 0.3951 0.6636 0.8519 0.9599 0.9877 0.9352 1.0123 1.2099 1.3580 1.5588 1.8327 2.0164 2.1099 2.2152 2.2303 2.2255 2.1638 1.9834 1.8448 1.5752 1.2154 0.9539 0.8889 1.0887 1.3783 1.6242 1.7895 1.8742 1.8783 1.8117 1.8045 1.6966 1.5869 1.5124 1.3619 1.1725 1.0306 0.8375 0.6400 0.6100 0.7437 0.8573 1.2702 1.5422 1.6735 1.6739 1.8335 1.8622 1.7502 1.4973 1.1037 0.6100 0.6400 0.6500 0.6400 0.6100 0.5600 0.4900 0.4100 0.4100 0.3947 0.6093 0.8879 1.1005 1.2373 1.2981 1.2829 1.2752 1.3581 1.4902 1.7621 1.9737 2.0351 2.0455 1.8645 1.4920 0.9280 0.3577 0.1875 0.1842 0.6441 1.2030 1.7748 2.4230 2.9640 3.5807 3.9286 4.1277 4.1255 3.9593 3.5919 3.2256 2.7912 2.2417 1.6542 1.4467 1.6448 1.8191 2.1151 2.3474 2.5039 2.5843 2.5889 2.5174 2.3701 2.1624 1.8476 1.4724 1.0213 0.5806 0.1875 0.0000 0.0000 0.0000 0.0000 0.0000 0.0000 0.0000 0.0000 0.0000 0.0000 0.0000 0.0000 0.0000 0.0000 0.0000 0.0000 0.0000 0.0000 0.0000 0.0000 0.0000 0.0000 0.3056 0.5556 0.7500 0.8889 0.9722 1.0000 0.9722
0.0000 0.0000 0.0000 0.0278 0.0400 0.2100 0.3600 0.4900 0.8099 1.0851 1.4176 1.7054 1.9078 2.0246 2.0559 2.0017 1.8620 1.6777 1.5506 1.3789 1.1625 0.9014 0.5956 0.3951 0.2099 0.0000 0.0000 0.0000 0.0000 0.0000 0.0000 0.0000 0.0000 0.1100 0.2800 0.4300 0.5600 0.6700 0.7600 0.8300 0.8800 0.9100 1.0033 1.2433 1.4078 1.4967 1.5100 1.4478 1.3100 1.0967 0.8078 0.4433 0.0833 0.0000 0.0000 0.0000 0.0000 0.0000 0.1389 0.3333 0.5833 0.8519 1.0401 1.1481 1.1759 1.1235 0.9907 1.0123 1.1605 1.4633 1.7372 1.9209 2.1980 2.3442 2.3593 2.4162 2.3545 2.2358 2.0973 1.8277 1.4641 1.1577 0.9506 1.0723 1.2631 1.4226 1.5880 1.6726 1.6767 1.6001 1.4729 1.3651 1.1936 1.1191 1.0550 0.9644 0.8225 0.6294 0.5100 0.4800 0.4300 0.5837 0.9965 1.2686 1.3998 1.5102 1.5598 1.5886 1.4765 1.2237 0.8300 0.5200 0.5100 0.5200 0.5100 0.4800 0.4300 0.3600 0.2700 0.2225 0.2731 0.5213 0.8099 1.0226 1.1593 1.2201 1.2049 1.1139 1.0857 1.3272 1.6465 1.9306 2.1326 2.1431 1.9621 1.5896 1.1120 0.6775 0.3906 0.3125 0.5949 1.1332 1.6424 2.1070 2.8317 3.4084 3.7963 3.9953 4.0055 3.8270 3.4695 3.2127 2.8407 2.3159 1.9985 1.6854 1.6854 1.8498 2.1581 2.3904 2.5468 2.6273 2.7412 2.7479 2.6475 2.4398 2.1249 1.7029 1.1736 0.5372 0.1194 0.0000 0.0000 0.0000 0.0000 0.0000 0.0000 0.0000 0.0000 0.0000 0.0000 0.0000 0.0000 0.0000 0.0000 0.0000 0.0000 0.0000 0.0000 0.0000 0.0000 0.0000 0.0278 0.3333 0.5833 0.7778 0.9267 1.0000 1.0278 1.0000
0.0833 0.2222 0.3056 0.3333 0.3056 0.3422 0.3533 0.4123 0.7322 1.1911 1.5644 1.8523 2.0546 2.1714 2.2028 2.1486 2.0089 1.7837 1.4730 1.3012 1.0848 0.8237 0.5679 0.4074 0.2222 0.0123 0.0000 0.0000 0.0000 0.0000 0.0000 0.0000 0.0000 0.1600 0.3300 0.4800 0.6100 0.7200 0.8100 0.8800 0.9300 0.9600 1.1922 1.4322 1.5967 1.6856 1.6989 1.6367 1.4989 1.2856 0.9967 0.6322 0.2222 0.0000 0.0000 0.0000 0.0000 0.0833 0.3333 0.5278 0.6914 0.9599 1.1481 1.2562 1.2840 1.2315 1.0988 0.8858 0.9136 1.2777 1.5515 1.9189 2.1960 2.3422 2.3573 2.4512 2.3895 2.3573 2.2587 2.2261 2.1060 1.7996 1.3477 1.2400 1.2308 1.3256 1.4045 1.4275 1.3945 1.3179 1.1607 0.9699 0.8231 0.8350 0.7956 0.7050 0.5631 0.3700 0.3600 0.3300 0.2800 0.2100 0.5820 0.8541 1.1053 1.2457 1.2653 1.1741 1.0620 0.8500 0.6400 0.3300 0.3600 0.3700 0.3600 0.3300 0.2800 0.2100 0.1825 0.2444 0.3750 0.4844 0.6860 0.8686 1.0054 1.0662 1.0810 1.0399 0.9429 1.2333 1.5057 1.8367 2.0387 2.0492 1.8682 1.5327 1.2650 0.9694 0.5625 0.4844 0.6678 1.0655 1.4654 1.9695 2.5513 3.0872 3.4751 3.6742 3.6844 3.5158 3.2790 3.0846 2.7535 2.4988 2.1813 1.9369 1.7254 1.8168 2.1251 2.3575 2.5764 2.7975 2.9114 2.9181 2.8176 2.6100 2.2951 1.8730 1.3438 0.7074 0.0625 0.0000 0.0000 0.0000 0.0000 0.0000 0.0000 0.0000 0.0000 0.0000 0.0000 0.0000 0.0000 0.0000 0.0000 0.0000 0.0000 0.0000 0.0000 0.0000 0.0000 0.0000 0.0400 0.4156 0.7156 0.9400 1.0889 1.1622 1.1600 1.0822
0.3333 0.4722 0.5556 0.5833 0.5556 0.4822 0.4933 0.4289 0.7936 1.2524 1.6258 1.9136 2.1159 2.2328 2.2641 2.2099 2.0702 1.8450 1.5343 1.1789 0.9625 0.7014 0.5556 0.3951 0.2099 0.0000 0.0000 0.0000 0.0000 0.0000 0.0000 0.0000 0.0000 0.1900 0.3600 0.5100 0.6400 0.7500 0.8400 0.9100 0.9600 0.9900 1.3056 1.5456 1.7100 1.7989 1.8122 1.7500 1.6122 1.3989 1.1100 0.7456 0.3056 0.0000 0.0000 0.0000 0.0000 0.2222 0.4722 0.6667 0.8056 0.9877 1.1759 1.2840 1.3117 1.2593 1.1265 0.9136 0.7241 1.0018 1.3777 1.7858 2.0630 2.2091 2.2366 2.3306 2.3553 2.3877 2.6155 2.6818 2.5616 2.2552 1.7624 1.5323 1.3825 1.2373 1.2762 1.2992 1.2662 1.1773 1.0324 0.8316 0.5748 0.5244 0.4850 0.3944 0.2525 0.2000 0.1900 0.1600 0.1100 0.0400 0.2400 0.5200 0.7200 0.8604 0.8800 0.8400 0.7200 0.5600 0.3500 0.1600 0.1900 0.2000 0.1900 0.1600 0.1100 0.0400 0.2031 0.3750 0.5156 0.6250 0.7031 0.8488 0.9755 1.0741 1.0611 1.0201 0.9630 1.1701 1.4443 1.5513 1.7533 1.7638 1.7031 1.6300 1.4456 1.1500 0.7431 0.6650 0.8367 1.0938 1.3843 1.7717 2.3067 2.7805 3.1363 3.3710 3.4894 3.4302 3.2546 3.1023 2.8232 2.5602 2.3434 2.0989 1.7854 1.7479 2.0162 2.3111 2.6394 2.8605 2.9744 2.9811 2.8806 2.6729 2.3581 1.9360 1.4068 0.7703 0.2344 0.0625 0.0000 0.0000 0.0000 0.0000 0.0000 0.0000 0.0000 0.0000 0.0000 0.0000 0.0000 0.0000 0.0000 0.0000 0.0000 0.0000 0.0000 0.0000 0.0100 0.1200 0.2100 0.5022 0.8022 1.0267 1.1756 1.2489 1.2467 1.1689
0.5278 0.6667 0.7500 0.7778 0.7500 0.6667 0.5578 0.5954 0.8527 1.2282 1.6016 1.8894 2.0918 2.2086 2.2399 2.1857 2.0460 1.8208 1.5101 1.1139 0.7954 0.6543 0.5185 0.3580 0.1728 0.0000 0.0000 0.0000 0.0000 0.0000 0.0000 0.0000 0.0100 0.2000 0.3700 0.5200 0.6500 0.7600 0.8500 0.9200 0.9700 1.0278 1.3433 1.5833 1.7478 1.8367 1.8500 1.7878 1.6500 1.4367 1.1478 0.7833 0.3433 0.0278 0.0000 0.0000 0.0000 0.3056 0.5556 0.7500 0.8889 0.9722 1.1235 1.2315 1.2593 1.2068 1.0741 0.8611 0.5679 0.8209 1.2124 1.5588 1.7989 1.9451 1.9602 2.1282 2.3134 2.6323 2.8848 2.9510 2.8309 2.5245 2.0317 1.7200 1.5077 1.2531 1.0920 1.1150 1.0820 0.9931 0.8482 0.6474 0.3906 0.3125 0.2031 0.0625 0.0000 0.0100 0.0000 0.0000 0.0000 0.0000 0.0400 0.3200 0.5200 0.6400 0.6800 0.6400 0.5200 0.3200 0.0400 0.0000 0.0000 0.0100 0.0000 0.0000 0.0000 0.1094 0.3125 0.4844 0.6250 0.7344 0.8958 1.0816 1.2052 1.3038 1.2909 1.1665 0.9306 1.1636 1.4378 1.5449 1.6097 1.7344 1.7725 1.6994 1.5150 1.2194 0.8125 0.8444 0.9297 1.1243 1.3054 1.7640 2.2996 2.8078 3.1793 3.4140 3.5119 3.4731 3.2975 3.0952 2.8161 2.6995 2.4952 2.1407 1.7560 1.7425 1.8314 2.2669 2.5952 2.8163 2.9302 2.9369 2.8364 2.6287 2.3139 1.8918 1.3626 0.8355 0.3750 0.2031 0.0000 0.0000 0.0000 0.0000 0.0000 0.0000 0.0000 0.0000 0.0000 0.0000 0.0000 0.0000 0.0000 0.0000 0.0000 0.0000 0.0000 0.0300 0.1600 0.2700 0.3600 0.5133 0.8133 1.0378 1.1867 1.2600 1.2578 1.1800
0.6667 0.8056 0.8889 0.9167 0.8889 0.8056 0.6667 0.6863 0.8819 1.1185 1.4919 1.7797 1.9821 2.0989 2.1302 2.0760 1.9363 1.7111 1.4004 1.0042 0.7037 0.5926 0.4568 0.2963 0.1111 0.0000 0.0000 0.0000 0.0000 0.0000 0.0000 0.0000 0.0000 0.1900 0.3600 0.5100 0.6400 0.7500 0.8400 0.9100 0.9600 0.9900 1.3056 1.5456 1.7100 1.7989 1.8122 1.7500 1.6122 1.3989 1.1100 0.7456 0.3056 0.0000 0.0000 0.0000 0.0278 0.3333 0.5833 0.7778 0.9167 1.0000 1.0278 1.0988 1.1265 1.0741 0.9414 0.7284 0.4352 0.5991 1.0519 1.3983 1.6384 1.7722 1.8367 2.0912 2.2764 2.7153 2.9801 3.0340 2.9139 2.6075 2.1759 1.8030 1.5906 1.2736 0.8519 0.8748 0.8418 0.7529 0.6080 0.4072 0.1875 0.1094 0.0400 0.0000 0.0000 0.0000 0.0000 0.0000 0.0000 0.0000 0.0000 0.0400 0.2400 0.3600 0.4000 0.3600 0.2400 0.0400 0.0000 0.0000 0.0000 0.0000 0.0000 0.0000 0.0000 0.1875 0.3906 0.5625 0.7031 0.9514 1.2240 1.4097 1.5087 1.5208 1.4462 1.2847 1.0488 1.1289 1.3013 1.4700 1.5431 1.6925 1.7306 1.6575 1.4731 1.1775 0.8906 0.9725 1.0331 1.1413 1.3103 1.7483 2.2058 2.7140 3.0854 3.3201 3.4181 3.3793 3.2037 2.9314 2.8053 2.7512 2.5469 2.1924 1.7741 1.7348 1.8206 2.1155 2.4438 2.6648 2.7788 2.7855 2.6850 2.4773 2.1625 1.7404 1.3518 0.8872 0.4967 0.3125 0.1094 0.0000 0.0000 0.0000 0.0000 0.0000 0.0000 0.0000 0.0000 0.0000 0.0000 0.0000 0.0000 0.0000 0.0000 0.0000 0.0100 0.1600 0.2900 0.4000 0.4900 0.5600 0.7489 0.9733 1.1222 1.1956 1.1933 1.1156
0.7500 0.8889 0.9722 1.0000 0.9722 0.8889 0.7500 0.8209 0.8200 0.9233 1.2967 1.5845 1.7869 1.9037 1.9350 1.8808 1.7411 1.5159 1.2552 0.9690 0.6173 0.5062 0.3704 0.2099 0.0247 0.0000 0.0000 0.0000 0.0000 0.0000 0.0000 0.0000 0.0000 0.1600 0.3300 0.4800 0.6100 0.7200 0.8100 0.8800 0.9300 0.9600 1.1922 1.4322 1.5967 1.6856 1.6989 1.6367 1.4989 1.2856 0.9967 0.6322 0.2222 0.0000 0.0000 0.0000 0.0000 0.3056 0.5556 0.7500 0.8889 0.9722 1.0000 0.9722 0.9136 0.8611 0.7284 0.5154 0.2222 0.3323 0.7851 1.1315 1.3716 1.5918 1.7798 2.0590 2.3459 2.8218 3.0867 3.1405 2.9834 2.6152 2.1993 1.8016 1.5689 1.2519 0.8301 0.7037 0.5926 0.4568 0.3119 0.1511 0.2400 0.3600 0.4000 0.3600 0.2400 0.0400 0.0000 0.0000 0.0000 0.0000 0.0000 0.0000 0.0000 0.0000 0.0400 0.0000 0.0000 0.0000 0.0000 0.0000 0.0000 0.0000 0.0000 0.0000 0.0000 0.2344 0.4375 0.6094 0.8333 1.1927 1.4653 1.6510 1.7500 1.7622 1.6875 1.5260 1.2778 1.2171 1.2783 1.3638 1.3900 1.5394 1.5775 1.5044 1.3200 1.0244 0.9375 1.0494 1.1100 1.1294 1.3610 1.7989 2.1002 2.5303 2.8548 3.0895 3.1875 3.1956 3.0981 2.8952 2.7067 2.6526 2.4483 2.1309 1.8114 1.6725 1.7964 2.0912 2.3102 2.4531 2.5202 2.5269 2.4264 2.2656 2.0289 1.7162 1.3276 0.9130 0.5625 0.3906 0.1875 0.0000 0.0000 0.0000 0.0000 0.0000 0.0000 0.0000 0.0000 0.0000 0.0000 0.0000 0.0000 0.0000 0.0000 0.0000 0.1200 0.2700 0.4000 0.5100 0.6000 0.6700 0.7200 0.8333 0.9822 1.0556 1.0533 0.9756
0.7778 0.9167 1.0000 1.0278 1.0000 0.9167 0.7982 0.8690 0.8435 0.8204 1.0960 1.3338 1.5062 1.6230 1.6543 1.6301 1.5404 1.3852 1.1645 0.8783 0.5266 0.3951 0.2593 0.0988 0.0000 0.0000 0.0000 0.0000 0.0000 0.0000 0.0000 0.0000 0.0000 0.1100 0.2800 0.4300 0.5600 0.6700 0.7600 0.8300 0.8800 0.9100 1.0033 1.2433 1.4078 1.4967 1.5100 1.4478 1.3100 1.0967 0.8078 0.4433 0.0833 0.0000 0.0000 0.0000 0.0000 0.2222 0.4722 0.6667 0.8056 0.8889 0.9167 0.8889 0.8056 0.6667 0.4722 0.2222 0.0123 0.0100 0.4490 0.8571 1.1837 1.5273 1.8017 1.9945 2.2414 2.7173 2.9822 3.0360 2.8789 2.5515 2.2377 1.7536 1.4425 1.1254 0.7037 0.6173 0.5062 0.3704 0.2499 0.3447 0.5323 0.6400 0.6800 0.6400 0.5200 0.3200 0.0400 0.0000 0.0000 0.0000 0.0000 0.0000 0.0000 0.0278 0.0000 0.0000 0.0000 0.0000 0.0278 0.0000 0.0000 0.0000 0.0000 0.0000 0.0156 0.2500 0.4531 0.6250 0.9878 1.3472 1.6198 1.8056 1.9045 1.9167 1.8420 1.6806 1.4479 1.3472 1.1685 1.1150 1.1412 1.2750 1.3131 1.2400 1.0556 1.0000 0.9631 1.0750 1.1356 1.2650 1.3731 1.7128 2.0141 2.4285 2.7531 2.9722 3.0858 3.0938 2.9964 2.7934 2.4950 2.4038 2.2366 2.0426 1.7843 1.6454 1.7062 1.9911 2.2100 2.3530 2.4200 2.4111 2.3262 2.1654 1.9287 1.6160 1.2274 0.9228 0.6094 0.4375 0.2344 0.0000 0.0000 0.0000 0.0000 0.0000 0.0000 0.0000 0.0000 0.0000 0.0000 0.0000 0.0000 0.0000 0.0000 0.0400 0.2100 0.3600 0.4900 0.6000 0.6900 0.7600 0.8100 0.8400 0.8500 0.8400 0.8378 0.7600
0.7500 0.8889 0.9722 1.0000 0.9722 0.8889 0.7900 0.8209 0.7954 0.6735 0.9398 1.1776 1.3500 1.4568 1.4981 1.4739 1.3842 1.2290 1.0083 0.7221 0.3704 0.2593 0.1235 0.0000 0.0000 0.0000 0.0000 0.0000 0.0000 0.0000 0.0000 0.0000 0.0000 0.0400 0.2100 0.3600 0.4900 0.6000 0.6900 0.7600 0.8100 0.8400 0.8500 0.9789 1.1433 1.2322 1.2456 1.1833 1.0456 0.8322 0.5433 0.1789 0.0000 0.0000 0.0000 0.0000 0.0000 0.0833 0.3333 0.5278 0.6667 0.7500 0.7778 0.7500 0.6667 0.5678 0.4433 0.2433 0.1900 0.2000 0.3941 0.7722 1.1722 1.4829 1.7173 1.8854 2.0459 2.4018 2.6666 2.7205 2.5634 2.4197 2.1058 1.6830 1.3348 0.8943 0.5926 0.5062 0.4198 0.3704 0.5116 0.7299 0.9422 1.0499 1.0528 0.9511 0.7447 0.5200 0.2400 0.0000 0.0000 0.0000 0.0833 0.2222 0.3056 0.3333 0.3056 0.3056 0.3056 0.3056 0.3333 0.3056 0.2222 0.0833 0.0000 0.0000 0.0000 0.2622 0.4375 0.6094 1.0556 1.4149 1.6875 1.8733 1.9722 1.9844 1.9097 1.7483 1.5400 1.3993 1.1806 0.8438 0.7500 0.8994 0.9375 0.9844 1.0000 0.9844 0.9375 1.0494 1.1500 1.3294 1.4375 1.5764 1.7912 2.2213 2.5459 2.7650 2.8785 2.8866 2.7892 2.5862 2.2778 2.0913 2.0228 1.8288 1.6726 1.5493 1.5601 1.8150 2.0339 2.1769 2.2439 2.2350 2.1501 1.9737 1.7526 1.4399 1.1713 0.8767 0.6250 0.4531 0.2500 0.0156 0.0000 0.0000 0.0000 0.0000 0.0000 0.0000 0.0000 0.0000 0.0000 0.0000 0.0000 0.0000 0.0000 0.1100 0.2800 0.4300 0.5600 0.6700 0.7600 0.8300 0.8800 0.9100 0.9200 0.9100 0.8800 0.8300
0.6667 0.8056 0.8889 0.9567 1.1289 1.1656 1.0667 1.0363 0.8908 0.6522 0.7551 0.9559 1.1282 1.2351 1.2764 1.2522 1.1625 1.0073 0.7866 0.5282 0.2099 0.0988 0.0000 0.0000 0.0000 0.0000 0.0000 0.0000 0.0000 0.0000 0.0000 0.0000 0.0000 0.0000 0.1200 0.2700 0.4000 0.5100 0.6000 0.6700 0.7200 0.7500 0.7600 0.7500 0.8033 0.8922 0.9056 0.8433 0.7056 0.4922 0.2033 0.0000 0.0000 0.0000 0.0000 0.0000 0.0000 0.0000 0.1389 0.3333 0.4722 0.5556 0.5833 0.5656 0.5922 0.5433 0.4189 0.3300 0.3600 0.3700 0.4620 0.7553 1.1515 1.4622 1.6466 1.7046 1.7564 1.8752 2.1401 2.2348 2.2613 2.1176 1.8038 1.4830 1.1348 0.6573 0.4568 0.4691 0.4691 0.4198 0.7180 1.0351 1.2474 1.3551 1.3580 1.2563 1.0499 0.7388 0.3600 0.0000 0.0000 0.1389 0.3333 0.4722 0.5556 0.5833 0.6944 0.8056 0.8056 0.6944 0.5833 0.5556 0.4722 0.3333 0.2222 0.2222 0.3056 0.5208 0.6962 0.8125 1.1198 1.3958 1.6684 1.8542 1.9531 2.0053 2.1306 2.0892 1.8809 1.6933 1.3546 0.8178 0.7031 0.8125 0.8906 0.9375 0.9531 0.9375 0.8906 0.9725 1.1431 1.3225 1.4306 1.4675 1.6637 2.0073 2.2702 2.4522 2.5658 2.5739 2.5135 2.3722 2.1502 1.8720 1.6836 1.5304 1.4762 1.3373 1.3781 1.5629 1.7818 1.9248 1.9918 1.9829 1.8981 1.7373 1.5005 1.3079 1.0693 0.7747 0.6094 0.4375 0.2344 0.0000 0.0000 0.0000 0.0000 0.0000 0.0000 0.0000 0.0000 0.0000 0.0000 0.0000 0.0000 0.0000 0.0000 0.1600 0.3300 0.4800 0.6100 0.7200 0.8100 0.8800 0.9300 0.9600 0.9700 0.9600 0.9300 0.8800
0.5278 0.6667 0.7900 1.0978 1.2700 1.3067 1.2078 1.0754 0.9299 0.8302 0.6931 0.7551 0.8410 0.9478 0.9892 0.9650 0.9586 0.9423 0.8049 0.5465 0.3302 0.2222 0.0833 0.0000 0.0000 0.0000 0.0000 0.0000 0.0000 0.0000 0.0000 0.0000 0.0000 0.0000 0.0100 0.1600 0.2900 0.4000 0.4900 0.5600 0.6100 0.6400 0.6500 0.6400 0.6100 0.5600 0.4900 0.4278 0.2900 0.1600 0.0100 0.0000 0.0000 0.0000 0.0000 0.0000 0.0000 0.0000 0.0000 0.0833 0.2222 0.3056 0.3633 0.4656 0.4922 0.4433 0.4300 0.4800 0.5100 0.5200 0.5347 0.8736 1.1677 1.3764 1.4995 1.5576 1.4893 1.4759 1.5658 1.7625 1.7891 1.6454 1.3723 1.1536 0.8054 0.5679 0.4444 0.4691 0.4691 0.4968 0.9185 1.2356 1.4479 1.5556 1.5185 1.4772 1.2504 0.9393 0.5235 0.0400 0.0833 0.3333 0.5278 0.6667 0.7500 0.8611 1.0833 1.1944 1.1944 1.0833 0.8611 0.7500 0.6667 0.6667 0.6667 0.5556 0.5556 0.6927 0.8681 0.9566 1.2639 1.4288 1.5625 1.7483 1.8872 2.1794 2.3047 2.2633 2.0550 1.7893 1.4506 0.9137 0.6650 0.7344 0.8125 0.8594 0.8750 0.8594 0.8125 0.8444 1.0650 1.2444 1.3525 1.3894 1.4800 1.8237 2.0865 2.2686 2.3698 2.3902 2.3298 2.1886 1.9665 1.6637 1.3788 1.2993 1.1951 1.0562 1.1001 1.2349 1.4539 1.5968 1.6639 1.6549 1.5701 1.4593 1.3326 1.1499 0.9113 0.7031 0.5625 0.3906 0.1875 0.0000 0.0000 0.0000 0.0000 0.0000 0.0000 0.0000 0.0000 0.0000 0.0000 0.0000 0.0000 0.0000 0.0000 0.1900 0.3600 0.5100 0.6400 0.7500 0.8400 0.9100 0.9600 0.9900 1.0000 0.9900 0.9600 0.9100
0.3333 0.4722 0.7956 1.1033 1.2756 1.3122 1.2133 0.9789 0.9037 0.8873 0.7502 0.6122 0.6735 0.6939 0.6735 0.7511 0.8559 0.8396 0.7392 0.5833 0.5556 0.4722 0.3333 0.1389 0.0000 0.0000 0.0000 0.0000 0.0000 0.0000 0.0000 0.0000 0.0000 0.0000 0.0000 0.0300 0.1600 0.2700 0.3600 0.4300 0.4800 0.5100 0.5200 0.5100 0.4800 0.4300 0.3600 0.2700 0.1600 0.0300 0.0000 0.0000 0.0000 0.0000 0.0000 0.0000 0.0000 0.0000 0.0000 0.0000 0.0000 0.0100 0.1878 0.2900 0.4000 0.4900 0.5600 0.6100 0.6400 0.6500 0.7511 0.9063 1.2005 1.4091 1.5323 1.5699 1.5221 1.3887 1.3298 1.2401 1.1466 1.0030 0.9236 0.8148 0.6667 0.5679 0.4815 0.4198 0.5062 0.5926 1.0143 1.3314 1.6457 1.8554 1.9196 1.8383 1.6115 1.2391 0.7213 0.0988 0.2222 0.4722 0.6667 0.8056 0.9012 1.1389 1.3611 1.4722 1.4722 1.3611 1.1389 0.8889 0.8889 1.0000 1.0000 0.8889 0.7500 0.7778 0.9531 1.0417 1.2656 1.4306 1.4531 1.5556 1.8945 2.1867 2.3120 2.2706 2.0623 1.6872 1.3485 0.8950 0.7556 0.6250 0.7031 0.7500 0.7656 0.7500 0.7031 0.6650 0.9156 1.0950 1.2031 1.2400 1.4400 1.6000 1.8220 2.0041 2.1053 2.1257 2.0653 1.9241 1.7020 1.4400 1.2400 1.1235 0.9793 0.7704 0.7562 0.8310 1.0499 1.1929 1.2899 1.3310 1.3162 1.2454 1.1186 0.9360 0.7344 0.6250 0.4844 0.3125 0.1094 0.0000 0.0000 0.0000 0.0000 0.0000 0.0000 0.0000 0.0000 0.0000 0.0000 0.0000 0.0000 0.0000 0.0100 0.2000 0.3700 0.5200 0.6500 0.7600 0.8500 0.9200 0.9700 1.0000 1.0100 1.0000 0.9700 0.9200
0.0833 0.2222 0.6656 0.9733 1.1456 1.1822 1.0833 0.9600 0.8400 0.8237 0.6865 0.4286 0.4898 0.5102 0.5731 0.7619 0.8543 0.8503 0.7500 0.7778 0.7500 0.6667 0.5278 0.3333 0.0833 0.0000 0.0000 0.0000 0.0000 0.0000 0.0000 0.0000 0.0000 0.0000 0.0000 0.0000 0.0100 0.1200 0.2100 0.2800 0.3300 0.3600 0.3700 0.3600 0.3300 0.2800 0.2100 0.1200 0.0100 0.0000 0.0000 0.0000 0.0000 0.0000 0.0000 0.0000 0.0000 0.0000 0.0000 0.0000 0.0000 0.1200 0.2700 0.4000 0.5100 0.6000 0.6700 0.7200 0.7500 0.7600 0.9228 1.0780 1.1885 1.3564 1.4795 1.5172 1.4693 1.3359 1.2070 1.1627 1.0736 1.0419 0.9654 0.8567 0.7032 0.6779 0.5832 0.5062 0.6173 0.7037 1.0054 1.5061 1.8613 2.0710 2.1352 2.0539 1.8271 1.4547 0.9369 0.3936 0.3549 0.6667 0.9228 1.0988 1.1944 1.5154 1.7006 1.7500 1.6636 1.5278 1.3056 0.9722 1.1111 1.2222 1.2222 1.1111 0.8889 0.9167 0.9514 1.0399 1.1250 1.2899 1.3125 1.2760 1.7350 2.0272 2.1525 2.1110 1.9028 1.5277 1.0483 0.8744 0.7350 0.4844 0.5625 0.6094 0.6250 0.6094 0.5625 0.4944 0.6950 0.8744 0.9825 1.1600 1.3600 1.5200 1.6400 1.7200 1.7600 1.7804 1.7200 1.6400 1.5200 1.3600 1.1600 0.9200 0.7388 0.5799 0.4963 0.5711 0.7701 0.9230 1.0201 1.0611 1.0463 0.9755 0.8488 0.7031 0.6250 0.5156 0.3750 0.2031 0.0000 0.0000 0.0000 0.0000 0.0000 0.0000 0.0000 0.0000 0.0000 0.0000 0.0000 0.0000 0.0000 0.0000 0.0000 0.1900 0.3600 0.5100 0.6400 0.7500 0.8400 0.9100 0.9600 0.9900 1.0000 0.9900 0.9600 0.9100
0.0000 0.0400 0.4000 0.7078 0.8800 1.0000 1.0400 1.0000 0.8800 0.6800 0.5020 0.2441 0.2653 0.2857 0.4875 0.6763 0.7687 0.8056 0.8889 0.9167 0.8889 0.8056 0.6667 0.4722 0.2222 0.0000 0.0000 0.0000 0.0000 0.0000 0.0000 0.0000 0.0000 0.0000 0.0000 0.0000 0.0000 0.0000 0.0400 0.1100 0.1600 0.1900 0.2000 0.1900 0.1600 0.1100 0.0400 0.0000 0.0000 0.0000 0.0000 0.0000 0.0000 0.0000 0.0000 0.0000 0.0000 0.0000 0.0000 0.0000 0.0400 0.2100 0.3600 0.4900 0.6000 0.6900 0.7600 0.8100 0.8400 0.8500 1.0499 1.2051 1.3156 1.3814 1.4025 1.3789 1.3410 1.3177 1.2500 1.2677 1.2806 1.2489 1.1725 1.0514 0.9967 0.9714 0.8767 0.7126 0.7137 0.7901 1.0755 1.5762 1.9314 2.1411 2.2053 2.1240 1.8972 1.5248 1.0070 0.7902 0.8380 0.8920 1.1358 1.3117 1.4352 1.7562 1.9414 1.9907 1.9043 1.6821 1.3611 1.0278 1.2222 1.3333 1.3333 1.2222 1.0000 1.0000 0.9722 0.9514 0.9531 1.0069 1.0295 0.9497 1.4087 1.7008 1.8262 1.7847 1.5765 1.2014 0.8800 0.7425 0.6031 0.3525 0.3906 0.4375 0.4531 0.4375 0.3906 0.3125 0.4031 0.5825 0.8000 1.0400 1.2400 1.4000 1.5200 1.6000 1.6400 1.6400 1.6000 1.5200 1.4000 1.2400 1.0400 0.8000 0.5200 0.3847 0.3011 0.2353 0.4443 0.5972 0.6943 0.7353 0.7205 0.6497 0.6094 0.5625 0.4844 0.3750 0.2344 0.0625 0.0000 0.0000 0.0000 0.0000 0.0000 0.0000 0.0000 0.0000 0.0000 0.0000 0.0000 0.0000 0.0000 0.0000 0.0000 0.1600 0.3300 0.4800 0.6100 0.7200 0.8100 0.8800 0.9300 0.9600 0.9700 0.9600 0.9300 0.8800
0.0000 0.0000 0.3600 0.6400 0.8400 0.9600 1.0000 0.9600 0.8400 0.6400 0.3600 0.0000 0.0000 0.0204 0.3056 0.5556 0.7500 0.8889 0.9722 1.0000 0.9722 0.8889 0.7500 0.5556 0.3056 0.0000 0.0000 0.0000 0.0000 0.0000 0.0000 0.0000 0.0000 0.0000 0.0000 0.0000 0.0000 0.0000 0.0000 0.0000 0.0000 0.0000 0.0100 0.0000 0.0000 0.0000 0.0000 0.0000 0.0000 0.0000 0.0000 0.0000 0.0000 0.0000 0.0100 0.0000 0.0000 0.0000 0.0000 0.0000 0.1100 0.2800 0.4300 0.5600 0.6700 0.7600 0.8300 0.8800 0.9100 0.9323 1.1322 1.2874 1.3979 1.4637 1.4848 1.4912 1.5530 1.5500 1.4823 1.4300 1.4430 1.4112 1.3348 1.2137 1.2207 1.1954 1.1007 0.9367 0.9254 0.9839 1.2401 1.5008 1.8560 2.0657 2.1299 2.0486 1.8218 1.4741 1.4061 1.3003 1.3852 1.3366 1.4784 1.6173 1.6512 1.8858 2.0463 2.0957 2.0093 1.7870 1.4290 1.0204 1.2222 1.3333 1.3333 1.2222 1.0000 1.0278 1.0000 0.9167 0.7778 0.6927 0.6042 0.4844 0.9156 1.2077 1.3331 1.2916 1.1111 0.9600 0.8400 0.6400 0.3600 0.1094 0.1875 0.2344 0.2500 0.2344 0.1875 0.1094 0.1600 0.3600 0.6400 0.8800 1.0800 1.2400 1.3600 1.4400 1.4800 1.4800 1.4400 1.3600 1.2400 1.0800 0.8800 0.6400 0.4800 0.3300 0.1600 0.0000 0.0625 0.2155 0.3125 0.3906 0.4375 0.4531 0.4375 0.3906 0.3125 0.2031 0.0625 0.0000 0.0000 0.0000 0.0000 0.0000 0.0000 0.0000 0.0000 0.0000 0.0000 0.0000 0.0000 0.0000 0.0000 0.0000 0.0000 0.1100 0.2800 0.4300 0.5600 0.6700 0.7600 0.8300 0.8800 0.9100 0.9200 0.9100 0.8800 0.8300
0.0000 0.0000 0.2400 0.5200 0.7200 0.8400 0.8800 0.8400 0.7200 0.5200 0.2400 0.0000 0.0000 0.0278 0.3333 0.5833 0.7778 0.9167 1.0000 1.0278 1.0000 0.9167 0.7778 0.5833 0.3333 0.0278 0.0400 0.0000 0.0000 0.0000 0.0000 0.0000 0.0000 0.0000 0.0000 0.0000 0.0000 0.0000 0.0204 0.0000 0.0000 0.0000 0.0000 0.0000 0.0000 0.0000 0.0000 0.0000 0.0000 0.0000 0.0400 0.1100 0.1600 0.1900 0.2000 0.1900 0.1600 0.1100 0.0400 0.0000 0.1600 0.3300 0.4800 0.6100 0.7200 0.8100 0.8800 0.9300 0.9600 0.9700 1.1699 1.3251 1.4356 1.5014 1.5325 1.6589 1.7206 1.7177 1.6500 1.5477 1.5606 1.5289 1.4525 1.3314 1.3754 1.3501 1.2554 1.0914 1.0925 1.2530 1.3892 1.5999 1.7551 1.8448 1.9090 1.8277 1.8196 1.8571 1.8662 1.7604 1.7619 1.6763 1.7160 1.8549 1.8889 2.0401 2.1142 2.0648 2.0804 1.9603 1.6635 1.2734 1.3764 1.4263 1.3243 1.1111 0.9722 1.0000 0.9722 0.8889 0.7500 0.5556 0.3056 0.0000 0.2556 0.6311 0.9422 1.1456 1.2133 1.1456 0.9422 0.6033 0.2400 0.0000 0.0000 0.0000 0.0156 0.0000 0.0000 0.0000 0.1100 0.2800 0.4400 0.6800 0.8800 1.0400 1.1600 1.2400 1.2800 1.2800 1.2400 1.1600 1.0400 0.8800 0.6800 0.5600 0.4300 0.2800 0.1100 0.0000 0.0156 0.0000 0.1094 0.1875 0.2344 0.2500 0.2344 0.1875 0.1094 0.0000 0.0000 0.0000 0.0000 0.0000 0.0000 0.0000 0.0000 0.0000 0.0000 0.0000 0.0000 0.0000 0.0000 0.0000 0.0000 0.0000 0.0000 0.0400 0.2100 0.3600 0.4900 0.6000 0.6900 0.7600 0.8100 0.8400 0.8500 0.8400 0.8100 0.7600
0.0000 0.0000 0.0400 0.3200 0.5200 0.6400 0.6800 0.6400 0.5200 0.3200 0.0400 0.0000 0.0000 0.0000 0.3056 0.5556 0.7500 0.8889 0.9722 1.0000 0.9722 0.8889 0.7500 0.5956 0.5456 0.3600 0.4000 0.3600 0.2400 0.0400 0.0000 0.0000 0.0000 0.0000 0.0000 0.1020 0.2041 0.2653 0.2857 0.2653 0.2041 0.1020 0.0000 0.0000 0.0000 0.0000 0.0000 0.0000 0.0100 0.1200 0.2100 0.2800 0.3300 0.3600 0.3700 0.3600 0.3300 0.2800 0.2100 0.1200 0.2000 0.3600 0.5100 0.6400 0.7500 0.8400 0.9100 0.9600 0.9900 1.0000 1.1628 1.3180 1.4285 1.4943 1.6354 1.7619 1.8236 1.8206 1.7530 1.6206 1.6336 1.6019 1.5458 1.4167 1.4607 1.4354 1.3407 1.2137 1.2148 1.4365 1.5728 1.6735 1.8287 1.9184 1.9426 2.0247 2.0784 2.2023 2.2114 2.1056 1.9682 1.8826 1.8488 1.9877 2.0216 2.0340 2.1080 2.2053 2.1383 2.0181 1.7213 1.4701 1.4034 1.4286 1.3265 1.0726 0.8889 0.9167 0.8889 0.8056 0.6667 0.4722 0.2222 0.0000 0.1789 0.6533 0.9922 1.1956 1.2633 1.1956 0.9922 0.6533 0.1789 0.0000 0.0000 0.0000 0.0000 0.0000 0.0000 0.0000 0.0400 0.2100 0.3600 0.4900 0.6400 0.8000 0.9200 1.0000 1.0400 1.0400 1.0000 0.9200 0.8000 0.6900 0.6000 0.4900 0.3600 0.3194 0.2275 0.2344 0.2500 0.2344 0.1875 0.1094 0.0000 0.0156 0.0000 0.0000 0.0000 0.0000 0.0000 0.0000 0.0000 0.0000 0.0000 0.0000 0.0000 0.0000 0.0000 0.0000 0.0000 0.0000 0.0000 0.0000 0.0000 0.0000 0.0000 0.0000 0.1200 0.2700 0.4000 0.5100 0.6000 0.6700 0.7200 0.7500 0.7600 0.7500 0.7200 0.6700
0.0000 0.0000 0.0000 0.0400 0.2400 0.3600 0.4000 0.3600 0.2400 0.0400 0.0000 0.0000 0.0000 0.0000 0.2222 0.4722 0.6667 0.8056 0.8889 0.9167 0.8889 0.8056 0.7067 0.7922 0.7422 0.6400 0.6800 0.6400 0.5200 0.3200 0.0400 0.0000 0.0000 0.0000 0.1837 0.3265 0.4286 0.4898 0.5102 0.4898 0.4409 0.3265 0.1837 0.0000 0.0000 0.0000 0.0000 0.0300 0.1600 0.2700 0.3600 0.4300 0.4800 0.5100 0.5200 0.5100 0.4800 0.4300 0.3600 0.2800 0.3600 0.4000 0.5200 0.6500 0.7600 0.8500 0.9200 0.9700 1.0000 1.0100 1.1111 1.2663 1.3768 1.4826 1.6737 1.8001 1.8619 1.8589 1.7912 1.7609 1.8659 1.8954 1.8394 1.6979 1.6807 1.5534 1.3567 1.2914 1.3129 1.5346 1.6708 1.7215 1.8367 1.9264 2.0494 2.1481 2.3086 2.4326 2.4417 2.3359 2.1151 1.9184 1.8970 2.0154 2.0494 1.9784 2.1250 2.2223 2.1182 1.8993 1.7136 1.5457 1.3401 1.2789 1.1769 1.0340 0.9337 0.7778 0.7500 0.6667 0.5278 0.3333 0.0833 0.0833 0.3333 0.5678 0.9067 1.1100 1.1778 1.1100 0.9067 0.5678 0.3333 0.0833 0.0000 0.0000 0.0000 0.0000 0.0000 0.0000 0.0000 0.1200 0.2700 0.4000 0.5100 0.6000 0.6700 0.7200 0.7600 0.7600 0.7500 0.7200 0.6700 0.6000 0.5500 0.4625 0.4731 0.4325 0.3906 0.4375 0.4531 0.4375 0.3906 0.3125 0.2031 0.0625 0.0000 0.0000 0.0000 0.0000 0.0000 0.0000 0.0000 0.0000 0.0000 0.0000 0.0000 0.0000 0.0000 0.0000 0.0000 0.0000 0.0000 0.0000 0.0000 0.0000 0.0000 0.0000 0.0100 0.1600 0.2900 0.4000 0.4900 0.5600 0.6100 0.6400 0.6500 0.6400 0.6100 0.5600
0.0000 0.0000 0.0000 0.0000 0.0000 0.0000 0.0400 0.0000 0.0000 0.0000 0.0000 0.0000 0.0000 0.0000 0.0833 0.3333 0.5278 0.6667 0.7500 0.7778 0.7500 0.6667 0.7678 0.8533 0.8033 0.8400 0.8800 0.8400 0.7200 0.5200 0.2400 0.0000 0.0000 0.1837 0.3673 0.5102 0.6369 0.7846 0.8667 0.8833 0.8345 0.7201 0.5402 0.2948 0.0247 0.0000 0.0100 0.1600 0.2900 0.4000 0.4900 0.5600 0.6100 0.6400 0.6500 0.6400 0.6100 0.5600 0.4900 0.4000 0.4800 0.5200 0.5200 0.6400 0.7500 0.8400 0.9100 0.9600 0.9900 1.0000 1.0147 1.1699 1.2804 1.4562 1.6473 1.7737 1.8354 1.8325 1.9485 1.9590 2.0740 2.1035 2.0475 1.9060 1.8518 1.7244 1.4869 1.3243 1.3254 1.5472 1.6834 1.7341 1.7793 1.8937 2.1030 2.2222 2.4240 2.5480 2.5571 2.4512 2.2305 1.9320 1.7994 1.9383 1.9722 2.0033 2.0518 2.0380 1.9339 1.7397 1.6682 1.5003 1.2114 0.9773 0.9864 0.9824 0.8821 0.6854 0.5556 0.4722 0.3333 0.1389 0.0000 0.2222 0.4722 0.6667 0.8056 0.8889 0.9567 0.8889 0.8056 0.6667 0.4722 0.2222 0.0000 0.0000 0.0000 0.0000 0.0000 0.0000 0.0000 0.0100 0.1600 0.2900 0.4000 0.4900 0.5600 0.6100 0.6400 0.6500 0.6400 0.6500 0.8000 0.8500 0.8625 0.8844 0.7750 0.5344 0.5625 0.6094 0.6250 0.6094 0.5625 0.4844 0.3750 0.2344 0.0625 0.0000 0.0000 0.0000 0.0000 0.0000 0.0000 0.0000 0.0000 0.0000 0.0000 0.0000 0.0000 0.0000 0.0000 0.0000 0.0000 0.0000 0.0000 0.0000 0.0000 0.0000 0.0000 0.0300 0.1600 0.2700 0.3723 0.4300 0.4800 0.5100 0.5200 0.5100 0.4800 0.4300
0.0000 0.0000 0.0000 0.0000 0.0000 0.0000 0.0000 0.0000 0.0000 0.0000 0.0000 0.0000 0.0000 0.0000 0.0000 0.1389 0.3333 0.4722 0.5556 0.5833 0.5556 0.4722 0.6933 0.7789 0.8400 0.9600 1.0000 0.9600 0.8400 0.6400 0.3600 0.0000 0.1020 0.3265 0.5102 0.7518 0.9650 1.1126 1.1948 1.2114 1.1625 1.0481 0.8682 0.6228 0.3119 0.0988 0.1200 0.2700 0.4000 0.5100 0.6000 0.6700 0.7200 0.7500 0.7600 0.7500 0.7200 0.6700 0.6000 0.5100 0.5600 0.6000 0.6000 0.6100 0.7200 0.8100 0.8800 0.9300 0.9600 0.9700 0.9600 1.0288 1.1393 1.3651 1.5562 1.6826 1.7443 1.9250 2.0411 2.0816 2.1966 2.2261 2.1701 2.0285 1.9126 1.7853 1.6741 1.4963 1.3137 1.4742 1.6104 1.6735 1.6563 1.8571 2.0665 2.1857 2.4245 2.5485 2.5576 2.4518 2.2310 1.9942 1.8395 1.8395 1.7901 1.9232 1.9718 1.9579 1.8539 1.6596 1.5017 1.3338 1.1282 0.8571 0.8384 0.8345 0.7341 0.5374 0.3056 0.2222 0.0833 0.0000 0.0000 0.3056 0.5556 0.7500 0.8889 0.9722 1.0000 0.9722 0.8889 0.7500 0.5556 0.3056 0.0000 0.0000 0.0000 0.0000 0.0000 0.0000 0.0000 0.0000 0.0300 0.1600 0.2700 0.3600 0.4300 0.4800 0.5100 0.5200 0.5500 0.8000 0.9500 1.0000 1.1531 1.1750 1.0656 0.9450 0.7431 0.7500 0.7656 0.7500 0.7031 0.6250 0.5156 0.3750 0.2031 0.0000 0.0000 0.0000 0.0000 0.0000 0.0000 0.0000 0.0000 0.0000 0.0000 0.0000 0.0000 0.0000 0.0000 0.0000 0.0000 0.0000 0.0000 0.0000 0.0000 0.0000 0.0247 0.1111 0.1828 0.3299 0.4322 0.4899 0.5028 0.4711 0.3947 0.3600 0.3300 0.2800
0.0000 0.0000 0.0000 0.0000 0.0000 0.0000 0.0000 0.0000 0.0000 0.0000 0.0000 0.0000 0.0000 0.0000 0.0000 0.0000 0.0833 0.2222 0.3056 0.3333 0.3056 0.2622 0.4833 0.6800 0.8800 1.0000 1.0400 1.0000 0.8800 0.6800 0.4000 0.0400 0.2041 0.4286 0.7357 1.0144 1.2275 1.3752 1.4573 1.4739 1.4250 1.3107 1.1308 0.8854 0.5745 0.2993 0.3335 0.3600 0.4900 0.6000 0.6900 0.7600 0.8100 0.8400 0.8500 0.8400 0.8100 0.7600 0.6900 0.6000 0.6000 0.6400 0.6400 0.6000 0.6700 0.7600 0.8300 0.8800 0.9100 0.9200 0.9100 0.8800 0.9535 1.2093 1.4004 1.5268 1.6906 1.9121 2.0281 2.1186 2.2336 2.2631 2.2071 2.1056 2.1033 2.1329 2.1206 1.9674 1.7104 1.5286 1.6618 1.7249 1.6778 1.9033 2.0509 2.0960 2.3102 2.4341 2.4432 2.3374 2.1167 1.9662 1.9136 1.9136 1.8798 2.0307 2.1071 2.0932 1.9892 1.7949 1.5475 1.4074 1.2018 0.9307 0.8163 0.6735 0.4898 0.2931 0.0000 0.0000 0.0000 0.0000 0.0278 0.3333 0.5833 0.7778 0.9167 1.0000 1.0278 1.0000 0.9167 0.7778 0.5833 0.3333 0.0278 0.0000 0.0000 0.0000 0.0000 0.0000 0.0000 0.0000 0.0000 0.0100 0.1200 0.2100 0.2800 0.3300 0.3600 0.3700 0.6000 0.8500 1.0000 1.1594 1.3125 1.3344 1.3450 1.2544 1.0525 0.8694 0.8750 0.8594 0.8125 0.7344 0.6250 0.4844 0.3125 0.1094 0.0000 0.0000 0.0000 0.0000 0.0000 0.0000 0.0000 0.0000 0.0000 0.0000 0.0000 0.0000 0.0000 0.0000 0.0000 0.0000 0.0000 0.0000 0.0000 0.0988 0.2099 0.2963 0.3580 0.3951 0.4474 0.5051 0.5180 0.4863 0.4099 0.2888 0.1600 0.1100
0.0000 0.0000 0.0000 0.0000 0.0000 0.0000 0.0000 0.0000 0.0000 0.0000 0.0000 0.0000 0.0000 0.0000 0.0000 0.0000 0.0000 0.0000 0.0000 0.0278 0.0000 0.0000 0.3600 0.6400 0.8400 0.9600 1.0000 0.9600 0.8400 0.6400 0.3600 0.0000 0.2653 0.5886 0.9327 1.2114 1.4245 1.5722 1.6543 1.6709 1.6221 1.5077 1.3278 1.0824 0.7715 0.5051 0.5393 0.5288 0.5600 0.6700 0.7600 0.8300 0.8800 0.9100 0.9200 0.9100 0.8800 0.8300 0.7600 0.6700 0.6000 0.6400 0.6400 0.6000 0.6000 0.6900 0.7600 0.8100 0.8400 0.8500 0.8400 0.8100 0.7700 0.9888 1.1799 1.3063 1.5721 1.7936 1.9097 2.0702 2.1852 2.2147 2.1987 2.3371 2.3471 2.4139 2.5003 2.4335 2.1766 1.7906 1.6431 1.6661 1.6190 1.8715 2.0191 2.0519 2.1796 2.2048 2.2139 2.1081 1.9738 1.9983 2.1258 2.1726 2.1593 2.3102 2.3397 2.2477 2.0343 1.8400 1.5556 1.4155 1.2099 0.9388 0.8367 0.6939 0.5102 0.2857 0.0204 0.0000 0.0000 0.0000 0.0000 0.3056 0.5556 0.7500 0.8889 0.9722 1.0000 0.9926 0.8889 0.7500 0.5556 0.3056 0.0000 0.0000 0.0000 0.0000 0.0000 0.0000 0.0000 0.0000 0.0000 0.0000 0.0000 0.0400 0.1100 0.1600 0.1900 0.2000 0.5500 0.8000 0.9500 1.1875 1.3906 1.5625 1.6531 1.6125 1.4406 1.1375 1.1431 1.0975 1.0006 0.8525 0.7031 0.5625 0.3906 0.1875 0.0000 0.0000 0.0000 0.0000 0.0000 0.0000 0.0000 0.0000 0.0000 0.0000 0.0000 0.0000 0.0000 0.0000 0.0000 0.0000 0.0000 0.0000 0.1235 0.2593 0.3704 0.4568 0.5185 0.5556 0.5679 0.5556 0.5185 0.4568 0.3804 0.2593 0.1235 0.0000
0.0000 0.0000 0.0000 0.0000 0.0000 0.0000 0.0000 0.0000 0.0000 0.0000 0.0000 0.0000 0.0000 0.0000 0.0000 0.0000 0.0000 0.0000 0.0000 0.0000 0.0000 0.0000 0.2400 0.5200 0.7200 0.8500 0.8800 0.8400 0.7200 0.5200 0.2400 0.0204 0.3104 0.7201 1.0642 1.3429 1.5561 1.7037 1.7858 1.8025 1.7536 1.6392 1.4593 1.2139 0.9030 0.6866 0.7004 0.6899 0.6347 0.7200 0.8100 0.8800 0.9300 0.9600 0.9700 0.9600 0.9300 0.8800 0.8100 0.7200 0.6100 0.6000 0.6000 0.5600 0.5100 0.6000 0.6700 0.7200 0.7500 0.7600 0.7500 0.7200 0.6700 0.7900 0.8947 1.0211 1.3481 1.5697 1.7357 1.9362 2.0512 2.0807 2.2647 2.4896 2.5984 2.6898 2.7762 2.7094 2.4648 2.0053 1.6741 1.4971 1.4623 1.7249 1.8725 1.9053 1.9960 1.9841 1.8697 1.8635 1.9686 2.1971 2.3042 2.3511 2.3173 2.4682 2.4977 2.4057 2.1923 1.8574 1.5105 1.3580 1.1524 0.9184 0.8163 0.6735 0.4898 0.2653 0.0000 0.0000 0.0000 0.0000 0.0000 0.2222 0.4722 0.6667 0.9076 1.0930 1.1820 1.1746 1.0709 0.8707 0.5743 0.2222 0.0000 0.0000 0.0000 0.0000 0.0000 0.0000 0.0000 0.0000 0.0000 0.0000 0.0000 0.0000 0.0000 0.0000 0.0000 0.0500 0.4000 0.6800 0.8800 1.2444 1.5975 1.8194 1.9100 1.8694 1.6975 1.3944 1.3600 1.3144 1.2175 1.0694 0.8700 0.6194 0.4375 0.2344 0.0000 0.0000 0.0000 0.0000 0.0000 0.0000 0.0000 0.0000 0.0000 0.0000 0.0400 0.0000 0.0000 0.0000 0.0000 0.0000 0.0000 0.0988 0.2593 0.3951 0.5062 0.5926 0.6543 0.6914 0.7037 0.6914 0.6543 0.5926 0.5062 0.3951 0.2593 0.0988
0.0000 0.0000 0.0000 0.0000 0.0000 0.0000 0.0000 0.0000 0.0000 0.0000 0.0000 0.0000 0.0000 0.0000 0.0000 0.0000 0.0000 0.0000 0.0000 0.0000 0.0000 0.0400 0.1500 0.4800 0.7100 0.8400 0.8700 0.8000 0.6300 0.3600 0.0400 0.0000 0.3764 0.7861 1.1303 1.4089 1.6221 1.7697 1.8519 1.8685 1.8196 1.7052 1.5457 1.2799 0.9690 0.7826 0.8168 0.8063 0.7511 0.7500 0.8400 0.9100 0.9600 0.9900 1.0000 0.9900 0.9600 0.9100 0.8400 0.7500 0.6400 0.5200 0.5200 0.4800 0.4000 0.4900 0.5600 0.6100 0.6400 0.6778 0.6400 0.6100 0.5600 0.6500 0.7300 0.7904 1.0557 1.2402 1.5162 1.7167 1.8688 1.9600 2.3504 2.6000 2.8322 3.0471 3.0718 3.0050 2.7604 2.3009 1.9122 1.3699 1.2255 1.4633 1.6110 1.6437 1.6727 1.6609 1.7110 1.9817 2.3317 2.5602 2.6673 2.6530 2.5172 2.5048 2.5343 2.4423 2.2289 1.8940 1.4377 1.2351 1.0295 0.8571 0.7551 0.6122 0.4286 0.2041 0.0000 0.0000 0.0000 0.0000 0.0000 0.0833 0.3333 0.7115 1.0210 1.1786 1.2676 1.2602 1.1565 0.9563 0.6599 0.2670 0.0000 0.0000 0.0000 0.0000 0.0000 0.0000 0.0000 0.0000 0.0000 0.0000 0.0000 0.0000 0.0000 0.0000 0.0000 0.0000 0.3600 0.6400 0.8856 1.3700 1.7231 1.9450 2.0356 1.9950 1.8231 1.5200 1.5256 1.4800 1.3831 1.2350 1.0356 0.7850 0.4831 0.2500 0.0156 0.0000 0.0000 0.0000 0.0000 0.0000 0.0000 0.0400 0.2400 0.3600 0.4000 0.3600 0.2400 0.0400 0.0000 0.0000 0.0247 0.2099 0.3704 0.5062 0.6173 0.7037 0.7654 0.8025 0.8148 0.8025 0.7654 0.7037 0.6173 0.5062 0.3704 0.2099
0.0000 0.0000 0.0000 0.0000 0.0000 0.0000 0.0000 0.0000 0.0000 0.0000 0.0000 0.0000 0.0000 0.0000 0.0000 0.0000 0.0000 0.0000 0.0000 0.0100 0.1200 0.2100 0.2800 0.3700 0.6000 0.7300 0.7600 0.6900 0.5200 0.2500 0.1200 0.0100 0.3769 0.7866 1.1308 1.4094 1.6226 1.7702 1.8524 1.9710 2.0242 1.9710 1.8115 1.5457 1.1836 0.9564 0.8885 0.8780 0.8228 0.7600 0.8500 0.9200 0.9700 1.0000 1.0100 1.0000 0.9700 0.9200 0.8500 0.7600 0.6500 0.5200 0.4000 0.3600 0.2800 0.3600 0.5133 0.7022 0.8156 0.8533 0.8156 0.7022 0.5133 0.4700 0.5500 0.5900 0.8553 1.1598 1.4335 1.6463 1.7984 1.9296 2.3200 2.6930 3.0981 3.3130 3.3377 3.1721 2.8411 2.3816 2.0133 1.4710 1.2346 1.2469 1.2346 1.2673 1.2099 1.5294 1.9618 2.2480 2.5733 2.8019 2.9090 2.8946 2.7588 2.6036 2.4494 2.3574 2.1440 1.8091 1.3898 1.0466 0.8410 0.7551 0.6531 0.5102 0.3265 0.1020 0.0000 0.0000 0.0000 0.0000 0.0000 0.0833 0.5448 1.0062 1.3158 1.4734 1.4790 1.3328 1.1457 0.9456 0.6491 0.3673 0.1837 0.0000 0.0000 0.0000 0.0000 0.0000 0.0000 0.0000 0.0000 0.0000 0.0000 0.0000 0.0000 0.0000 0.0000 0.0000 0.2400 0.5300 0.8800 1.3644 1.7175 1.9394 2.0300 1.9894 1.8175 1.6344 1.6400 1.5944 1.4975 1.3494 1.1500 0.8994 0.5975 0.2444 0.0000 0.0000 0.0000 0.0000 0.0000 0.0000 0.0400 0.3200 0.5200 0.6400 0.6800 0.6400 0.5200 0.3200 0.0400 0.0000 0.1111 0.2963 0.4568 0.5926 0.7037 0.7901 0.8519 0.8889 0.9012 0.8889 0.8519 0.7901 0.7037 0.5926 0.4568 0.2963
0.0000 0.0000 0.0000 0.0000 0.0000 0.0000 0.0000 0.0000 0.0000 0.0000 0.0000 0.0000 0.0000 0.0000 0.0000 0.0000 0.0204 0.0000 0.0300 0.1600 0.2700 0.3600 0.4300 0.4800 0.5100 0.5200 0.5500 0.4800 0.4300 0.3600 0.2700 0.1600 0.3419 0.7216 1.0658 1.3444 1.5576 1.7052 1.9710 2.1305 2.1837 2.1305 1.9710 1.7052 1.3331 1.2079 1.0992 0.9051 0.8499 0.7500 0.8400 0.9100 0.9600 0.9900 1.0000 0.9900 0.9600 0.9100 0.8400 0.7500 0.6400 0.5100 0.3600 0.2000 0.1200 0.3489 0.6290 0.8022 0.9156 0.9533 0.9156 0.8022 0.6133 0.3889 0.3300 0.3700 0.6941 1.0286 1.3022 1.5151 1.6671 1.7584 2.2722 2.7687 3.1738 3.3887 3.4134 3.2478 2.8921 2.4074 1.9774 1.3980 1.2716 1.2222 1.2099 1.1605 1.3689 1.7360 2.1684 2.4546 2.6935 2.9221 3.0292 3.0148 2.8790 2.6218 2.4268 2.1511 1.9377 1.6028 1.2452 0.9020 0.6735 0.6122 0.5102 0.3673 0.1837 0.0000 0.0000 0.0000 0.0000 0.0000 0.1389 0.4354 0.7988 1.1491 1.4586 1.6162 1.6219 1.4756 1.1774 0.8384 0.6531 0.5102 0.3265 0.1020 0.0000 0.0000 0.0000 0.0000 0.0000 0.0000 0.0000 0.0000 0.0000 0.0000 0.0000 0.0000 0.0000 0.0000 0.0400 0.4400 0.7900 1.2275 1.5806 1.8025 1.8931 1.8525 1.6806 1.6975 1.7031 1.6575 1.5606 1.4125 1.2131 0.9625 0.6606 0.3075 0.0000 0.0000 0.0000 0.0000 0.0000 0.0000 0.2400 0.5200 0.7200 0.8400 0.8800 0.8400 0.7200 0.5200 0.2400 0.0000 0.1728 0.3580 0.5185 0.6543 0.7654 0.8519 0.9136 0.9506 0.9630 0.9506 0.9136 0.8519 0.7654 0.6543 0.5185 0.3580
0.0000 0.0000 0.0000 0.0000 0.0000 0.0000 0.0000 0.0000 0.0000 0.0000 0.0000 0.0000 0.0000 0.1020 0.2041 0.2653 0.2857 0.2753 0.3641 0.3920 0.4000 0.4900 0.5600 0.6100 0.6400 0.6500 0.6400 0.6100 0.5600 0.4900 0.4000 0.3023 0.3822 0.6011 0.9352 1.2139 1.4271 1.7584 2.0242 2.1837 2.2368 2.1837 2.0242 1.7584 1.4271 1.3739 1.2652 1.0711 0.8322 0.7323 0.8100 0.8800 0.9300 0.9600 0.9700 0.9600 0.9300 0.8800 0.8100 0.7200 0.6100 0.4800 0.3300 0.2694 0.2708 0.6077 0.8878 1.0610 1.1275 1.0872 0.9400 0.8267 0.6378 0.3733 0.2033 0.2700 0.5020 0.8365 1.1102 1.3231 1.4751 1.6651 2.0960 2.6542 3.0593 3.2742 3.2988 3.1333 2.7776 2.3949 1.9649 1.5556 1.4568 1.3333 1.3210 1.3366 1.4870 1.8335 2.2289 2.5151 2.6923 2.9208 3.0279 3.0414 2.8778 2.6205 2.2418 1.9254 1.6099 1.2750 1.0039 0.6977 0.4898 0.4286 0.3265 0.2041 0.0000 0.0000 0.0000 0.0000 0.0000 0.0833 0.3333 0.7319 1.0952 1.3622 1.5329 1.6071 1.6128 1.4666 1.2517 0.9405 0.7551 0.6122 0.4286 0.2041 0.0000 0.0000 0.0000 0.0000 0.0000 0.0000 0.0000 0.0000 0.0000 0.0000 0.0000 0.0000 0.0000 0.0000 0.0400 0.2500 0.6000 0.9594 1.3125 1.5344 1.6250 1.5844 1.6525 1.7094 1.7150 1.6694 1.5725 1.4244 1.2250 0.9744 0.6725 0.3194 0.0400 0.0000 0.0000 0.0000 0.0000 0.0000 0.3600 0.6400 0.8400 0.9600 1.0000 0.9600 0.8400 0.6400 0.3600 0.0000 0.2099 0.3951 0.5556 0.6914 0.8025 0.8889 0.9506 0.9877 1.0000 0.9877 0.9506 0.8889 0.8025 0.6914 0.5556 0.3951
0.0000 0.0000 0.0000 0.0000 0.0000 0.0000 0.0204 0.0000 0.0000 0.0000 0.0000 0.0000 0.1837 0.3265 0.4286 0.4898 0.5102 0.6098 0.6986 0.7265 0.6937 0.6000 0.6700 0.7200 0.7500 0.7600 0.7500 0.7200 0.6700 0.6000 0.5100 0.4000 0.4799 0.5151 0.7392 1.0179 1.3331 1.7052 1.9710 2.1305 2.1837 2.1305 1.9710 1.7052 1.5576 1.4544 1.3458 1.1516 0.8719 0.6700 0.7600 0.8300 0.8800 0.9100 0.9200 0.9100 0.8800 0.8300 0.7600 0.6700 0.5600 0.4925 0.4831 0.4225 0.6128 0.9097 1.1198 1.2431 1.2795 1.2392 1.0920 0.8681 0.6667 0.4722 0.2322 0.1600 0.2900 0.5837 0.8573 1.0702 1.2469 1.5233 1.7542 2.3495 2.7546 2.9695 2.9941 2.8286 2.5137 2.2331 1.8031 1.7037 1.6049 1.4568 1.3580 1.4757 1.5397 1.9083 2.1803 2.4295 2.6529 3.0204 3.2108 3.2242 3.0607 2.7201 2.2025 1.6190 1.1607 0.9122 0.7028 0.5201 0.3673 0.4082 0.3673 0.2857 0.2653 0.2041 0.1020 0.0000 0.0000 0.2222 0.4722 0.9320 1.2954 1.5624 1.7330 1.8073 1.7851 1.6667 1.4518 1.1406 0.8163 0.6735 0.4898 0.2653 0.0000 0.0000 0.0000 0.0000 0.0000 0.0000 0.0000 0.0000 0.0000 0.0000 0.0000 0.0000 0.0000 0.0000 0.1100 0.2800 0.4300 0.5600 0.9131 1.1350 1.3456 1.5050 1.6131 1.6700 1.6756 1.6300 1.5331 1.3850 1.1856 0.9350 0.6331 0.2800 0.1100 0.0000 0.0000 0.0000 0.0123 0.0400 0.4000 0.6800 0.8800 1.0000 1.0400 1.0000 0.8800 0.6800 0.4000 0.0523 0.2222 0.4074 0.5679 0.7037 0.8148 0.9012 0.9630 1.0000 1.0123 1.0000 0.9630 0.9012 0.8148 0.7037 0.5679 0.4074
0.0000 0.0000 0.0000 0.1020 0.2041 0.2653 0.2857 0.2653 0.2041 0.1020 0.0000 0.1837 0.3673 0.5102 0.6122 0.6735 0.7339 0.8835 0.9722 1.0002 0.9673 0.8737 0.7600 0.8100 0.8400 0.8500 0.8400 0.8100 0.7600 0.6900 0.6000 0.4900 0.5328 0.5680 0.5585 0.7564 1.1736 1.5457 1.8115 1.9710 2.0242 1.9710 1.8524 1.7702 1.6226 1.4494 1.3408 1.1466 0.8669 0.6000 0.6900 0.7600 0.8100 0.8400 0.8500 0.8400 0.8100 0.7600 0.6900 0.6000 0.5525 0.5944 0.5850 0.5244 0.8681 1.1649 1.3750 1.4983 1.5347 1.4844 1.3472 1.1233 0.8125 0.5556 0.3056 0.0300 0.1600 0.2700 0.5437 0.7565 1.0197 1.2961 1.4993 1.8546 2.2597 2.4746 2.4992 2.3337 2.2025 1.9219 1.8519 1.8025 1.7037 1.5556 1.3580 1.4999 1.5795 1.8617 2.1336 2.4230 2.6711 3.0262 3.2167 3.2301 3.0665 2.7259 2.2084 1.5138 0.7903 0.6250 0.4531 0.4541 0.3422 0.4286 0.4898 0.5102 0.4898 0.4286 0.3265 0.1837 0.0000 0.3056 0.5760 1.0357 1.3991 1.6661 1.8367 1.9110 1.8889 1.7704 1.5556 1.2443 0.8367 0.6939 0.5102 0.2857 0.0204 0.0000 0.0000 0.0000 0.0000 0.0000 0.0000 0.0000 0.0000 0.0000 0.0000 0.0000 0.0000 0.0000 0.1600 0.3300 0.4800 0.6100 0.7825 1.0444 1.2550 1.4144 1.5225 1.5794 1.5850 1.5394 1.4425 1.2944 1.0950 0.8444 0.5425 0.3300 0.1847 0.1111 0.1728 0.2099 0.2222 0.2099 0.5328 0.7511 0.8647 0.9600 1.0000 0.9600 0.8400 0.6400 0.3600 0.0000 0.2099 0.3951 0.5556 0.6914 0.8025 0.8889 0.9506 0.9877 1.0000 0.9877 0.9506 0.8889 0.8025 0.6914 0.5556 0.3951
0.0000 0.0000 0.1837 0.3265 0.4286 0.4898 0.5102 0.4898 0.4286 0.3265 0.2857 0.3265 0.5102 0.6531 0.7551 0.8163 0.9467 1.0963 1.1851 1.2131 1.1802 1.0865 0.9320 0.8800 0.9100 0.9200 0.9100 0.8800 0.8300 0.7600 0.6700 0.5600 0.5411 0.5763 0.5668 0.5926 0.9690 1.2799 1.5457 1.7052 1.8196 1.8685 1.8519 1.7697 1.6221 1.4089 1.2503 1.0561 0.7764 0.5100 0.6000 0.6700 0.7200 0.7500 0.7600 0.7500 0.7200 0.6700 0.6000 0.5100 0.6031 0.6450 0.6356 0.6528 1.0365 1.3333 1.5434 1.6667 1.7031 1.6528 1.5156 1.2917 0.9809 0.5833 0.3333 0.0278 0.0100 0.1200 0.2100 0.3820 0.7069 0.9833 1.1742 1.4895 1.6946 1.7894 1.8549 1.8731 1.8619 1.9012 1.9012 1.8519 1.7531 1.6049 1.4278 1.4462 1.4732 1.6937 2.0489 2.4494 2.6728 2.9539 3.0826 3.0590 2.8954 2.5548 2.0742 1.4784 0.8537 0.6372 0.6212 0.6017 0.5102 0.6122 0.6735 0.6939 0.6735 0.6222 0.5102 0.3673 0.2115 0.3333 0.5833 1.0431 1.4065 1.6735 1.8441 1.9184 1.8963 1.7778 1.5629 1.2517 0.8441 0.6735 0.4898 0.2653 0.0000 0.0000 0.0000 0.0000 0.0000 0.0000 0.0000 0.0000 0.0000 0.0000 0.0000 0.0000 0.0000 0.0000 0.1900 0.3600 0.5100 0.6400 0.7500 0.9025 1.1131 1.2725 1.3806 1.4375 1.4431 1.3975 1.3006 1.1525 0.9531 0.7025 0.5100 0.4588 0.3999 0.2963 0.3580 0.3951 0.4074 0.3951 0.5980 0.8163 0.9299 0.9388 0.8800 0.8400 0.7200 0.5200 0.2400 0.0000 0.1728 0.3580 0.5185 0.6543 0.7654 0.8519 0.9340 0.9506 0.9630 0.9506 0.9136 0.8519 0.7654 0.6543 0.5185 0.3580
0.0000 0.1837 0.3673 0.5102 0.6122 0.6735 0.6939 0.6735 0.6122 0.5102 0.5714 0.6122 0.6122 0.7551 0.8571 0.9184 1.0988 1.2484 1.3371 1.3651 1.3322 1.2386 1.0841 0.9300 0.9600 0.9700 0.9600 0.9300 0.8800 0.8100 0.7200 0.6100 0.5047 0.5399 0.5304 0.5266 0.9030 1.2139 1.4593 1.6392 1.7536 1.8025 1.8136 1.7037 1.5561 1.3429 1.0742 0.8801 0.6004 0.4204 0.4900 0.5600 0.6100 0.6400 0.6500 0.6400 0.6100 0.5600 0.4900 0.5094 0.6025 0.6444 0.6350 0.7344 1.1181 1.4149 1.6250 1.7483 1.7847 1.7344 1.5972 1.3733 1.0625 0.6649 0.3056 0.0000 0.0000 0.0000 0.0400 0.1100 0.3699 0.5851 0.7760 1.0542 1.3205 1.5174 1.6449 1.7531 1.8519 1.9012 1.9012 1.8519 1.7531 1.6049 1.4074 1.4258 1.3540 1.4042 1.8983 2.2988 2.5593 2.8403 2.9690 2.9454 2.7695 2.4412 2.1304 1.7723 1.2309 0.9979 1.0227 0.9199 0.7364 0.7951 0.9263 0.9967 1.0063 0.9551 0.8431 0.6702 0.4365 0.4476 0.5556 0.9541 1.3175 1.5845 1.7551 1.8294 1.8073 1.6888 1.4739 1.1627 0.7551 0.6122 0.4286 0.2041 0.0000 0.0000 0.0000 0.0000 0.0000 0.0000 0.0000 0.0000 0.0000 0.0000 0.0000 0.0000 0.0000 0.0100 0.2000 0.3700 0.5200 0.6500 0.7600 0.8500 0.9200 1.0794 1.1875 1.2444 1.2500 1.2044 1.1075 0.9594 0.7600 0.6500 0.6435 0.6293 0.5704 0.4668 0.5185 0.5556 0.5679 0.5656 0.5585 0.7768 0.8904 0.8993 0.8035 0.6400 0.5200 0.3200 0.0400 0.0000 0.1111 0.2963 0.4568 0.6946 0.9078 1.0554 1.1376 1.1542 1.1053 0.9909 0.8519 0.7901 0.7037 0.5926 0.4568 0.2963
0.1020 0.3265 0.5102 0.6531 0.7551 0.8163 0.8367 0.8163 0.7551 0.6531 0.7755 0.8163 0.7755 0.8163 0.9184 0.9796 1.1900 1.3396 1.4284 1.4563 1.4235 1.3298 1.1753 0.9600 0.9900 1.0000 0.9900 0.9600 0.9100 0.8400 0.7500 0.6400 0.5100 0.4588 0.4493 0.3951 0.7715 1.0824 1.3278 1.5910 1.8443 1.9765 1.9877 1.8777 1.6468 1.2947 0.9327 0.6186 0.4253 0.2700 0.3804 0.4300 0.4800 0.5100 0.5200 0.5100 0.4800 0.4300 0.3600 0.4575 0.5506 0.5925 0.7031 0.8125 1.1128 1.4097 1.6198 1.7431 1.7795 1.7292 1.5920 1.3681 1.0573 0.6597 0.2222 0.0000 0.0000 0.0000 0.0000 0.0123 0.2426 0.4074 0.5779 0.8148 1.1111 1.3580 1.5833 1.7037 1.8025 1.8519 1.8519 1.8025 1.7037 1.5556 1.3580 1.3152 1.2434 1.1908 1.6695 2.0082 2.2934 2.5744 2.7031 2.7165 2.6023 2.4994 2.3244 1.9662 1.4861 1.2718 1.2966 1.2038 1.2084 1.2060 1.1984 1.2688 1.2784 1.2271 1.1151 0.9422 0.7086 0.6363 0.5922 0.7787 1.1321 1.3991 1.5697 1.6440 1.6219 1.5034 1.2885 0.9773 0.6531 0.5102 0.3265 0.1020 0.0000 0.0000 0.0000 0.0156 0.0000 0.0000 0.0000 0.0000 0.0000 0.0000 0.0000 0.0000 0.0000 0.0000 0.1900 0.3600 0.5100 0.6400 0.7500 0.8400 0.9223 0.9600 0.9900 1.0000 1.0056 0.9600 0.9100 0.8400 0.7500 0.7388 0.7693 0.7551 0.6962 0.6326 0.7643 0.8514 0.8937 0.8914 0.8443 0.7926 0.8562 0.7951 0.6593 0.4588 0.2400 0.0400 0.0000 0.0000 0.0247 0.2099 0.5540 0.8327 1.0459 1.1935 1.2756 1.2923 1.2434 1.1290 0.9491 0.7037 0.6173 0.5062 0.3704 0.2099
0.2041 0.4286 0.6122 0.7551 0.8571 0.9184 0.9388 0.9184 0.8571 0.7755 0.8980 0.9388 0.8980 0.8367 0.9388 1.0100 1.2204 1.3700 1.4588 1.4867 1.4539 1.3602 1.2057 0.9904 1.0000 1.0100 1.0000 0.9700 0.9200 0.8500 0.7600 0.6500 0.5200 0.3700 0.3235 0.2693 0.5745 0.8854 1.2697 1.6440 1.9177 2.0295 2.0406 1.9307 1.6997 1.3477 0.8746 0.5306 0.4182 0.3853 0.4957 0.5453 0.5341 0.4620 0.3700 0.3600 0.3300 0.2800 0.2100 0.3544 0.4475 0.6094 0.7500 0.8594 1.0208 1.3177 1.5278 1.6510 1.6875 1.6372 1.5000 1.2760 0.9653 0.5677 0.0833 0.0000 0.0000 0.1020 0.2041 0.2653 0.4956 0.6604 0.7596 0.9014 1.2346 1.5648 1.8025 1.9105 1.9259 1.8364 1.7531 1.7037 1.6049 1.4568 1.2593 1.1144 1.0426 0.9084 1.3994 1.7381 2.1097 2.3784 2.5195 2.5329 2.5020 2.5102 2.3352 1.9770 1.5990 1.4459 1.4729 1.5001 1.6141 1.6117 1.4929 1.4800 1.4896 1.4384 1.3263 1.1535 0.9198 0.7086 0.6033 0.6878 0.8803 1.1173 1.2880 1.3622 1.3401 1.2217 1.0068 0.6956 0.5102 0.3673 0.1837 0.0000 0.1094 0.1875 0.2344 0.2500 0.2344 0.1875 0.1094 0.0000 0.0000 0.0000 0.0000 0.0000 0.0000 0.0000 0.1600 0.3300 0.5047 0.7211 0.8928 1.0199 1.1022 1.1399 1.1328 1.0811 0.9847 0.9300 0.8800 0.8100 0.7447 0.8199 0.8504 0.8462 0.8973 0.9341 1.0454 1.1325 1.1748 1.1725 1.1254 1.0337 0.8973 0.7162 0.5304 0.2199 0.0247 0.0000 0.0000 0.0000 0.0000 0.2824 0.6366 0.9053 1.1184 1.2661 1.3482 1.3648 1.3159 1.2016 1.0217 0.7763 0.5062 0.3951 0.2593 0.0988
0.3053 0.4898 0.6735 0.8163 0.9184 0.9796 1.0000 0.9796 0.9184 0.8163 0.9388 0.9796 0.9388 0.8163 0.9184 0.9796 1.1900 1.3396 1.4284 1.4563 1.4235 1.3298 1.1753 0.9600 0.9900 1.0000 0.9900 0.9600 0.9100 0.8400 0.7500 0.6400 0.5100 0.3600 0.1900 0.0988 0.3119 0.8082 1.4056 1.8412 2.1149 2.2267 2.1766 1.9647 1.6316 1.2796 1.0272 0.7364 0.5306 0.4898 0.5502 0.5998 0.5886 0.5165 0.3837 0.1900 0.1600 0.1100 0.0956 0.2500 0.4531 0.6250 0.7656 0.8750 0.9531 1.1389 1.3490 1.4722 1.5087 1.4583 1.3212 1.0972 0.7865 0.3889 0.0156 0.0000 0.1837 0.3265 0.4286 0.5021 0.6830 0.8478 1.1207 1.4253 1.6929 1.8765 2.1142 2.2222 2.2006 2.0494 1.7685 1.5556 1.4568 1.3086 1.1111 0.8642 0.7516 0.6266 0.9770 1.4022 1.7985 2.0671 2.2082 2.2216 2.3296 2.3378 2.1628 1.8455 1.5899 1.4468 1.6216 1.7894 1.9034 1.9010 1.7822 1.6100 1.6400 1.5888 1.4767 1.3039 1.0702 0.7757 0.5593 0.6233 0.6322 0.7492 0.9099 0.9841 0.9620 0.8435 0.6287 0.4286 0.3265 0.1837 0.0625 0.2031 0.3125 0.3906 0.4375 0.4531 0.4375 0.3906 0.3125 0.2031 0.0625 0.0000 0.0000 0.0000 0.0000 0.0000 0.1100 0.3788 0.6399 0.8563 1.0280 1.1551 1.2374 1.2751 1.2680 1.2163 1.1199 0.9788 0.8300 0.7600 0.7811 0.8563 1.0188 1.2367 1.3490 1.4358 1.5472 1.5830 1.5133 1.4089 1.3619 1.2701 1.1337 0.9526 0.7472 0.4563 0.1411 0.0000 0.0400 0.1100 0.2620 0.5165 0.8337 1.1023 1.2855 1.3831 1.3953 1.3719 1.3230 1.2086 1.0287 0.7833 0.4724 0.2593 0.1235 0.0000
0.6857 0.8702 0.9339 0.8767 0.9388 1.0000 1.0204 1.0000 0.9388 0.8367 0.8980 0.9388 0.8980 0.7755 0.8571 0.9184 1.0988 1.2484 1.3371 1.3651 1.3322 1.2386 1.0841 0.9300 0.9600 0.9700 0.9723 0.9300 0.8800 0.8100 0.7200 0.6100 0.4800 0.3300 0.1600 0.0000 0.2084 0.8435 1.4410 1.8765 2.1502 2.2620 2.2120 2.0000 1.6262 1.3605 1.2069 0.9161 0.6122 0.6735 0.6939 0.6735 0.6122 0.5102 0.3773 0.2237 0.2400 0.3600 0.4000 0.5944 0.6775 0.6494 0.7500 0.8594 0.9375 0.9844 1.0833 1.2066 1.2431 1.1927 1.0556 0.8316 0.5208 0.2344 0.0000 0.2084 0.4785 0.6830 0.8621 1.0057 1.1749 1.5147 1.9234 2.1416 2.2557 2.3523 2.3363 2.4043 2.3827 2.2315 1.9506 1.5401 1.2593 1.1111 0.9136 0.6667 0.3704 0.3071 0.5488 0.9633 1.3596 1.6283 1.7693 1.7827 1.9741 1.9823 1.8073 1.6736 1.3976 1.4478 1.7320 1.9624 2.0763 2.0739 1.9551 1.7200 1.7296 1.6784 1.5663 1.3935 1.1598 0.8653 0.5100 0.4833 0.4922 0.4256 0.4354 0.5096 0.4875 0.3690 0.2653 0.2041 0.1020 0.0625 0.2344 0.3750 0.4844 0.5625 0.6094 0.6250 0.6094 0.5625 0.4844 0.3750 0.2344 0.0625 0.0000 0.0000 0.0000 0.0000 0.1635 0.4693 0.7304 0.9468 1.1185 1.2456 1.3279 1.3656 1.3585 1.3068 1.2104 1.0693 0.8835 0.6900 0.7728 1.0417 1.3650 1.6229 1.8052 2.0121 2.1534 2.1892 2.1195 1.9443 1.6636 1.6039 1.5295 1.4096 1.2042 0.9133 0.5469 0.2320 0.2100 0.2800 0.5341 0.7886 0.9822 1.2139 1.3970 1.4947 1.5068 1.4334 1.2746 1.1502 0.9703 0.7249 0.4140 0.0988 0.0000 0.0000
0.9453 1.1298 1.1935 1.1363 0.9584 0.9796 1.0000 0.9796 0.9388 0.8163 0.7755 0.8163 0.7755 0.6531 0.7551 0.8163 0.9467 1.0963 1.1851 1.2131 1.1802 1.0865 0.9567 0.9911 1.0828 1.1299 1.1322 1.0899 1.0028 0.8711 0.6947 0.5600 0.4300 0.2800 0.1100 0.1837 0.3673 0.8158 1.3515 1.7500 2.0237 2.1355 2.1624 1.9722 1.7868 1.5867 1.2494 0.9586 0.7551 0.8163 0.8524 0.8163 0.7551 0.6531 0.5780 0.6465 0.6220 0.6400 0.6800 0.8275 0.9106 0.8825 0.7431 0.8125 0.8906 0.9375 0.9531 0.9375 0.8906 0.8403 0.7031 0.5625 0.3906 0.1875 0.2008 0.5364 0.8165 1.1311 1.3602 1.5037 1.7099 2.2257 2.6344 2.8526 2.8803 2.7547 2.6608 2.5768 2.4452 2.2840 2.0031 1.5926 1.1358 0.8642 0.6667 0.4198 0.1235 0.0000 0.1854 0.5374 0.7931 1.0618 1.2028 1.2440 1.4354 1.4844 1.4931 1.3594 1.1233 1.4419 1.7886 2.0189 2.1329 2.1305 2.0117 1.7766 1.7584 1.7071 1.5951 1.4222 1.1886 0.8941 0.6000 0.4900 0.3600 0.2100 0.0678 0.0000 0.0000 0.0204 0.0000 0.0000 0.0000 0.2031 0.3750 0.5156 0.6250 0.7031 0.7500 0.7656 0.7500 0.7031 0.6250 0.5156 0.3750 0.2031 0.0000 0.0000 0.0000 0.0988 0.2593 0.5307 0.7762 0.9926 1.1643 1.2914 1.3737 1.4114 1.4043 1.3526 1.2562 1.1151 0.9293 0.6988 0.9036 1.2924 1.7258 2.0336 2.2659 2.5128 2.6541 2.6899 2.6202 2.4450 2.3480 2.1454 2.0210 1.7912 1.5758 1.3149 1.0684 0.7165 0.5437 0.4300 0.7453 0.9998 1.1935 1.3263 1.4231 1.5207 1.5328 1.4595 1.3006 1.0562 0.8463 0.6009 0.2900 0.0000 0.0000 0.0000
1.0841 1.2686 1.3322 1.2751 1.0971 1.0204 1.1429 1.1837 1.1429 1.0204 0.8163 0.7143 0.5714 0.5102 0.6122 0.6735 0.7339 0.8835 0.9722 1.0002 0.9673 0.9724 0.9699 1.1063 1.1980 1.2451 1.2474 1.2051 1.1180 0.9863 0.8099 0.5888 0.3600 0.2100 0.1420 0.3265 0.5380 0.9864 1.3384 1.7361 2.1975 2.4416 2.4686 2.2784 2.0750 1.6749 1.2976 1.1978 1.0724 1.1527 1.1888 1.2361 1.2669 1.1700 1.1856 1.2541 1.1463 0.9233 0.8800 0.9494 1.0325 1.0044 0.8650 0.7344 0.8125 0.8594 0.8750 0.8594 0.8125 0.7344 0.6250 0.4844 0.3125 0.2328 0.4633 0.8289 1.2290 1.5436 1.7727 2.0150 2.2336 2.7463 3.1549 3.3731 3.4009 3.2382 2.9221 2.6496 2.5180 2.2368 1.9259 1.5154 0.9753 0.6667 0.3704 0.1235 0.0000 0.0000 0.0000 0.1389 0.3333 0.4926 0.5556 0.5833 0.8767 1.0278 1.0833 1.0278 1.0822 1.3820 1.7288 1.9591 2.0731 2.0984 1.9519 1.7167 1.7263 1.6751 1.5631 1.3902 1.1565 0.8620 0.6700 0.5600 0.4300 0.2800 0.1100 0.0000 0.0000 0.0000 0.0000 0.0000 0.1094 0.3125 0.4844 0.6250 0.7344 0.8125 0.8594 0.8750 0.8594 0.8125 0.7344 0.6250 0.4844 0.3125 0.1094 0.0000 0.1341 0.3974 0.6252 0.7662 1.0117 1.1812 1.2748 1.2925 1.3748 1.4125 1.4054 1.3537 1.2729 1.1162 0.9304 0.8143 1.0434 1.5776 2.0110 2.3188 2.6611 2.9080 3.0493 3.0851 3.0154 3.0239 2.9268 2.6835 2.4571 2.2272 1.9018 1.7309 1.4845 1.1325 0.8973 0.7641 0.8957 1.1502 1.3439 1.4767 1.5488 1.5600 1.5104 1.4000 1.2411 0.9967 0.7039 0.5102 0.2857 0.0204 0.0000 0.0000
1.1020 1.2865 1.3502 1.2931 1.2988 1.1429 1.2653 1.3061 1.2653 1.1429 0.9388 0.6531 0.4694 0.3265 0.4286 0.4898 0.5102 0.6098 0.6986 0.7265 0.8171 0.8593 1.0404 1.1768 1.2685 1.3156 1.3179 1.2756 1.1885 1.0568 0.8804 0.6593 0.3935 0.1200 0.2041 0.4286 0.6122 1.0607 1.4527 1.9884 2.3477 2.5306 2.5576 2.3673 2.2864 2.0509 1.6762 1.4344 1.3090 1.4171 1.5920 1.7504 1.7812 1.6844 1.8199 1.7479 1.5775 1.2933 1.1389 0.9600 1.0431 1.0150 0.8756 0.6250 0.7031 0.7500 0.7656 0.7500 0.7031 0.6250 0.5156 0.3750 0.3019 0.2593 0.6704 1.1560 1.5561 1.8706 2.1244 2.4532 2.6995 3.1134 3.4850 3.7032 3.7310 3.5683 3.2152 2.7580 2.5400 2.1970 1.7291 1.3086 0.7685 0.4691 0.1481 0.0000 0.0000 0.0000 0.0000 0.0000 0.0833 0.2222 0.3056 0.3333 0.5278 0.6944 0.7500 0.8056 1.0489 1.2467 1.6359 2.0051 2.2024 2.2678 2.0812 1.8461 1.7168 1.5822 1.4702 1.2973 1.0637 0.8100 0.7200 0.6100 0.4800 0.3300 0.1600 0.0000 0.0000 0.0000 0.0000 0.0000 0.1875 0.3906 0.5625 0.7031 0.8125 0.8906 0.9375 0.9531 0.9375 0.8906 0.8125 0.7031 0.5625 0.3906 0.2500 0.3052 0.6555 0.9522 1.1800 1.3110 1.3753 1.4428 1.4344 1.4520 1.3937 1.4783 1.5494 1.5445 1.4637 1.3070 1.0743 0.9798 1.2896 1.7373 2.1707 2.5985 2.9508 3.1977 3.3390 3.3748 3.4071 3.4564 3.3594 3.1160 2.7876 2.5577 2.3423 2.0514 1.7950 1.4431 1.2202 0.9965 1.0873 1.2398 1.4335 1.5663 1.6384 1.6496 1.6000 1.4896 1.3184 1.0863 0.7935 0.5021 0.2653 0.0000 0.0000 0.0000
1.0400 1.1837 1.2473 1.3739 1.3796 1.2237 1.3061 1.3469 1.3061 1.1837 0.9796 0.6939 0.3673 0.2857 0.2041 0.2653 0.2857 0.2753 0.3641 0.4908 0.6593 0.8851 1.0662 1.2026 1.2943 1.3414 1.3437 1.3014 1.2143 1.0826 0.9062 0.6851 0.4193 0.1088 0.2653 0.4898 0.6735 1.0385 1.6306 2.1663 2.5256 2.7085 2.7150 2.5656 2.5472 2.4210 2.0464 1.5433 1.5013 1.6927 1.9787 2.1372 2.1679 2.1111 2.2467 2.1746 1.8949 1.5482 1.3733 1.0833 0.9425 0.9144 0.7750 0.5244 0.5625 0.6094 0.6250 0.6094 0.5625 0.4844 0.3750 0.2591 0.2724 0.3908 0.9119 1.3975 1.7976 2.1122 2.4524 2.7811 2.9997 3.4136 3.6617 3.8429 3.8707 3.7080 3.3549 2.8113 2.5481 2.2052 1.7373 1.1944 0.6667 0.3951 0.1111 0.0000 0.0000 0.0000 0.0000 0.0000 0.0000 0.0000 0.0000 0.0278 0.0833 0.3333 0.5278 0.6667 0.9400 1.2767 1.6333 2.2026 2.5199 2.5852 2.3987 2.1824 1.8531 1.5675 1.3165 1.1437 0.9100 0.8400 0.7500 0.6400 0.5100 0.3600 0.1900 0.0000 0.0000 0.0000 0.0000 0.0000 0.2344 0.4375 0.6094 0.7500 0.8594 0.9375 0.9844 1.0000 0.9844 0.9375 0.8594 0.7500 0.6094 0.5833 0.8746 1.0071 1.4191 1.7159 1.8603 1.8525 1.8034 1.7509 1.7016 1.5981 1.6805 1.6556 1.6642 1.6594 1.5786 1.4218 1.1891 1.2658 1.5886 1.8340 2.3248 2.7827 3.1350 3.3819 3.5232 3.5590 3.6934 3.7427 3.6456 3.4023 3.0126 2.8227 2.6573 2.3664 2.0000 1.6851 1.4622 1.1886 1.2182 1.2686 1.4622 1.5951 1.6671 1.6784 1.6288 1.5431 1.4583 1.2879 1.0321 0.6908 0.4140 0.1728 0.1111 0.0247
1.0000 0.9600 1.1257 1.2931 1.2988 1.1429 1.2653 1.3061 1.2653 1.1429 0.9388 0.6531 0.5102 0.3265 0.1020 0.0000 0.0204 0.0000 0.0547 0.3699 0.6404 0.8662 1.0473 1.1837 1.2754 1.3225 1.3248 1.2825 1.1954 1.0637 0.8873 0.7062 0.4004 0.2303 0.3104 0.5102 0.6939 0.9201 1.6321 2.1678 2.5271 2.7100 2.7166 2.5467 2.6690 2.5428 2.1681 1.5451 1.6215 1.9518 2.2378 2.3963 2.4270 2.3302 2.4658 2.3937 2.1140 1.6267 1.4722 1.1822 0.8400 0.7025 0.5631 0.3125 0.3906 0.4375 0.4531 0.4375 0.3906 0.3125 0.2031 0.1736 0.2963 0.4968 1.0679 1.5535 1.9536 2.2682 2.6701 2.9989 3.2174 3.5480 3.7961 3.8785 3.8199 3.6572 3.3041 2.7605 2.4314 2.0884 1.6205 1.0277 0.5432 0.3580 0.1728 0.0000 0.0000 0.0000 0.0000 0.0000 0.0000 0.0000 0.0000 0.0000 0.0000 0.1389 0.3333 0.4822 0.8389 1.3267 1.9233 2.3089 2.5854 2.6507 2.5753 2.4424 2.1131 1.5874 1.1854 0.9700 0.9200 0.8500 0.7600 0.6500 0.5200 0.3700 0.2000 0.0100 0.0000 0.0000 0.0000 0.0156 0.2500 0.4688 0.6250 0.7656 0.8750 0.9531 1.0000 1.0156 1.0000 0.9531 0.8750 0.7656 0.7639 1.1733 1.4646 1.5970 2.0305 2.3272 2.4717 2.4638 2.3036 2.1022 2.0055 1.9613 1.8600 1.8352 1.7031 1.6983 1.6175 1.4607 1.2885 1.4152 1.7562 2.0745 2.4660 2.8614 3.2137 3.4401 3.6019 3.6377 3.8333 3.8826 3.7855 3.5422 3.1525 3.0122 2.8468 2.5559 2.1395 1.8741 1.6235 1.3198 1.2473 1.2365 1.4302 1.5631 1.6351 1.6463 1.6955 1.6962 1.6114 1.4411 1.1853 0.8439 0.4971 0.3580 0.2963 0.2099
0.8800 0.8400 0.9241 1.0506 1.0563 1.0204 1.1429 1.1837 1.1429 1.0204 0.8571 0.7551 0.6122 0.4286 0.2041 0.0000 0.0000 0.0000 0.1111 0.3063 0.5768 0.8026 0.9837 1.1201 1.2119 1.2589 1.2612 1.2189 1.1719 1.2401 1.1837 1.0026 0.8168 0.5363 0.4164 0.5298 0.6735 0.8563 1.4573 1.9929 2.3522 2.5351 2.5417 2.4813 2.5423 2.4161 2.0414 1.5295 1.6696 2.0833 2.3693 2.5277 2.5585 2.4617 2.4772 2.4052 2.1255 1.6994 1.4356 1.1660 0.7200 0.5200 0.2400 0.1094 0.1875 0.2344 0.2500 0.2344 0.1875 0.1094 0.0000 0.1728 0.3580 0.6285 1.1384 1.6240 2.0241 2.3387 2.7776 3.1064 3.3249 3.5166 3.7648 3.8472 3.7638 3.5147 3.0999 2.5805 2.1896 1.8467 1.4158 0.8847 0.5556 0.3951 0.2099 0.0000 0.0000 0.0000 0.0000 0.0000 0.0000 0.0000 0.0000 0.0000 0.0000 0.0000 0.0833 0.2222 0.7178 1.4056 2.0022 2.3878 2.5622 2.6367 2.6389 2.5060 2.1767 1.7122 1.2122 0.9600 0.9100 0.8400 0.7500 0.6400 0.5100 0.3600 0.1900 0.0000 0.0000 0.0000 0.1094 0.1875 0.4688 0.6875 0.8438 0.9375 0.9688 0.9375 0.9844 1.0000 0.9844 0.9375 0.8994 0.8457 1.1541 1.6043 1.8956 2.0404 2.4895 2.7862 2.9307 2.9228 2.7626 2.4501 2.4107 2.3265 2.1144 1.9375 1.7755 1.6612 1.5804 1.4537 1.3810 1.5877 1.8823 2.2007 2.5798 2.8345 3.1869 3.4460 3.5750 3.6312 3.8269 3.8761 3.7791 3.5357 3.1461 3.0762 2.9941 2.8421 2.5090 2.2601 2.0094 1.6224 1.2990 1.1641 1.3373 1.4702 1.5422 1.6769 1.7631 1.7638 1.6790 1.5087 1.2529 0.9116 0.5556 0.5185 0.4568 0.3704
0.6800 0.6400 0.7853 0.8098 0.7135 0.8163 0.9388 0.9796 1.0000 0.9796 0.9184 0.8163 0.6735 0.4898 0.2653 0.0000 0.0000 0.0000 0.1728 0.3580 0.5185 0.6943 0.8754 1.0119 1.1036 1.1506 1.1530 1.1506 1.3436 1.4119 1.4054 1.3343 1.1985 1.1180 1.0569 0.8686 0.9722 0.9951 1.2571 1.6417 2.0010 2.1839 2.1905 2.2082 2.1671 2.0409 1.7774 1.4656 1.6735 2.0872 2.3732 2.5316 2.5624 2.4656 2.2811 2.2090 2.0314 1.8094 1.5286 1.2590 0.8254 0.5241 0.1420 0.0000 0.0000 0.0000 0.0156 0.0000 0.0000 0.0000 0.0000 0.2099 0.3951 0.7156 1.1234 1.6090 2.0091 2.3360 2.7750 3.1037 3.3223 3.4306 3.5677 3.6501 3.5667 3.3176 2.9028 2.4854 2.0452 1.7146 1.2837 0.8637 0.5679 0.4074 0.2222 0.0123 0.0000 0.0000 0.0000 0.0000 0.0000 0.0000 0.0000 0.0000 0.0000 0.0000 0.0000 0.0000 0.4656 1.2733 1.8700 2.3389 2.6522 2.8100 2.8122 2.6589 2.3500 1.8856 1.2656 0.9300 0.8800 0.8100 0.7200 0.6100 0.4800 0.3300 0.1600 0.0000 0.0625 0.2031 0.3125 0.3906 0.6250 0.8438 1.0000 1.0938 1.1250 1.0938 1.0000 1.0178 1.2886 1.4235 1.4502 1.5076 1.8762 2.0893 2.2789 2.3718 2.7962 3.0929 3.2374 3.2573 3.0693 2.8662 2.6879 2.6037 2.3916 2.1127 1.9506 1.7483 1.6775 1.5507 1.5281 1.6635 1.9334 2.1901 2.6680 2.9844 3.2644 3.5236 3.6526 3.6513 3.7852 3.7481 3.6264 3.3830 3.0545 3.1535 3.1826 3.0306 2.7839 2.5097 2.2590 1.8720 1.5586 1.1289 1.1837 1.3165 1.4873 1.6591 1.7453 1.7460 1.6612 1.4909 1.2350 0.8937 0.6914 0.6543 0.5926 0.5062
0.4000 0.3804 0.5257 0.5502 0.6939 0.8367 0.9388 1.0000 1.0000 1.0000 0.9388 0.8645 0.6939 0.5102 0.2857 0.0204 0.0000 0.0000 0.2099 0.3951 0.5556 0.6914 0.8025 0.8889 0.9506 0.9977 1.0000 1.2277 1.4706 1.6089 1.6629 1.6114 1.7156 1.6351 1.4719 1.2465 1.1502 1.1731 1.3151 1.3763 1.5567 1.6563 1.6629 1.7274 1.6677 1.6396 1.4594 1.3696 1.5497 1.9634 2.2494 2.4078 2.4386 2.3418 2.1173 1.9889 1.9176 1.8841 1.6182 1.3856 0.9520 0.6784 0.4994 0.2948 0.0247 0.0000 0.0000 0.0000 0.0000 0.0000 0.0123 0.2222 0.4074 0.7579 1.0637 1.5085 1.9086 2.2232 2.6621 2.9909 3.2094 3.3178 3.3159 3.2872 3.2039 2.9548 2.5807 2.2654 1.8252 1.4822 1.1625 0.8814 0.5556 0.3951 0.2099 0.0000 0.0000 0.0000 0.0000 0.0000 0.0000 0.0000 0.0000 0.0000 0.0000 0.0000 0.0000 0.0278 0.4833 1.2633 1.8878 2.3567 2.6700 2.8278 2.8300 2.6767 2.3678 1.9033 1.2833 0.9078 0.8300 0.7600 0.6700 0.5600 0.4300 0.2800 0.1100 0.0625 0.2344 0.3750 0.4844 0.5625 0.7188 0.9375 1.0938 1.1875 1.2188 1.1875 1.2325 1.5507 1.8979 2.1161 2.1428 2.2835 2.6769 2.7512 2.6174 2.7484 3.1327 3.4696 3.6973 3.7172 3.5293 3.3210 2.9204 2.7529 2.5408 2.2006 2.0386 1.7894 1.7186 1.5918 1.5991 1.6326 1.9713 2.2526 2.6934 3.0099 3.2118 3.4709 3.5999 3.5987 3.6713 3.6342 3.4261 3.0839 2.9508 3.1610 3.1900 3.0750 2.9271 2.6229 2.3722 2.0152 1.7019 1.3333 1.0933 1.1267 1.3840 1.5557 1.6419 1.6426 1.5578 1.3875 1.1725 1.0148 0.8125 0.7654 0.7037 0.6273
0.0400 0.0000 0.2653 0.4898 0.6735 0.8163 0.9184 0.9796 1.0833 1.2018 1.2239 1.1497 0.9790 0.7120 0.3486 0.0000 0.0000 0.0123 0.2222 0.4074 0.5679 0.7037 0.8148 0.9012 0.9630 1.0000 1.0123 1.4620 1.8070 2.0065 2.0605 2.2090 2.2520 2.0694 1.7022 1.4360 1.2073 1.2302 1.1722 1.2335 1.2139 1.3135 1.3079 1.4002 1.3405 1.1287 0.9893 1.2015 1.3817 1.7120 1.9981 2.1565 2.1873 2.0904 2.0496 1.9800 1.9788 1.8252 1.5593 1.3112 1.0809 1.0073 0.8682 0.6636 0.3936 0.0988 0.0000 0.0000 0.0400 0.0000 0.0000 0.2099 0.4051 0.7556 1.0614 1.3225 1.7226 2.0371 2.4391 2.7678 2.9864 3.0947 3.0929 2.9809 2.7586 2.4262 2.2358 1.9205 1.5636 1.3719 1.1354 0.8543 0.5285 0.3580 0.1728 0.0000 0.0000 0.0000 0.0000 0.0000 0.0000 0.0000 0.0000 0.0000 0.0000 0.0000 0.0000 0.0000 0.3456 1.1256 1.7500 2.2189 2.5322 2.6900 2.6922 2.5389 2.2300 1.7656 1.1456 0.8100 0.7600 0.6900 0.6000 0.4900 0.3600 0.2100 0.0400 0.2031 0.3750 0.5156 0.6250 0.7031 0.7500 0.9688 1.1250 1.2188 1.2500 1.3422 1.7631 2.1925 2.3990 2.6172 2.6717 2.8484 3.2418 3.3161 3.0712 3.1116 3.5453 3.8451 3.9494 3.9693 3.7814 3.6199 3.2193 2.9130 2.5619 2.2218 2.0394 1.7901 1.7037 1.5870 1.5943 1.6491 1.9340 2.2771 2.5945 2.8739 3.0289 3.2881 3.4170 3.4158 3.3864 3.3493 3.1412 2.8028 2.7772 2.9873 3.0534 3.0619 2.9140 2.6097 2.3491 2.0421 1.7287 1.4622 1.2222 1.1011 1.2563 1.3668 1.4530 1.4537 1.4301 1.3619 1.2489 1.1312 0.9989 1.0119 0.9801 0.9037
0.0000 0.0000 0.2041 0.4286 0.6122 0.7551 0.8571 1.0573 1.2721 1.3906 1.4127 1.3384 1.1678 0.9008 0.5374 0.1389 0.0000 0.0000 0.2099 0.3951 0.5556 0.6914 0.8025 0.8889 0.9506 0.9877 1.2237 1.7142 2.0592 2.2587 2.3127 2.5812 2.6241 2.4416 2.0336 1.4000 1.1837 1.1665 1.0686 0.8898 0.7502 0.8498 0.8286 0.9209 0.8612 0.6494 0.7500 0.9614 1.1416 1.3330 1.6190 1.7775 1.8082 1.8135 1.9778 2.1288 2.1276 1.9740 1.6682 1.4756 1.3842 1.3107 1.1716 0.9670 0.6969 0.4013 0.3635 0.3600 0.4000 0.3804 0.2400 0.2128 0.3580 0.7085 1.0143 1.2754 1.4919 1.7656 2.1058 2.4346 2.6531 2.7615 2.7596 2.6476 2.4662 2.3174 2.0993 1.8117 1.4919 1.3205 1.0637 0.7826 0.4568 0.2963 0.1111 0.0000 0.0000 0.0000 0.0000 0.0000 0.0000 0.0000 0.0000 0.0000 0.0000 0.0000 0.0000 0.0000 0.2222 0.8322 1.4567 1.9256 2.2389 2.3967 2.3989 2.2456 1.9367 1.4722 0.9722 0.7200 0.6700 0.6000 0.5100 0.4000 0.2700 0.1200 0.1094 0.3125 0.4844 0.6250 0.7344 0.8125 0.8594 0.9375 1.0938 1.1875 1.3175 1.5301 2.1821 2.6115 2.8180 2.9268 2.9535 3.0943 3.4876 3.5619 3.5410 3.4614 3.7253 4.0251 4.0924 4.0135 3.8412 3.6798 3.2792 3.0006 2.5385 2.1150 1.9529 1.7037 1.6329 1.5062 1.6123 1.7041 1.7354 2.1648 2.4822 2.6629 2.7315 2.9750 3.1040 3.1028 2.9713 2.8934 2.6852 2.5306 2.5513 2.7190 2.8839 2.8924 2.7445 2.4402 2.1896 1.9526 1.6800 1.5156 1.2756 1.1328 1.2880 1.3985 1.4643 1.4854 1.4619 1.4036 1.4006 1.3330 1.2306 1.2436 1.2119 1.1354
0.0000 0.0000 0.1020 0.3265 0.5102 0.6531 0.8384 1.1497 1.3645 1.4830 1.5051 1.4308 1.2602 0.9932 0.6298 0.3333 0.0833 0.0000 0.1728 0.3580 0.5185 0.6543 0.7654 0.8519 0.9136 1.1343 1.3303 1.8208 2.1658 2.3653 2.4593 2.7278 2.7708 2.5882 2.1802 1.5437 1.0000 0.9820 0.8841 0.6653 0.3257 0.2653 0.2441 0.2895 0.3906 0.5625 0.7031 0.8125 0.8906 0.9375 1.1124 1.2708 1.3628 1.6709 1.9743 2.1254 2.1241 1.9706 1.7116 1.6301 1.6221 1.5485 1.4094 1.2048 0.9747 0.9191 0.8813 0.9428 0.9453 0.9257 0.7853 0.6352 0.4383 0.6168 0.9226 1.1837 1.4001 1.5719 1.7236 1.9911 2.2097 2.3180 2.3774 2.3674 2.2880 2.1393 2.0232 1.8377 1.6407 1.4898 1.2126 0.8703 0.4724 0.2099 0.0247 0.0000 0.0000 0.0000 0.0000 0.0000 0.0000 0.0000 0.0000 0.0000 0.0000 0.0000 0.0000 0.0000 0.0833 0.3833 1.0078 1.4767 1.7900 1.9478 1.9500 1.7967 1.4878 1.0233 0.7233 0.6100 0.5600 0.4900 0.4000 0.2900 0.1600 0.0100 0.1875 0.3906 0.5625 0.7031 0.8125 0.8906 0.9375 0.9735 1.0000 1.1462 1.3349 1.7263 2.3784 2.8077 3.0143 3.0449 3.0316 3.1291 3.4143 3.5980 3.7784 3.6988 3.7591 3.9726 4.0399 3.8746 3.6619 3.5005 3.1832 2.9047 2.4425 1.9414 1.7793 1.5770 1.5062 1.4041 1.5666 1.6585 1.7362 1.9567 2.2332 2.4139 2.4578 2.6305 2.6978 2.6595 2.5281 2.3073 2.3198 2.2547 2.3618 2.4178 2.5580 2.5665 2.4186 2.1443 1.9437 1.7467 1.6578 1.4933 1.2533 1.1477 1.2751 1.3856 1.4514 1.4725 1.4789 1.5406 1.5377 1.4700 1.4177 1.4306 1.3989 1.3225
0.0000 0.0000 0.0000 0.1837 0.3673 0.5102 0.8345 1.1457 1.3605 1.4790 1.5011 1.4269 1.2562 0.9892 0.6667 0.4722 0.2222 0.0000 0.1111 0.2963 0.4568 0.5926 0.7037 0.7901 0.9539 1.2154 1.4114 1.7820 2.1270 2.3264 2.3804 2.6489 2.6919 2.5094 2.1013 1.5665 1.0620 0.8400 0.6400 0.3600 0.0204 0.0000 0.0000 0.1094 0.3125 0.4844 0.6250 0.7344 0.8125 0.8594 0.8750 0.9427 1.0594 1.5151 1.8185 1.9696 1.9683 1.8148 1.7450 1.8025 1.7944 1.7208 1.5818 1.3772 1.3471 1.4752 1.4169 1.4784 1.3945 1.3502 1.2098 0.9733 0.7764 0.6797 0.7862 1.0473 1.2637 1.4354 1.5625 1.7436 1.9417 2.0705 2.1299 2.1199 2.0405 2.0754 2.1022 2.0187 1.9694 1.8185 1.5413 1.1377 0.6878 0.2824 0.0000 0.0000 0.0000 0.0000 0.0000 0.0000 0.0000 0.0000 0.0000 0.0000 0.0000 0.0000 0.0000 0.0000 0.0000 0.1389 0.4033 0.8722 1.1856 1.3433 1.3456 1.1922 0.8833 0.6589 0.5100 0.4800 0.4300 0.3600 0.2700 0.1600 0.0300 0.0000 0.2344 0.4375 0.6094 0.7500 0.9614 1.1416 1.3330 1.5079 1.5552 1.5860 1.6726 1.9221 2.4352 2.7812 2.9878 2.9716 2.9983 2.9168 3.1625 3.4087 3.6725 3.5929 3.6098 3.7245 3.7548 3.5895 3.2904 3.0821 2.9037 2.6251 2.1630 1.6806 1.5185 1.3943 1.3235 1.3079 1.4204 1.5493 1.7257 1.8362 2.0107 2.0894 2.1189 2.2916 2.3589 2.3819 2.3401 2.2337 2.0626 1.9288 2.0359 2.0220 2.0757 2.0842 1.9363 1.7120 1.6622 1.6489 1.5600 1.3956 1.1679 1.0622 1.2174 1.3279 1.3937 1.4248 1.5512 1.6130 1.6100 1.5423 1.5600 1.5730 1.5412 1.4648
0.0000 0.0000 0.0000 0.0000 0.1837 0.3265 0.7341 1.0454 1.2602 1.3787 1.4008 1.3265 1.1559 0.8889 0.7500 0.5556 0.3056 0.0000 0.0247 0.2099 0.3704 0.5062 0.6173 0.7037 0.9695 1.2310 1.4271 1.5976 1.9426 2.1421 2.1961 2.3445 2.3875 2.2050 1.7969 1.3486 1.0441 0.7200 0.5200 0.2400 0.0000 0.0000 0.0000 0.0000 0.2031 0.3750 0.5156 0.6250 0.7031 0.7500 0.7656 0.7500 0.8346 1.2070 1.5104 1.6615 1.7436 1.7289 1.8519 1.9093 1.9012 1.8277 1.6886 1.4840 1.7576 1.8857 1.8274 1.8685 1.7846 1.6539 1.6228 1.4397 1.2033 0.9166 1.0231 1.0537 1.1920 1.2543 1.3814 1.4637 1.6248 1.7536 1.8130 1.8030 1.9073 2.1258 2.1934 2.1964 2.1718 2.0209 1.7436 1.3401 0.9602 0.5510 0.1837 0.0000 0.0000 0.0000 0.0000 0.0000 0.0000 0.0000 0.0000 0.0000 0.0000 0.0000 0.0000 0.0000 0.0000 0.0000 0.0833 0.2322 0.4256 0.5833 0.5856 0.5522 0.4433 0.3700 0.3600 0.3300 0.2800 0.2100 0.1200 0.0100 0.0000 0.0156 0.2500 0.4531 0.6250 0.9493 1.2015 1.5206 1.8231 1.9981 2.0454 2.1379 2.1429 2.2734 2.4360 2.6708 2.7385 2.7692 2.8584 2.8030 2.7262 2.9593 3.2231 3.2635 3.2805 3.3673 3.2741 3.0718 2.7110 2.5357 2.4406 2.2021 1.7407 1.3603 1.1705 1.1557 1.0849 1.1310 1.2105 1.4629 1.6393 1.7398 1.7944 1.8730 1.9806 2.1330 2.2206 2.2436 2.2019 2.0954 1.9243 1.6885 1.6102 1.4951 1.4371 1.4456 1.3589 1.4267 1.4889 1.4756 1.3867 1.2222 0.9822 0.9599 1.1151 1.2256 1.2914 1.4325 1.5589 1.6206 1.6177 1.6000 1.6577 1.6706 1.6389 1.5625
0.0000 0.0000 0.0000 0.0000 0.0000 0.1298 0.5374 0.8486 1.0635 1.1820 1.2041 1.1298 1.0000 0.9167 0.7778 0.5833 0.3333 0.0278 0.0000 0.0988 0.2593 0.3951 0.5062 0.5926 0.9196 1.1812 1.3772 1.5077 1.6127 1.8122 1.8662 1.8147 1.8576 1.6751 1.3535 1.1698 0.9053 0.5200 0.3200 0.0400 0.0400 0.0000 0.0000 0.0000 0.0625 0.2344 0.3750 0.4844 0.5625 0.6094 0.6250 0.6094 0.7353 1.1077 1.3833 1.5622 1.6443 1.7702 1.8932 1.9506 1.9426 1.8690 1.7299 1.6674 1.9818 2.1098 2.0516 2.1131 2.0917 2.0399 2.0088 1.8257 1.4906 1.1268 1.1433 1.1330 1.1693 1.2594 1.2181 1.2379 1.2756 1.3673 1.4267 1.5187 1.8475 2.0661 2.1707 2.2724 2.2478 2.0969 1.8197 1.4661 1.1633 0.8776 0.5102 0.1020 0.0000 0.0000 0.0000 0.0000 0.0000 0.0000 0.0000 0.0000 0.0000 0.0000 0.0000 0.0000 0.0000 0.0000 0.0000 0.0000 0.0000 0.0678 0.1100 0.1600 0.1900 0.2000 0.1900 0.1600 0.1100 0.0400 0.0000 0.0000 0.0000 0.0000 0.2344 0.4375 0.7930 1.1173 1.4529 1.8831 2.1856 2.3605 2.4078 2.5374 2.5146 2.6451 2.6077 2.6433 2.6155 2.5628 2.6677 2.6122 2.3965 2.1665 2.4303 2.6707 2.6876 2.8023 2.7091 2.4080 2.0749 2.1290 2.1540 1.9154 1.6378 1.1374 0.9160 0.8611 0.7903 0.9599 1.0982 1.3006 1.4770 1.5775 1.6020 1.5606 1.7777 1.9300 2.0177 2.0406 1.9989 1.8925 1.7214 1.4856 1.2684 1.1532 0.9278 0.9567 1.0400 1.1778 1.2400 1.2267 1.1378 0.9733 0.7333 0.8128 0.9680 1.0785 1.1843 1.3754 1.5019 1.5636 1.5606 1.6734 1.7106 1.7236 1.6919 1.6154
0.0000 0.0000 0.0000 0.0000 0.0000 0.0000 0.3056 0.5556 0.7704 0.8889 0.9722 1.0000 0.9722 0.8889 0.7500 0.5556 0.3056 0.0000 0.0000 0.0000 0.1235 0.2593 0.3704 0.4772 0.8042 1.0658 1.2618 1.3923 1.4573 1.4568 1.3908 1.2993 1.1022 1.0767 1.0539 0.9102 0.6457 0.3004 0.2800 0.3600 0.4000 0.3600 0.2400 0.0400 0.0000 0.0625 0.2031 0.3125 0.3906 0.4375 0.4531 0.4375 0.6005 0.9116 1.1873 1.3661 1.5576 1.7460 1.8690 1.9264 1.9184 1.8448 1.7057 1.7052 2.0196 2.1477 2.1507 2.2747 2.3626 2.2738 2.2427 2.0596 1.7245 1.2372 1.2300 1.3587 1.3762 1.4664 1.4250 1.2521 1.0884 0.9980 0.9710 1.2671 1.6367 1.8923 2.1204 2.2221 2.1975 2.0466 1.7694 1.6122 1.4082 1.1224 0.7551 0.3061 0.0000 0.0000 0.0000 0.0000 0.0000 0.0000 0.0000 0.0000 0.0000 0.0000 0.0000 0.0000 0.0000 0.0000 0.0000 0.0000 0.0000 0.0000 0.0000 0.0000 0.0000 0.0100 0.0000 0.0000 0.0000 0.0000 0.0000 0.0000 0.0000 0.0000 0.1875 0.4927 0.8890 1.2133 1.6878 2.1179 2.4205 2.5954 2.6551 2.7846 2.7619 2.8090 2.7316 2.4864 2.3565 2.2119 2.3167 2.2612 2.0456 1.6696 1.6582 1.8144 1.9147 2.0294 2.0195 1.8973 1.8628 1.8182 1.6817 1.5897 1.3121 1.0044 0.8825 0.6494 0.6373 0.8316 0.9699 1.0746 1.2387 1.3392 1.3637 1.4530 1.5600 1.6623 1.7500 1.7730 1.7312 1.6248 1.4537 1.2179 0.9174 0.6911 0.5057 0.5122 0.7156 0.8533 0.9156 0.9022 0.8133 0.6489 0.5200 0.6211 0.7763 0.8868 1.0626 1.2537 1.4822 1.6459 1.8242 1.9469 1.9842 1.9359 1.8022 1.6237
0.0000 0.0000 0.0000 0.0000 0.0000 0.0000 0.2222 0.4722 0.6667 0.8056 0.8889 0.9167 0.8889 0.8056 0.6667 0.4722 0.2222 0.0000 0.0000 0.0000 0.0000 0.0988 0.2099 0.2963 0.6233 0.8849 1.0809 1.2114 1.2764 1.2759 1.2099 1.0784 0.9184 0.8163 0.6735 0.5298 0.3053 0.3200 0.5404 0.6400 0.6800 0.6400 0.5200 0.3200 0.0400 0.0000 0.0000 0.1094 0.1875 0.2344 0.2500 0.2467 0.4097 0.6188 0.8944 1.2139 1.4679 1.6563 1.7793 1.8367 1.8287 1.7551 1.6160 1.6767 1.8711 1.9992 2.1042 2.3689 2.4568 2.3680 2.3246 2.1415 1.8163 1.5780 1.5731 1.4953 1.4517 1.5418 1.5004 1.3276 1.0232 0.8217 0.6311 1.0041 1.3984 1.7157 1.9438 2.0455 2.0580 1.9688 1.8980 1.7755 1.5714 1.2857 0.9184 0.4694 0.0000 0.0000 0.0000 0.0000 0.0000 0.0000 0.0000 0.0000 0.0000 0.0000 0.0000 0.0000 0.0000 0.0000 0.0000 0.0000 0.0000 0.0000 0.0000 0.0000 0.0000 0.0000 0.0000 0.0000 0.0000 0.0000 0.0000 0.0000 0.0000 0.0000 0.1094 0.5166 0.9129 1.2372 1.7950 2.2252 2.5277 2.7027 2.7500 2.8795 2.8568 2.7650 2.6876 2.4024 1.9705 1.7006 1.8054 1.7500 1.6543 1.4784 1.3056 1.2191 1.3285 1.4097 1.3998 1.4777 1.5044 1.5742 1.4772 1.2758 1.1265 1.0325 0.9106 0.7022 0.5642 0.8202 0.9956 1.0903 1.1344 1.1978 1.2700 1.3353 1.4177 1.4800 1.4977 1.4706 1.3989 1.2925 1.1214 0.9156 0.6651 0.3699 0.1133 0.2222 0.3156 0.4533 0.5156 0.5022 0.4133 0.3600 0.3700 0.3847 0.5399 0.6504 0.8762 1.2510 1.5202 1.8040 2.0123 2.1350 2.1723 2.1240 1.9902 1.7710
0.0000 0.0000 0.0000 0.0000 0.0000 0.0000 0.0833 0.3333 0.5278 0.6667 0.7500 0.7778 0.7500 0.6667 0.5278 0.3333 0.0833 0.0000 0.0000 0.0000 0.0000 0.0000 0.0247 0.1111 0.3769 0.6384 0.8345 0.9650 1.0300 1.0295 0.9635 0.9184 0.8571 0.7551 0.6122 0.5306 0.6482 0.8253 1.0057 1.1053 1.0841 0.9420 0.7200 0.5200 0.2400 0.0000 0.0000 0.0000 0.0000 0.0000 0.0156 0.0000 0.2099 0.3951 0.7392 1.0587 1.3127 1.5011 1.6241 1.6815 1.6735 1.5999 1.4812 1.5420 1.5363 1.7052 2.0217 2.2863 2.4143 2.3954 2.4144 2.2613 2.0194 2.0922 2.0574 1.8749 1.5548 1.5228 1.4444 1.2715 0.9672 0.6933 0.4737 0.9110 1.3300 1.6473 1.8631 1.9771 1.9896 2.0204 1.9796 1.8571 1.6531 1.3673 1.0000 0.5510 0.0204 0.0000 0.0000 0.0000 0.0000 0.0000 0.0000 0.0000 0.0000 0.0000 0.0000 0.0000 0.0000 0.0000 0.0000 0.0000 0.0000 0.0000 0.0000 0.0000 0.0000 0.0000 0.0000 0.0000 0.0000 0.0000 0.0000 0.0000 0.0000 0.0000 0.0000 0.4684 0.8648 1.2169 1.7747 2.2048 2.5074 2.6823 2.7296 2.8221 2.7994 2.6243 2.4358 2.1505 1.6574 1.4969 1.5340 1.5185 1.4228 1.2469 0.9907 0.9043 0.9877 0.9907 0.9136 1.1318 1.1956 1.3122 1.2933 1.1389 0.9600 0.9494 0.9263 0.8043 0.5463 0.7652 0.9406 1.0353 1.0494 1.1335 1.2681 1.3335 1.3294 1.2930 1.3106 1.2836 1.2119 1.0954 0.9343 0.7285 0.4780 0.1828 0.0000 0.0000 0.0000 0.0278 0.0400 0.1100 0.1600 0.1900 0.2000 0.1900 0.2588 0.3693 0.8087 1.2335 1.6128 1.9066 2.1148 2.2376 2.2748 2.2266 2.0928 1.8735
0.0000 0.0000 0.0000 0.0000 0.0000 0.0000 0.0000 0.1389 0.3333 0.4722 0.5556 0.5833 0.5556 0.4722 0.3333 0.1389 0.0000 0.0000 0.0000 0.0000 0.0000 0.0000 0.0000 0.0000 0.1020 0.3265 0.5225 0.6531 0.7551 0.8163 0.8367 0.8163 0.7551 0.6531 0.7339 0.8931 1.2506 1.5298 1.7102 1.6898 1.4686 1.2865 1.0237 0.6400 0.3600 0.0000 0.0000 0.0000 0.0000 0.0000 0.0000 0.0000 0.1728 0.3580 0.5185 0.8380 1.0920 1.2928 1.4034 1.4608 1.4528 1.3792 1.2401 1.3008 1.2552 1.3678 1.7723 2.1470 2.3249 2.3431 2.3777 2.2090 2.3460 2.4588 2.4240 2.2415 1.9114 1.7398 1.5014 1.3062 1.0142 0.6622 0.4426 0.7410 1.1600 1.4773 1.6931 1.8571 1.9796 2.0204 1.9796 1.8571 1.6531 1.3673 1.0000 0.5510 0.0204 0.0000 0.0000 0.0000 0.0000 0.0000 0.0000 0.0000 0.0000 0.0000 0.0000 0.0000 0.0000 0.0000 0.0000 0.0000 0.0000 0.0000 0.0000 0.0000 0.0000 0.0000 0.0000 0.0000 0.0000 0.0000 0.0000 0.0000 0.0000 0.0000 0.0204 0.3482 0.7446 1.0689 1.6267 2.0568 2.3594 2.5343 2.5816 2.6124 2.5896 2.4146 2.0872 1.6908 1.3383 1.1574 1.2222 1.2068 1.1111 0.9352 0.7901 0.7037 0.6759 0.6790 0.6419 0.8444 0.9856 1.1022 1.0833 1.0400 1.0000 1.0035 0.9393 0.7704 0.5124 0.6296 0.8519 1.0247 1.1605 1.2222 1.2469 1.2622 1.2581 1.1847 1.0789 1.0519 0.9801 0.8637 0.7026 0.4968 0.2963 0.1111 0.0000 0.0000 0.0000 0.0000 0.0000 0.0000 0.0000 0.0000 0.0100 0.0000 0.0000 0.2355 0.7858 1.2506 1.6299 1.9236 2.1319 2.2546 2.2919 2.2436 2.1099 1.8906
0.0000 0.0000 0.0000 0.0000 0.0000 0.0000 0.0000 0.0000 0.0833 0.2222 0.3056 0.3333 0.3056 0.2222 0.0833 0.0000 0.0000 0.0000 0.0000 0.0000 0.0000 0.0000 0.0000 0.0000 0.0000 0.1837 0.3673 0.5102 0.6122 0.6735 0.6939 0.6735 0.6122 0.7339 1.0547 1.2539 1.6522 2.0335 2.2139 2.1935 1.9722 1.5502 1.2473 0.8637 0.4000 0.0400 0.0000 0.0000 0.0000 0.0000 0.0000 0.0000 0.1111 0.3210 0.5679 0.7654 1.0156 1.2164 1.3270 1.3474 1.2777 1.1177 0.9539 0.9942 1.1323 1.2348 1.6063 1.9703 2.2264 2.3532 2.5077 2.5390 2.7525 2.7872 2.6429 2.4605 2.1916 2.0200 1.7416 1.3564 0.9844 0.5556 0.3156 0.4694 0.9184 1.2857 1.5714 1.7755 1.8980 1.9388 1.8980 1.7755 1.5714 1.2857 0.9184 0.4694 0.0000 0.0000 0.0000 0.0000 0.0000 0.0000 0.0000 0.0000 0.0000 0.0000 0.0000 0.0000 0.0000 0.0000 0.0000 0.0000 0.0000 0.0000 0.0000 0.0000 0.0000 0.0000 0.0000 0.0000 0.0000 0.0000 0.0000 0.0000 0.0000 0.0000 0.0000 0.2653 0.5523 0.8766 1.3510 1.7812 2.0838 2.2587 2.3060 2.2504 2.2276 2.0525 1.7251 1.3548 0.9259 0.7654 0.8302 0.8148 0.8025 0.7654 0.7037 0.6573 0.5062 0.3704 0.2099 0.4125 0.6400 0.8400 0.9600 1.0000 1.0588 1.0993 1.0351 0.8662 0.6173 0.7901 1.0741 1.2840 1.4198 1.4815 1.4691 1.3827 1.2222 1.0741 0.9012 0.7754 0.7037 0.6173 0.5062 0.3704 0.2099 0.0247 0.0000 0.0000 0.0000 0.0000 0.0000 0.0000 0.0000 0.0000 0.0000 0.0000 0.0000 0.2041 0.7173 1.1821 1.5614 1.8552 2.0634 2.1862 2.2234 2.1752 2.0414 1.8221
0.0000 0.0000 0.0000 0.0000 0.0000 0.0000 0.0000 0.0000 0.0000 0.0000 0.0000 0.0278 0.0000 0.0000 0.0000 0.0000 0.0000 0.0000 0.0000 0.0000 0.0000 0.0000 0.0000 0.0000 0.0000 0.0000 0.1837 0.3265 0.4286 0.4898 0.5102 0.4898 0.5306 0.8931 1.2139 1.4008 1.9551 2.3363 2.5167 2.4963 2.2751 1.8531 1.3502 0.9665 0.4620 0.0000 0.0000 0.0000 0.0000 0.0000 0.0000 0.0000 0.1235 0.4198 0.6667 0.8642 1.0123 1.1111 1.1605 1.1809 1.1111 1.0123 0.8642 0.8057 0.9538 1.2545 1.7666 2.1306 2.3466 2.5999 2.7545 2.8135 3.0270 3.0617 2.9174 2.5943 2.3650 2.1934 1.9150 1.5298 1.0378 0.5990 0.3333 0.3339 0.7551 1.1224 1.4082 1.6122 1.7347 1.7879 1.7347 1.6122 1.4082 1.1224 0.7551 0.3061 0.0000 0.0000 0.0000 0.0000 0.0000 0.0000 0.0000 0.0000 0.0000 0.0000 0.0000 0.0000 0.0000 0.0000 0.0000 0.0000 0.0000 0.0000 0.0000 0.0000 0.0000 0.0000 0.0000 0.0000 0.0000 0.0000 0.0000 0.0000 0.0000 0.0000 0.0000 0.2041 0.4286 0.6122 0.9478 1.3780 1.6805 1.8554 1.9027 1.8224 1.7132 1.5382 1.3514 1.0436 0.6759 0.6543 0.6914 0.7037 0.7314 0.8943 0.9526 0.9062 0.7551 0.4993 0.1388 0.2400 0.5200 0.7200 0.8400 0.9047 1.0499 1.0904 1.0262 0.9560 0.9136 1.0617 1.2593 1.4691 1.6049 1.6667 1.6543 1.5679 1.4074 1.1728 0.9012 0.6790 0.5926 0.5062 0.3951 0.2593 0.0988 0.0000 0.0000 0.0000 0.0000 0.0000 0.0000 0.0000 0.0000 0.0000 0.0000 0.0000 0.0000 0.2653 0.6498 1.0282 1.4074 1.7012 1.9095 2.0322 2.0695 2.0212 1.8874 1.6682
0.0000 0.0000 0.0000 0.0000 0.0000 0.0000 0.0000 0.0000 0.0000 0.0000 0.0000 0.0000 0.0000 0.0000 0.0000 0.0000 0.0000 0.0000 0.0000 0.0000 0.0204 0.0000 0.0000 0.0000 0.0000 0.0000 0.0000 0.1020 0.2041 0.2653 0.2857 0.2653 0.4915 1.1128 1.5578 1.9284 2.3627 2.6606 2.7021 2.5984 2.3771 1.9551 1.3322 0.9486 0.4441 0.0000 0.0000 0.0000 0.0000 0.0000 0.0000 0.1235 0.2593 0.4691 0.7160 0.9136 1.0617 1.1605 1.2099 1.2099 1.1605 1.0617 0.9136 0.7160 0.8723 1.2668 1.7788 2.1429 2.4453 2.7233 2.8778 2.9091 3.1226 3.1573 3.0130 2.7308 2.4941 2.2600 1.9816 1.5964 1.1044 0.5556 0.3056 0.1020 0.5102 0.9022 1.2744 1.5402 1.6997 1.7528 1.6997 1.5402 1.2744 0.9022 0.5102 0.1020 0.0000 0.0000 0.0000 0.0000 0.0000 0.0000 0.0000 0.0000 0.0000 0.0000 0.0000 0.0000 0.0000 0.0000 0.0000 0.0000 0.0100 0.0000 0.0000 0.0000 0.0000 0.0000 0.0000 0.0000 0.0000 0.0000 0.0000 0.0000 0.0000 0.0000 0.0000 0.1020 0.3265 0.5102 0.6531 0.8940 1.1497 1.3246 1.3719 1.3384 1.2086 1.1059 0.9191 0.6113 0.4568 0.5185 0.5556 0.6079 0.8756 1.0385 1.0968 1.0504 0.8993 0.6435 0.3200 0.0800 0.3200 0.5200 0.6400 0.7911 0.9363 0.9768 1.0360 1.0030 1.1605 1.3086 1.4074 1.5802 1.7160 1.7778 1.7654 1.6790 1.5185 1.2840 0.9753 0.6296 0.4568 0.3704 0.2593 0.1235 0.0000 0.0000 0.0000 0.0000 0.0000 0.0000 0.0000 0.0000 0.0000 0.0000 0.0000 0.0000 0.0204 0.2857 0.6202 0.9739 1.2667 1.4988 1.6700 1.7723 1.8300 1.8188 1.7467 1.6139
0.0000 0.0000 0.0000 0.0000 0.0000 0.0000 0.0000 0.0000 0.0000 0.0000 0.0000 0.0000 0.0000 0.0000 0.0000 0.0000 0.0000 0.1020 0.2041 0.2653 0.2857 0.2653 0.2041 0.1020 0.0000 0.0000 0.0000 0.0000 0.0000 0.0000 0.0204 0.1389 0.6386 1.3620 1.9090 2.2797 2.5139 2.8118 2.8533 2.6385 2.2784 1.8563 1.2335 0.8098 0.3053 0.0000 0.0000 0.0000 0.0000 0.0000 0.0988 0.2593 0.3951 0.5062 0.7160 0.9136 1.0617 1.1605 1.2099 1.2099 1.1605 1.0617 0.9136 0.7560 0.8823 1.1779 1.6431 2.0442 2.4854 2.7233 2.8779 2.9092 3.0394 3.0740 2.9298 2.8312 2.5945 2.2198 1.9414 1.5562 1.0642 0.5122 0.2222 0.0000 0.2824 0.7609 1.1330 1.3988 1.5583 1.6115 1.5583 1.3988 1.1330 0.7609 0.2824 0.0000 0.0000 0.0000 0.0000 0.0000 0.0000 0.0000 0.0000 0.0000 0.0000 0.0000 0.0000 0.0000 0.0400 0.1100 0.1600 0.1900 0.2000 0.1900 0.1600 0.1100 0.0400 0.0000 0.0000 0.0000 0.0000 0.0000 0.0000 0.0000 0.0000 0.0000 0.0000 0.0000 0.1837 0.3673 0.5102 0.6122 0.7568 0.9161 0.9790 0.9456 0.8158 0.5896 0.3658 0.2099 0.2963 0.3580 0.3951 0.6474 0.9151 1.0780 1.1363 1.0899 0.9388 0.7200 0.5200 0.2400 0.0400 0.2400 0.3600 0.5728 0.7180 0.8573 0.9536 1.1605 1.3580 1.5062 1.6049 1.6543 1.7531 1.8148 1.8025 1.7160 1.5556 1.3210 1.0123 0.6296 0.2963 0.2099 0.0988 0.0000 0.0000 0.0000 0.0000 0.0000 0.0000 0.0000 0.0000 0.0000 0.0000 0.0000 0.0000 0.0000 0.0000 0.2653 0.5298 0.8835 1.1763 1.4084 1.5796 1.6900 1.7396 1.7284 1.6563 1.5235
0.0000 0.0000 0.0000 0.0000 0.0000 0.0000 0.0000 0.0000 0.0000 0.0000 0.0000 0.0000 0.0000 0.0000 0.0000 0.0000 0.1837 0.3265 0.4490 0.4898 0.5102 0.4898 0.4286 0.3265 0.1837 0.0156 0.0000 0.0000 0.0000 0.0000 0.0833 0.3537 0.8135 1.5369 2.0839 2.4545 2.6488 2.7067 2.7482 2.5333 2.0621 1.5567 0.9339 0.5502 0.2857 0.0204 0.0000 0.0000 0.0000 0.0247 0.2099 0.3704 0.5062 0.6173 0.7037 0.8642 1.0123 1.1111 1.1605 1.1605 1.1111 1.0123 0.8642 0.8860 1.0123 1.0778 1.6364 2.2810 2.7222 2.9601 2.9947 2.8260 2.7772 2.8527 2.8922 2.7935 2.5569 2.1822 1.7944 1.4092 0.9172 0.4433 0.0833 0.1235 0.2593 0.5540 0.8854 1.1512 1.3107 1.3638 1.3107 1.1512 0.8854 0.5540 0.2593 0.1235 0.0000 0.0000 0.0000 0.0000 0.0000 0.0000 0.0000 0.0000 0.0000 0.0000 0.0100 0.1200 0.2100 0.2800 0.3300 0.3600 0.3700 0.3600 0.3300 0.2800 0.2100 0.1200 0.0100 0.0000 0.0000 0.0000 0.0000 0.0000 0.0000 0.0000 0.0000 0.0000 0.0000 0.1837 0.3265 0.4286 0.4898 0.5102 0.4898 0.4563 0.3265 0.1837 0.0000 0.0247 0.1111 0.1728 0.2099 0.5822 0.8499 1.0128 1.0711 1.0247 0.9600 0.8400 0.6400 0.3600 0.0000 0.0000 0.0000 0.2499 0.4198 0.7654 1.0617 1.3086 1.5062 1.6543 1.7531 1.8025 1.8025 1.7778 1.7654 1.6790 1.5185 1.2840 0.9753 0.5926 0.1358 0.0247 0.0000 0.0000 0.0000 0.0000 0.0000 0.0000 0.0000 0.0000 0.0000 0.0000 0.0000 0.0000 0.0000 0.0000 0.0000 0.2041 0.4286 0.7322 1.0251 1.2571 1.4284 1.5388 1.5884 1.5771 1.5051 1.3722
0.0000 0.0000 0.0000 0.0000 0.0000 0.0000 0.0000 0.0000 0.0000 0.0000 0.0000 0.0000 0.0000 0.0000 0.0000 0.2857 0.5714 0.7755 0.8980 0.9388 0.8980 0.7755 0.7216 0.6977 0.6017 0.4337 0.2344 0.1875 0.1094 0.0000 0.2222 0.4722 0.9320 1.5354 2.0824 2.4530 2.6473 2.6651 2.5067 2.1718 1.7006 1.0563 0.6735 0.4898 0.2653 0.0000 0.0000 0.0000 0.0000 0.1111 0.2963 0.4568 0.5926 0.7037 0.7901 0.8519 0.9136 1.0123 1.0617 1.0617 1.0123 0.9136 0.7654 0.9154 1.0816 1.4736 1.8331 2.3756 2.7556 2.9935 3.0281 2.9206 2.6506 2.6770 2.7165 2.6178 2.3812 2.0065 1.5406 1.1553 0.6633 0.2989 0.0988 0.2593 0.3951 0.5062 0.6946 0.8584 0.9567 1.0098 0.9567 0.8584 0.6946 0.5062 0.3951 0.2593 0.0988 0.0000 0.0000 0.0000 0.0000 0.0000 0.0000 0.0000 0.0000 0.0300 0.1600 0.2700 0.3600 0.4300 0.4800 0.5100 0.5200 0.5100 0.4800 0.4300 0.3600 0.2700 0.1600 0.0300 0.0000 0.0000 0.0000 0.0000 0.0000 0.0000 0.0000 0.0000 0.0000 0.0000 0.1020 0.2041 0.2653 0.2857 0.2653 0.2041 0.1020 0.0000 0.0000 0.0000 0.0000 0.0000 0.0400 0.4123 0.6800 0.8800 1.0000 1.0400 1.0000 0.8800 0.6800 0.4000 0.0400 0.0000 0.0123 0.2222 0.5185 0.8642 1.1605 1.4074 1.6049 1.7531 1.8519 1.9012 1.9012 1.8519 1.7531 1.6049 1.4074 1.1728 0.8642 0.5185 0.1235 0.0000 0.0000 0.0000 0.0000 0.0000 0.0000 0.0000 0.0000 0.0000 0.0000 0.0000 0.0000 0.0000 0.0000 0.0000 0.0000 0.1020 0.3265 0.5202 0.8131 1.0451 1.2163 1.3267 1.3763 1.3651 1.2931 1.1602
0.0000 0.0000 0.0000 0.0000 0.0000 0.0000 0.0000 0.0000 0.0000 0.0000 0.0000 0.0000 0.0000 0.0000 0.2857 0.6531 0.9388 1.1429 1.2653 1.3061 1.3278 1.3460 1.2513 1.0437 0.9477 0.7797 0.5395 0.3906 0.3125 0.2031 0.3681 0.5556 0.9541 1.3575 1.9045 2.2751 2.4694 2.4873 2.3288 1.9939 1.4827 0.7951 0.6122 0.4286 0.2041 0.0000 0.0000 0.0000 0.0000 0.1728 0.3580 0.5185 0.6543 0.7654 0.8519 0.9136 0.9506 0.9630 0.9506 0.9136 0.8642 0.7654 0.6543 0.9429 1.3955 1.8122 2.1100 2.5119 2.8919 3.1094 3.1644 3.0569 2.7869 2.4744 2.4027 2.3041 2.0674 1.6927 1.1799 0.7947 0.4433 0.2147 0.2099 0.3704 0.5062 0.6173 0.7037 0.7654 0.8025 0.8352 0.8025 0.7654 0.7037 0.6173 0.5062 0.3704 0.2099 0.0247 0.0000 0.0000 0.0000 0.0000 0.0000 0.0000 0.0100 0.1600 0.2900 0.4000 0.4900 0.5600 0.6100 0.6400 0.6500 0.6400 0.6100 0.5600 0.4900 0.4000 0.2900 0.1600 0.0100 0.0000 0.0000 0.0000 0.0000 0.0000 0.0000 0.0000 0.0000 0.0000 0.0000 0.0000 0.0000 0.0204 0.0000 0.0000 0.0000 0.0000 0.0000 0.0000 0.0000 0.0000 0.0000 0.3600 0.6400 0.8400 0.9600 1.0000 0.9600 0.8400 0.6400 0.3600 0.0000 0.0000 0.0000 0.2099 0.5679 0.9136 1.2099 1.4568 1.6543 1.8025 1.9012 1.9506 1.9506 1.9012 1.8025 1.6543 1.4568 1.2099 0.9136 0.5679 0.1728 0.0000 0.0000 0.0000 0.0000 0.0000 0.0000 0.0000 0.0000 0.0000 0.0000 0.0000 0.0000 0.0000 0.0000 0.0000 0.0000 0.0000 0.1837 0.3673 0.5402 0.7722 0.9435 1.0539 1.1035 1.0922 1.0202 0.8873
0.0000 0.0000 0.0000 0.0000 0.0000 0.0000 0.0000 0.0000 0.0000 0.0000 0.0000 0.0000 0.0000 0.1837 0.5714 0.9388 1.2245 1.4286 1.5510 1.6543 1.7854 1.8036 1.7089 1.5013 1.2216 1.0536 0.8135 0.5625 0.4844 0.4028 0.5677 0.6458 0.8798 1.2432 1.5502 1.9208 2.1151 2.1330 1.9745 1.6397 1.1284 0.6808 0.5102 0.3265 0.1020 0.0000 0.0000 0.0000 0.0000 0.2099 0.3951 0.5556 0.6914 0.8025 0.8889 0.9506 0.9877 1.0000 0.9877 0.9506 0.8889 0.8302 0.7170 1.0056 1.5782 1.9949 2.2556 2.5950 2.8656 3.0831 3.1381 3.0306 2.7606 2.3281 2.1731 1.9356 1.6156 1.2409 0.7281 0.5200 0.3700 0.3111 0.3063 0.4568 0.5926 0.7037 0.7901 0.8519 0.8889 0.9012 0.8889 0.8519 0.7901 0.7037 0.5926 0.4568 0.2963 0.1111 0.0000 0.0000 0.0000 0.0000 0.0000 0.0000 0.1200 0.2700 0.4000 0.5100 0.6000 0.6700 0.7200 0.7500 0.7600 0.7500 0.7200 0.6700 0.6000 0.5100 0.4000 0.2700 0.1200 0.0000 0.0000 0.0000 0.0000 0.0000 0.0000 0.0000 0.0000 0.0000 0.0000 0.0000 0.0000 0.0000 0.0000 0.0000 0.0000 0.0000 0.0000 0.0000 0.0000 0.0000 0.0000 0.2400 0.5200 0.7200 0.8400 0.8800 0.8400 0.7200 0.5200 0.2400 0.0000 0.0000 0.0000 0.1728 0.5679 0.9136 1.2099 1.4568 1.6543 1.8025 1.9012 1.9506 1.9506 1.9012 1.8025 1.6543 1.4568 1.2099 0.9136 0.5679 0.2099 0.0000 0.0000 0.0000 0.0000 0.0000 0.0000 0.0000 0.0000 0.0000 0.0000 0.0000 0.0000 0.0000 0.0000 0.0000 0.0000 0.0000 0.0000 0.1837 0.3265 0.4386 0.6098 0.7202 0.7698 0.7586 0.6865 0.5537
0.0000 0.0000 0.0000 0.0000 0.0000 0.0000 0.0000 0.0000 0.0000 0.0000 0.0000 0.0000 0.1020 0.3265 0.7879 1.1429 1.4286 1.6327 1.7551 1.9990 2.1301 2.1483 2.0536 1.8460 1.5255 1.2554 1.0153 0.7031 0.6250 0.5156 0.6806 0.7587 0.7500 1.0726 1.3396 1.5102 1.5845 1.6024 1.4439 1.2290 0.9178 0.5102 0.3673 0.1837 0.0000 0.0000 0.0000 0.0000 0.0123 0.2222 0.4074 0.5679 0.7037 0.8148 0.9012 0.9630 1.0100 1.0000 1.0833 1.1952 1.2068 1.1481 1.0093 1.2545 1.6882 2.0216 2.2823 2.6094 2.8175 2.8944 2.9494 2.8419 2.5719 2.1394 1.9444 1.7069 1.3869 0.9844 0.6400 0.5100 0.3600 0.3628 0.3580 0.5185 0.6543 0.7654 0.8519 0.9136 0.9506 0.9630 0.9506 0.9136 0.8519 0.7654 0.6543 0.5185 0.3580 0.1728 0.0000 0.0000 0.0000 0.0000 0.0000 0.0400 0.2100 0.3600 0.4900 0.6000 0.6900 0.7600 0.8100 0.8400 0.8500 0.8400 0.8100 0.7600 0.6900 0.6000 0.4900 0.3600 0.2100 0.0400 0.0000 0.0000 0.0000 0.0000 0.0000 0.0000 0.0000 0.0000 0.0000 0.0123 0.0000 0.0000 0.0000 0.0000 0.0000 0.0000 0.0000 0.0000 0.0000 0.0000 0.0000 0.0400 0.3200 0.5200 0.6400 0.6800 0.6400 0.5200 0.3200 0.0400 0.0000 0.0000 0.0000 0.1235 0.5185 0.8642 1.1605 1.4074 1.6049 1.7531 1.8519 1.9012 1.9012 1.8519 1.7531 1.6049 1.4074 1.1605 0.8642 0.5185 0.2222 0.0123 0.0000 0.0000 0.0000 0.0000 0.0000 0.0000 0.0000 0.0000 0.0000 0.0000 0.0000 0.0000 0.0000 0.0000 0.0000 0.0000 0.0000 0.0000 0.1020 0.2041 0.2653 0.3257 0.3753 0.3641 0.2920 0.2000
0.0000 0.0000 0.0000 0.0000 0.0000 0.0000 0.0000 0.0000 0.0000 0.0000 0.0247 0.1111 0.3769 0.6589 1.1202 1.4752 1.7239 1.8662 2.0116 2.2309 2.3619 2.3801 2.2854 2.0778 1.7573 1.3852 1.1451 0.8329 0.7344 0.6250 0.7066 0.7847 0.7760 0.8056 1.0726 1.2432 1.3175 1.2954 1.1769 0.9620 0.6508 0.3265 0.1837 0.0000 0.0000 0.0000 0.0000 0.0000 0.0000 0.2099 0.3951 0.5556 0.7314 0.9125 1.0489 1.1806 1.2977 1.4889 1.6710 1.7328 1.6744 1.5458 1.3569 1.4153 1.8090 2.0313 2.1531 2.4925 2.7006 2.7775 2.7231 2.5375 2.2206 1.7881 1.6331 1.4425 1.2006 0.9075 0.6100 0.4800 0.3300 0.3699 0.3951 0.5556 0.6914 0.8025 0.8889 0.9506 0.9877 1.0000 0.9877 0.9506 0.8889 0.8025 0.6914 0.5556 0.3951 0.2099 0.0000 0.0000 0.0000 0.0000 0.0000 0.1100 0.2800 0.4300 0.5600 0.6700 0.7600 0.8300 0.8800 0.9100 0.9200 0.9100 0.8800 0.8300 0.7600 0.6700 0.5600 0.4300 0.2800 0.1100 0.0000 0.0000 0.0000 0.0000 0.0000 0.0247 0.1111 0.1728 0.2099 0.2222 0.2099 0.1728 0.1111 0.0247 0.0000 0.0000 0.0000 0.0000 0.0000 0.0000 0.0000 0.0000 0.0400 0.2400 0.3600 0.4000 0.3600 0.2400 0.0400 0.0000 0.0000 0.0000 0.0000 0.0247 0.4198 0.7654 1.0617 1.3086 1.5062 1.6543 1.7531 1.8025 1.8025 1.7531 1.6543 1.5062 1.3086 1.0617 0.7654 0.4198 0.2099 0.0000 0.0000 0.0000 0.0000 0.0000 0.0000 0.0000 0.0000 0.0000 0.0000 0.0000 0.0000 0.0000 0.0000 0.0000 0.0000 0.0000 0.0000 0.0000 0.0000 0.0000 0.0000 0.0204 0.0000 0.0000 0.0000 0.0100
0.0000 0.0000 0.0000 0.0000 0.0000 0.0000 0.0000 0.0000 0.0000 0.0988 0.2099 0.2963 0.6233 0.8849 1.3462 1.7012 1.9499 2.0922 2.3157 2.4486 2.4809 2.4990 2.4043 2.1967 1.8763 1.4429 1.2028 0.8906 0.8125 0.7031 0.6458 0.7240 0.7153 0.6667 0.7500 0.8798 0.9541 0.9320 0.8135 0.5986 0.2874 0.1020 0.0000 0.0000 0.0000 0.0000 0.0000 0.0000 0.0000 0.1728 0.3680 0.6385 0.8643 1.0554 1.3142 1.4836 1.6840 1.9863 2.1684 2.2302 2.1719 1.9932 1.7147 1.6146 1.8383 1.9505 1.9883 2.2444 2.4525 2.5294 2.4750 2.2894 1.9725 1.6444 1.5050 1.3144 1.0725 0.7794 0.5600 0.4300 0.2923 0.3322 0.4074 0.5679 0.7037 0.8148 0.9012 0.9630 1.0000 1.0000 1.0000 0.9630 0.9012 0.8148 0.7037 0.5679 0.4074 0.2222 0.0123 0.0000 0.0000 0.0000 0.0000 0.1600 0.3300 0.4800 0.6100 0.7200 0.8100 0.8800 0.9300 0.9600 0.9700 0.9600 0.9300 0.8800 0.8100 0.7200 0.6100 0.4800 0.3300 0.1600 0.0000 0.0000 0.0000 0.0000 0.0988 0.2099 0.2963 0.3580 0.3951 0.4074 0.3951 0.3580 0.2963 0.2099 0.0988 0.0000 0.0000 0.0000 0.0000 0.0000 0.0000 0.0000 0.0000 0.0000 0.0000 0.0400 0.0000 0.0000 0.0000 0.0000 0.0000 0.0000 0.0000 0.0000 0.2716 0.6173 0.9136 1.1605 1.3580 1.5062 1.6049 1.6543 1.6543 1.6049 1.5062 1.3580 1.1605 0.9136 0.6173 0.3580 0.1728 0.0000 0.0000 0.0000 0.0000 0.0000 0.0000 0.0000 0.0000 0.0000 0.0000 0.0000 0.0000 0.0000 0.0000 0.0000 0.0000 0.0000 0.0000 0.0000 0.0000 0.0000 0.0000 0.0000 0.0000 0.0000 0.0000 0.0000
0.0000 0.0000 0.0000 0.0000 0.0000 0.0000 0.0000 0.0000 0.1235 0.2593 0.3704 0.4772 0.8042 1.0658 1.4659 1.8209 2.0695 2.2119 2.4823 2.6151 2.6104 2.5051 2.4104 2.2028 1.8823 1.4490 1.1885 0.9375 0.8594 0.7500 0.6094 0.5764 0.5677 0.4722 0.5556 0.5833 0.5556 0.4722 0.3537 0.1389 0.0000 0.0000 0.0000 0.0000 0.0000 0.0000 0.0000 0.0000 0.0000 0.1411 0.4810 0.8379 1.1554 1.5036 1.7623 1.9317 2.2340 2.4746 2.5702 2.7094 2.7531 2.6357 2.3572 1.9577 1.8902 1.9004 1.7778 1.8650 2.0731 2.1500 2.0956 1.9100 1.5931 1.4650 1.3256 1.1350 0.8931 0.6000 0.4900 0.3600 0.2100 0.2499 0.3951 0.5556 0.6914 0.8025 0.8889 0.9506 0.9877 1.0000 0.9877 0.9506 0.8889 0.8025 0.6914 0.5556 0.3951 0.2099 0.0000 0.0000 0.0000 0.0000 0.0000 0.1900 0.3600 0.5304 0.6400 0.7500 0.8400 0.9100 0.9600 0.9900 1.0000 0.9900 0.9600 0.9100 0.8400 0.7500 0.6400 0.5100 0.3600 0.1900 0.0000 0.0000 0.0000 0.1235 0.2593 0.3704 0.4568 0.5185 0.5556 0.5679 0.5556 0.5185 0.4568 0.3704 0.2593 0.1235 0.0000 0.0000 0.0000 0.0000 0.0000 0.0000 0.0000 0.0000 0.0000 0.0000 0.0000 0.0000 0.0000 0.0000 0.0000 0.0000 0.0000 0.0000 0.1111 0.4198 0.7160 0.9630 1.1605 1.3086 1.4074 1.4568 1.4568 1.4074 1.3086 1.1605 0.9630 0.7160 0.4568 0.2963 0.1111 0.0000 0.0000 0.0000 0.0000 0.0000 0.0000 0.0000 0.0000 0.0000 0.0000 0.0000 0.0000 0.0000 0.0000 0.0000 0.0000 0.0000 0.0000 0.0000 0.0000 0.0000 0.0000 0.0000 0.0000 0.0000 0.0000 0.0000
0.0000 0.0000 0.0000 0.0000 0.0000 0.0000 0.0000 0.0988 0.2593 0.3951 0.5062 0.5926 0.9196 1.1812 1.4792 1.8342 2.0829 2.2409 2.5113 2.6441 2.6394 2.4970 2.3036 2.0960 1.7755 1.3422 1.1020 0.9531 0.8750 0.7656 0.6250 0.4531 0.3333 0.2378 0.3056 0.3333 0.3179 0.2222 0.0833 0.0000 0.0000 0.0000 0.0000 0.0000 0.0000 0.0000 0.0000 0.0000 0.0223 0.2835 0.7098 1.0767 1.5142 1.8623 2.1211 2.2905 2.6760 2.9167 3.1960 3.2896 3.2345 3.1171 2.8386 2.3991 1.9809 1.7412 1.6642 1.3644 1.5625 1.6394 1.5850 1.3994 1.3225 1.2344 1.0950 0.9044 0.6625 0.5100 0.4000 0.2700 0.1200 0.1728 0.3580 0.5185 0.6543 0.7654 0.8519 0.9136 0.9506 0.9630 0.9506 0.9136 0.8519 0.7654 0.6543 0.5185 0.3580 0.1728 0.0000 0.0000 0.0000 0.0000 0.1120 0.4041 0.6353 0.8057 0.9153 0.9641 0.9520 0.9200 0.9700 1.0000 1.0100 1.0000 0.9700 0.9200 0.8500 0.7600 0.6500 0.5200 0.3700 0.2000 0.0100 0.0000 0.0988 0.2593 0.3951 0.5062 0.5926 0.6543 0.6914 0.7037 0.6914 0.6543 0.5926 0.5062 0.3951 0.2593 0.0988 0.0000 0.0000 0.0000 0.0000 0.0000 0.0000 0.0000 0.0000 0.0000 0.0000 0.0000 0.0000 0.0000 0.0000 0.0000 0.0000 0.0000 0.0247 0.2099 0.4691 0.7160 0.9136 1.0617 1.1605 1.2099 1.2099 1.1605 1.0617 0.9136 0.7160 0.5062 0.3704 0.2099 0.0247 0.0000 0.0000 0.0000 0.0000 0.0000 0.0000 0.0000 0.0000 0.0000 0.0000 0.0000 0.0000 0.0000 0.0000 0.0000 0.0000 0.0000 0.0000 0.0000 0.0000 0.0000 0.0000 0.0000 0.0000 0.0000 0.0000 0.0000
0.0000 0.0000 0.0000 0.0000 0.0000 0.0000 0.0247 0.2099 0.3704 0.5062 0.6451 0.7037 0.9695 1.2310 1.4271 1.7412 1.9899 2.1323 2.4027 2.5355 2.5308 2.3884 2.1086 1.8763 1.5558 1.1837 0.9844 0.9375 0.8594 0.7500 0.6094 0.4375 0.2591 0.1111 0.1728 0.2377 0.2222 0.2255 0.1728 0.1111 0.0247 0.0000 0.0000 0.0000 0.0247 0.1111 0.1728 0.2099 0.4657 0.7391 1.0420 1.4572 1.8083 2.1317 2.3905 2.5877 2.9732 3.3975 3.6769 3.7705 3.6783 3.4374 3.1589 2.7194 2.1288 1.7160 1.4638 1.0440 0.9206 0.9975 1.0631 1.0775 1.0406 0.9525 0.8131 0.6225 0.4900 0.4000 0.2900 0.1600 0.0100 0.1111 0.2963 0.4568 0.5926 0.7037 0.7901 0.8519 0.8889 0.9012 0.8889 0.8519 0.7901 0.7037 0.5926 0.4568 0.2963 0.1111 0.0000 0.0000 0.0000 0.1837 0.3265 0.6186 0.8498 1.0202 1.1298 1.1786 1.1665 1.0937 0.9600 0.9900 1.0000 0.9900 0.9600 0.9100 0.8400 0.7500 0.6400 0.5100 0.3600 0.1900 0.0000 0.0247 0.2099 0.3704 0.5062 0.6173 0.7037 0.7654 0.8025 0.8148 0.8025 0.7654 0.7037 0.6173 0.5062 0.3704 0.2099 0.0247 0.0000 0.0000 0.0000 0.0000 0.0000 0.0000 0.0000 0.0000 0.0000 0.0000 0.0000 0.0000 0.0000 0.0000 0.0000 0.0000 0.0000 0.0988 0.2593 0.4198 0.6173 0.7654 0.8642 0.9136 0.9136 0.8642 0.7654 0.6173 0.5062 0.3951 0.2593 0.0988 0.0000 0.0000 0.0000 0.0000 0.0000 0.0000 0.0000 0.0000 0.0000 0.0000 0.0000 0.0000 0.0000 0.0000 0.0000 0.0000 0.0000 0.0000 0.0000 0.0000 0.0000 0.0000 0.0000 0.0000 0.0000 0.0000 0.0000 0.0000
0.0000 0.0000 0.0000 0.0000 0.0000 0.0000 0.1111 0.3796 0.6790 0.8981 1.0370 1.0957 1.1761 1.2988 1.4114 1.5420 1.7906 1.9330 2.1565 2.2893 2.2846 2.1423 1.8624 1.5437 1.2232 0.9531 0.9375 0.8906 0.8125 0.7031 0.5625 0.4894 0.3974 0.2963 0.4674 0.5826 0.6418 0.6451 0.5924 0.4838 0.3193 0.0988 0.0000 0.0988 0.2099 0.2963 0.3580 0.5338 0.8767 1.1501 1.3942 1.8223 2.1735 2.4105 2.5705 2.7399 3.2275 3.6926 3.9719 4.0655 3.9734 3.6955 3.3182 2.8787 2.3151 1.7686 1.3358 0.9159 0.6895 0.6644 0.7300 0.7444 0.7075 0.6194 0.4800 0.4300 0.3600 0.2700 0.1600 0.0300 0.0000 0.0247 0.2099 0.3704 0.5062 0.6173 0.7037 0.7654 0.8025 0.8148 0.8025 0.7654 0.7037 0.6173 0.5062 0.3704 0.2099 0.0247 0.0000 0.0000 0.1837 0.3673 0.5102 0.7722 1.0035 1.1739 1.2835 1.3322 1.3202 1.2473 1.1137 0.9600 0.9700 0.9600 0.9300 0.8800 0.8100 0.7200 0.6100 0.4800 0.3300 0.1600 0.0000 0.1111 0.2963 0.4568 0.5926 0.7037 0.7901 0.8519 0.8889 0.9012 0.8889 0.8519 0.7901 0.7037 0.5926 0.4568 0.2963 0.1111 0.0000 0.0000 0.0000 0.0000 0.0000 0.0000 0.0000 0.0000 0.0000 0.0000 0.0000 0.0000 0.0000 0.0000 0.0000 0.0000 0.0000 0.0000 0.1235 0.2593 0.3704 0.4568 0.5185 0.5679 0.5679 0.5556 0.5185 0.4568 0.3704 0.2593 0.1235 0.0000 0.0000 0.0000 0.0000 0.0000 0.0000 0.0000 0.0000 0.0000 0.0000 0.0000 0.0000 0.0000 0.0000 0.0000 0.0000 0.0000 0.0000 0.0000 0.0000 0.0000 0.0000 0.0000 0.0000 0.0000 0.0000 0.0000 0.0000 0.0000
0.0000 0.0000 0.0000 0.0000 0.0000 0.0000 0.3117 0.6914 0.9907 1.2099 1.3644 1.4074 1.3858 1.4676 1.4692 1.4608 1.5382 1.6274 1.7728 1.9056 1.9009 1.7585 1.4786 1.0982 0.8594 0.8750 0.8594 0.8125 0.7344 0.6250 0.6078 0.5718 0.5422 0.6599 0.8310 0.9462 1.0054 1.0087 0.9560 0.8474 0.6829 0.4624 0.3094 0.2593 0.3704 0.4568 0.5432 0.8754 1.2183 1.4917 1.8058 2.1105 2.4246 2.6616 2.7846 2.8305 3.3368 3.8019 4.0813 4.1749 4.0827 3.8048 3.3411 2.9139 2.4738 1.8973 1.2745 0.8286 0.5241 0.2800 0.3456 0.3600 0.3700 0.3600 0.3300 0.2800 0.2100 0.1200 0.0100 0.0000 0.0000 0.0000 0.0988 0.2593 0.3951 0.5062 0.5926 0.6543 0.6914 0.7037 0.6914 0.6543 0.5926 0.5062 0.3951 0.2593 0.0988 0.0000 0.0000 0.1020 0.3265 0.5102 0.6531 0.8651 1.0963 1.2667 1.3763 1.4251 1.4131 1.3402 1.2065 1.0120 0.9200 0.9100 0.8800 0.8300 0.7600 0.6700 0.5600 0.4300 0.2800 0.1100 0.0000 0.1728 0.3580 0.5185 0.6543 0.7654 0.8519 0.9136 0.9506 0.9630 0.9506 0.9136 0.8619 0.7654 0.6543 0.5185 0.3580 0.1728 0.0000 0.0000 0.0000 0.0000 0.0000 0.0000 0.0000 0.0000 0.0000 0.0000 0.0000 0.0000 0.0000 0.0000 0.0000 0.0000 0.0000 0.0000 0.0000 0.0988 0.2099 0.2963 0.3580 0.3951 0.4074 0.3951 0.3580 0.2963 0.2099 0.0988 0.0000 0.0000 0.0000 0.0000 0.0000 0.0000 0.0000 0.0000 0.0000 0.0000 0.0000 0.0000 0.0000 0.0000 0.0000 0.0000 0.0000 0.0000 0.0000 0.0000 0.0000 0.0000 0.0000 0.0000 0.0000 0.0000 0.0000 0.0000 0.0000 0.0000
0.0000 0.0000 0.0000 0.0000 0.0000 0.0833 0.5432 1.0422 1.4097 1.6757 1.8302 1.8733 1.8295 1.7359 1.6898 1.6074 1.6014 1.5886 1.4855 1.4954 1.4042 1.2372 1.0186 0.7031 0.7500 0.7656 0.7500 0.7031 0.6250 0.6144 0.6343 0.6607 0.7405 0.9676 1.1387 1.2539 1.3131 1.3164 1.2637 1.1551 0.9905 0.8688 0.7529 0.5563 0.5062 0.5926 0.7654 1.1477 1.4905 1.7640 2.1280 2.4327 2.6480 2.7986 2.9216 2.9305 3.2604 3.7255 4.0048 4.0984 4.0063 3.7284 3.3511 2.9363 2.4961 1.9197 1.2368 0.8198 0.4653 0.1100 0.1600 0.1900 0.2000 0.1900 0.1600 0.1100 0.0400 0.0000 0.0000 0.0000 0.0000 0.0000 0.0000 0.1235 0.2593 0.3704 0.4568 0.5185 0.5556 0.5679 0.5556 0.5185 0.4568 0.3704 0.2593 0.1235 0.0000 0.0000 0.0000 0.2041 0.4286 0.6122 0.7551 0.8971 1.1284 1.2988 1.4084 1.4571 1.4451 1.3722 1.2386 1.0441 0.8500 0.8400 0.8100 0.7600 0.6900 0.6000 0.4900 0.3600 0.2100 0.0400 0.0000 0.2099 0.3951 0.5556 0.6914 0.8025 0.8889 0.9506 1.0277 1.1100 1.1477 1.1406 1.0889 0.9925 0.8514 0.6656 0.4351 0.2099 0.0000 0.0000 0.0400 0.0000 0.0000 0.0000 0.0000 0.0000 0.0000 0.0000 0.0000 0.0000 0.0000 0.0000 0.0000 0.0000 0.0000 0.0000 0.0000 0.0000 0.0247 0.1111 0.1728 0.2099 0.2222 0.2099 0.1728 0.1111 0.0247 0.0000 0.0000 0.0000 0.0000 0.0000 0.0000 0.0000 0.0000 0.0000 0.0000 0.0000 0.0000 0.0000 0.0000 0.0000 0.0000 0.0000 0.0000 0.0000 0.0000 0.0000 0.0000 0.0000 0.0000 0.0000 0.0000 0.0000 0.0000 0.0000 0.0000 0.0000
0.0000 0.0000 0.0000 0.0400 0.1100 0.4571 1.0876 1.5866 1.9541 2.1901 2.2946 2.3664 2.3690 2.2755 2.0457 1.7818 1.5745 1.5616 1.4586 1.3278 1.2162 0.9832 0.7066 0.5748 0.6094 0.6250 0.6094 0.5625 0.5091 0.5849 0.6047 0.7718 0.9923 1.2193 1.3904 1.5056 1.5648 1.5681 1.5154 1.4068 1.2670 1.2717 1.1157 0.9192 0.6420 0.7037 0.9383 1.3505 1.6933 1.9668 2.3609 2.6656 2.8809 3.0068 3.0433 3.0109 3.1340 3.4633 3.7426 3.8733 3.8428 3.6514 3.2988 2.8222 2.3821 1.8056 1.2039 0.8702 0.4757 0.0204 0.0000 0.0000 0.0100 0.0000 0.0000 0.0000 0.0000 0.0000 0.0000 0.0204 0.0000 0.0000 0.0000 0.0000 0.0988 0.2099 0.2963 0.3580 0.3951 0.4074 0.3951 0.3580 0.2963 0.2099 0.0988 0.0000 0.0000 0.0000 0.0000 0.2653 0.4898 0.6735 0.8163 0.9184 1.0996 1.2700 1.3796 1.4284 1.4163 1.3435 1.2098 1.0153 0.7600 0.7500 0.7200 0.6700 0.6000 0.5100 0.4000 0.2700 0.1200 0.0000 0.0328 0.2222 0.4074 0.5679 0.7037 0.8148 0.9112 1.0830 1.2100 1.2923 1.3300 1.3230 1.2712 1.1748 1.0337 0.8479 0.6174 0.3822 0.2623 0.3600 0.4000 0.3600 0.2400 0.0400 0.0000 0.0000 0.0000 0.0000 0.0000 0.0000 0.0000 0.0000 0.0000 0.0000 0.0000 0.0000 0.0000 0.0000 0.0000 0.0000 0.0000 0.0000 0.0123 0.0000 0.0000 0.0000 0.0000 0.0000 0.0000 0.0000 0.0000 0.0000 0.0000 0.0000 0.0000 0.0000 0.0000 0.0000 0.0000 0.0000 0.0000 0.0000 0.0000 0.0000 0.0000 0.0000 0.0000 0.0000 0.0000 0.0000 0.0000 0.0000 0.0000 0.0000 0.0000 0.0000 0.0000 0.0000
0.0000 0.0100 0.1200 0.2100 0.3425 0.8699 1.5004 1.9994 2.3669 2.6030 2.8309 2.9397 2.8924 2.6888 2.4491 2.0831 1.5810 1.4444 1.3414 1.1481 0.9884 0.8574 0.6458 0.3906 0.4375 0.4531 0.4375 0.3906 0.4236 0.4994 0.6287 0.9051 1.1881 1.4307 1.5862 1.7014 1.7606 1.7639 1.7512 1.8426 1.9092 1.9139 1.7580 1.4414 0.9642 0.7901 1.0717 1.4840 1.8268 2.1102 2.5043 2.8090 3.0243 3.1502 3.1868 3.1340 3.2470 3.3487 3.5293 3.6599 3.6295 3.4380 3.0854 2.5718 2.1317 1.6663 1.2035 0.8598 0.4653 0.0100 0.0000 0.0000 0.0000 0.0000 0.0000 0.0000 0.1020 0.2041 0.2653 0.2857 0.2653 0.2041 0.1020 0.0000 0.0000 0.0247 0.1111 0.1728 0.2099 0.2222 0.2099 0.1728 0.1111 0.0247 0.0000 0.0000 0.0000 0.0000 0.0204 0.2857 0.5102 0.6939 0.8367 0.9388 1.0100 1.1804 1.2900 1.3388 1.3267 1.2539 1.1202 0.9257 0.6704 0.6400 0.6100 0.5600 0.4900 0.4000 0.2900 0.2620 0.2141 0.2653 0.2857 0.4752 0.5991 0.6576 0.6914 0.8325 1.0489 1.2206 1.3477 1.4300 1.4677 1.4606 1.4089 1.3125 1.1714 0.9856 0.7951 0.7999 0.6800 0.6700 0.6800 0.6400 0.5200 0.3200 0.0400 0.0000 0.0000 0.0000 0.0000 0.0000 0.0000 0.0000 0.0000 0.0000 0.0000 0.0000 0.0000 0.0000 0.0000 0.0000 0.0000 0.0000 0.0000 0.0000 0.0000 0.0000 0.0000 0.0000 0.0000 0.0000 0.0000 0.0000 0.0000 0.0000 0.0000 0.0000 0.0000 0.0000 0.0000 0.0000 0.0000 0.0000 0.0000 0.0000 0.0000 0.0000 0.0000 0.0000 0.0000 0.0000 0.0000 0.0000 0.0000 0.0000 0.0000 0.0000 0.0000 0.0000
0.0300 0.1600 0.2700 0.3600 0.6609 1.1883 1.7818 2.2808 2.6483 2.9831 3.2481 3.3569 3.3095 3.1060 2.7462 2.3503 1.8482 1.5432 1.4198 1.2469 1.0247 0.7531 0.5415 0.2863 0.2344 0.2500 0.2344 0.1875 0.2822 0.3580 0.8154 1.2324 1.5623 1.8050 1.9605 2.0287 2.0098 1.9437 2.1711 2.2625 2.3908 2.3955 2.2395 1.9230 1.4458 0.9042 1.1358 1.5480 1.8909 2.1643 2.5584 2.8631 3.0784 3.2043 3.2409 3.1880 3.2499 3.2798 3.3771 3.3688 3.2550 3.0636 2.7110 2.2807 1.9671 1.5851 1.1222 0.7886 0.3941 0.0000 0.0000 0.0000 0.0000 0.0000 0.0000 0.1837 0.3265 0.4286 0.4898 0.5102 0.4898 0.4286 0.3265 0.1837 0.0000 0.0000 0.0000 0.0000 0.0000 0.0123 0.0000 0.0000 0.0000 0.0000 0.0000 0.0400 0.0000 0.0000 0.0000 0.2653 0.4898 0.6735 0.8367 0.9184 0.9796 1.0300 1.1396 1.1884 1.1763 1.1035 0.9698 0.7753 0.5200 0.5100 0.4800 0.4300 0.3600 0.2700 0.3437 0.3565 0.4286 0.4898 0.5102 0.6626 0.7866 0.8450 0.8480 0.9254 1.1419 1.3136 1.4406 1.5230 1.5606 1.5536 1.5019 1.4054 1.2643 1.0785 1.0880 1.0928 1.0100 1.0000 0.8900 0.8400 0.7200 0.5200 0.2400 0.0000 0.0000 0.0000 0.0000 0.0000 0.0000 0.0000 0.0000 0.0000 0.0000 0.0000 0.0000 0.0000 0.0000 0.0000 0.0000 0.0000 0.0000 0.0000 0.0000 0.0000 0.0000 0.0000 0.0000 0.0000 0.0000 0.0000 0.0000 0.0000 0.0000 0.0000 0.0000 0.0000 0.0000 0.0000 0.0000 0.0000 0.0156 0.0000 0.0000 0.0000 0.0000 0.0000 0.0000 0.0000 0.0000 0.0000 0.0000 0.0000 0.0000 0.0000 0.0000 0.0000
0.1600 0.2900 0.4000 0.5994 0.8725 1.3999 1.9317 2.4307 2.8229 3.2441 3.5247 3.6179 3.5705 3.3670 3.0072 2.4913 1.9792 1.7020 1.4691 1.2963 1.0741 0.8025 0.4815 0.2099 0.0247 0.0156 0.0000 0.0000 0.2724 0.5982 1.1024 1.5195 1.8493 2.0920 2.2475 2.3158 2.2969 2.4308 2.5175 2.5464 2.7117 2.7164 2.5605 2.2439 1.7667 1.1289 1.1605 1.5427 1.8856 2.1590 2.5231 2.8278 3.0431 3.1690 3.2056 3.1527 3.1125 3.1054 3.2027 3.1944 3.0807 2.8614 2.5366 2.1063 1.8051 1.4231 0.9902 0.6565 0.2620 0.0000 0.0000 0.0000 0.0000 0.0000 0.1837 0.3673 0.5102 0.6122 0.6735 0.6939 0.6735 0.6122 0.5102 0.3673 0.1837 0.0000 0.0000 0.0000 0.0000 0.0000 0.0000 0.0000 0.0400 0.2400 0.3600 0.4000 0.3600 0.2400 0.0400 0.3061 0.6327 0.8776 1.0408 1.1224 1.1224 1.0408 0.9284 0.9771 0.9651 0.8922 0.7586 0.5641 0.3700 0.3600 0.3504 0.2800 0.2100 0.3037 0.3773 0.5102 0.6122 0.6735 0.6939 0.7846 0.9085 0.9670 1.0799 1.1574 1.1901 1.3619 1.4889 1.5712 1.6089 1.6019 1.5501 1.4537 1.3126 1.1268 1.2563 1.2611 1.2400 1.2300 1.1200 0.9600 0.8400 0.6400 0.3600 0.0000 0.0000 0.0000 0.0000 0.0000 0.0000 0.0000 0.0000 0.0000 0.0000 0.0000 0.0000 0.0000 0.0000 0.0000 0.0000 0.0000 0.0000 0.0000 0.0000 0.0000 0.0000 0.0000 0.0000 0.0000 0.0000 0.0000 0.0000 0.0000 0.0000 0.0000 0.0000 0.0000 0.0000 0.1094 0.1875 0.2344 0.2500 0.2344 0.1875 0.1094 0.0000 0.0000 0.0000 0.0000 0.0000 0.0000 0.0000 0.0000 0.0000 0.0000 0.0000 0.0000
0.2700 0.4000 0.5100 0.7875 1.0606 1.5047 1.9500 2.5584 3.1152 3.5832 3.8639 3.9571 3.8628 3.5811 3.1120 2.5961 2.0573 1.7801 1.4691 1.2963 1.0741 0.8025 0.4815 0.2963 0.1111 0.0000 0.0000 0.0748 0.4566 0.7980 1.3023 1.7193 2.0492 2.2919 2.4473 2.5156 2.4844 2.7506 2.8373 2.7692 2.8720 2.8767 2.7208 2.4042 1.9270 1.3170 1.1358 1.4680 1.8109 2.0843 2.3984 2.7031 2.9184 3.0443 3.0809 3.0280 2.8858 2.8379 2.9228 2.9145 2.8008 2.5815 2.2567 1.8635 1.5622 1.1802 0.7973 0.4637 0.1100 0.0000 0.0000 0.0000 0.0000 0.1020 0.3265 0.5102 0.6931 0.7551 0.8163 0.8367 0.8163 0.7551 0.6531 0.5102 0.3265 0.1020 0.0000 0.0000 0.0000 0.0000 0.0000 0.0400 0.3200 0.5200 0.6400 0.6800 0.6400 0.5200 0.5037 0.4686 0.7551 1.0000 1.1633 1.2449 1.2449 1.1633 1.0000 0.7551 0.6931 0.6202 0.4865 0.3941 0.4041 0.4553 0.4457 0.3753 0.3461 0.4286 0.5102 0.6531 0.7551 0.8163 0.8367 0.8410 0.9650 1.0634 1.2264 1.3038 1.2957 1.3654 1.4925 1.5748 1.6125 1.6054 1.5537 1.4573 1.3162 1.1704 1.2999 1.3047 1.3700 1.3600 1.2500 1.0400 0.8800 0.6800 0.4000 0.0400 0.0000 0.0000 0.0000 0.0000 0.0000 0.0000 0.0000 0.0000 0.0000 0.0000 0.0000 0.0000 0.0000 0.0000 0.0000 0.0000 0.0000 0.0000 0.0000 0.0000 0.0000 0.0000 0.0000 0.0000 0.0000 0.0000 0.0000 0.0000 0.0000 0.0000 0.0000 0.0625 0.2031 0.3125 0.3906 0.4375 0.4531 0.4375 0.3906 0.3125 0.2031 0.0625 0.0000 0.0000 0.0000 0.0000 0.0000 0.0000 0.0000 0.0000 0.0000 0.0000
0.3600 0.4900 0.6000 0.9244 1.1975 1.5652 2.1265 2.6484 3.2669 3.7350 4.0156 4.1088 4.0145 3.7329 3.2637 2.6072 2.0948 1.7776 1.4198 1.2469 1.0247 0.7531 0.5185 0.3580 0.1728 0.0000 0.0000 0.2031 0.5849 0.9107 1.4149 1.8320 2.1618 2.4045 2.5600 2.6283 2.6494 2.9033 2.9900 2.9095 2.8717 2.8764 2.8038 2.6261 2.2323 1.6222 1.4073 1.5462 1.7501 1.9402 2.1843 2.4890 2.7043 2.8302 2.8668 2.8140 2.6717 2.4401 2.5374 2.5291 2.4154 2.1961 1.8713 1.5398 1.2386 0.8565 0.5437 0.2100 0.0400 0.0000 0.0000 0.0000 0.0000 0.2441 0.6686 0.9722 1.1551 1.2171 1.1584 0.9788 0.9184 0.8571 0.7551 0.6122 0.4286 0.2041 0.0000 0.0000 0.0000 0.0000 0.0000 0.2400 0.5200 0.7200 0.8400 0.8800 0.8400 0.9037 0.8873 0.7502 0.7959 1.0408 1.2041 1.2857 1.2857 1.2041 1.0408 0.7959 0.5102 0.3673 0.3673 0.3265 0.4386 0.4898 0.5102 0.4898 0.6327 0.7551 0.7959 0.7551 0.8571 0.9184 0.9388 0.9184 0.9559 1.1244 1.2873 1.3647 1.3567 1.3243 1.4514 1.5337 1.5714 1.5643 1.5126 1.4162 1.2751 1.0893 1.2188 1.3100 1.4000 1.3900 1.2800 1.0700 0.8400 0.6400 0.3600 0.0000 0.0000 0.0000 0.0000 0.0000 0.0000 0.0000 0.0000 0.0000 0.0000 0.0000 0.0000 0.0000 0.0000 0.0000 0.0000 0.0000 0.0000 0.0000 0.0000 0.0000 0.0000 0.0000 0.0000 0.0000 0.0000 0.0000 0.0000 0.0000 0.0000 0.0000 0.0625 0.2344 0.3750 0.4844 0.5625 0.6094 0.6250 0.6094 0.5625 0.4844 0.3750 0.2344 0.0625 0.0000 0.0000 0.0000 0.0000 0.0000 0.0000 0.0000 0.0000 0.0000
0.4300 0.5600 0.6856 1.0100 1.3456 1.7394 2.1895 2.6127 3.2312 3.6993 3.9799 4.0731 3.9788 3.6972 3.2280 2.6826 2.1441 1.6944 1.3490 1.1481 0.9259 0.6914 0.5556 0.3951 0.2099 0.0000 0.1094 0.3125 0.6572 0.9830 1.4404 1.8574 2.1873 2.4300 2.5855 2.6537 2.6348 2.8887 2.9755 2.8950 2.8201 2.8544 2.8929 2.7152 2.3213 1.7952 1.4938 1.6327 1.7867 1.8657 1.9309 2.1856 2.4009 2.5268 2.5633 2.5105 2.3683 2.1737 2.0873 2.0382 1.9245 1.7052 1.3804 1.1353 0.8341 0.5020 0.2700 0.1200 0.0000 0.0000 0.0000 0.0000 0.0400 0.5853 1.0098 1.3135 1.4963 1.5584 1.4996 1.3200 1.0196 0.9184 0.8163 0.6735 0.4898 0.2653 0.0000 0.0000 0.0000 0.0000 0.0000 0.3600 0.6400 0.8400 0.9600 1.0000 1.0620 1.1665 1.1502 1.0131 0.7551 1.0000 1.1633 1.2449 1.2449 1.1633 1.0000 0.7551 0.4286 0.3673 0.3673 0.5102 0.6122 0.6735 0.6939 0.6735 0.8776 1.0000 1.0408 1.0000 0.9184 0.9796 1.0000 0.9796 0.9184 1.0998 1.2627 1.3402 1.3321 1.2385 1.3656 1.4479 1.4856 1.4785 1.4268 1.3304 1.1893 1.0035 1.0500 1.2400 1.3300 1.3200 1.2100 1.0000 0.7200 0.5200 0.2400 0.0000 0.0000 0.0000 0.0000 0.0000 0.0000 0.0000 0.0000 0.0000 0.0000 0.0000 0.0000 0.0000 0.0000 0.0000 0.0000 0.0000 0.0000 0.0000 0.0000 0.0000 0.0000 0.0000 0.0000 0.0000 0.0000 0.0000 0.0000 0.0000 0.0000 0.0000 0.2031 0.3750 0.5156 0.6250 0.7031 0.7500 0.7656 0.7500 0.7031 0.6528 0.5156 0.3750 0.2031 0.0000 0.0000 0.0000 0.0000 0.0000 0.0000 0.0000 0.0000 0.0156
0.4800 0.6100 0.7200 1.0444 1.5206 1.9144 2.2256 2.5501 3.0451 3.4761 3.7567 3.8499 3.7557 3.4740 3.1407 2.8205 2.3438 1.7405 1.3951 1.2099 0.9877 0.8148 0.5926 0.4074 0.2222 0.0123 0.1875 0.3906 0.6736 0.9994 1.3787 1.7957 2.1256 2.3682 2.5237 2.5920 2.5731 2.7070 2.7937 2.7132 2.6600 2.7272 2.7657 2.5881 2.1942 1.8079 1.6019 1.6543 1.6983 1.7773 1.7314 1.8131 2.0080 2.1340 2.1705 2.1177 1.9754 1.8426 1.7562 1.6051 1.3893 1.1088 0.8704 0.6500 0.4100 0.2900 0.1600 0.0100 0.0000 0.0100 0.0000 0.0000 0.2604 0.8057 1.2302 1.5339 1.7167 1.7788 1.7200 1.5404 1.2400 0.9388 0.8367 0.6939 0.5102 0.2857 0.0204 0.0000 0.0000 0.0000 0.0400 0.4000 0.6800 0.8800 1.0000 1.0400 1.2041 1.3086 1.2922 1.1551 0.8971 0.9184 1.0408 1.1224 1.1224 1.0408 0.8776 0.6327 0.4082 0.3265 0.5102 0.6531 0.7551 0.8163 0.8367 0.8367 1.0408 1.1633 1.2041 1.1633 1.0408 1.0000 1.0204 1.0000 0.9388 1.0267 1.1526 1.2301 1.2220 1.1284 1.2351 1.3174 1.3551 1.3480 1.2963 1.1999 1.0588 0.9100 0.8800 1.0700 1.1600 1.1500 1.0400 0.8300 0.5200 0.3200 0.0400 0.0000 0.0000 0.0000 0.0000 0.0000 0.0000 0.0000 0.0000 0.0000 0.0000 0.0000 0.0000 0.0000 0.0000 0.0000 0.0000 0.0000 0.0000 0.0000 0.0000 0.0000 0.0000 0.0000 0.0000 0.0000 0.0000 0.0000 0.0000 0.0000 0.0000 0.1094 0.3125 0.4844 0.6250 0.7344 0.8125 0.8594 0.9583 1.0816 1.1181 1.0677 0.9306 0.7066 0.4082 0.1094 0.0000 0.0000 0.0000 0.0000 0.1094 0.1875 0.2344 0.2500
0.5100 0.6400 0.7500 1.1369 1.6131 2.0069 2.3181 2.5469 2.9030 3.1519 3.3461 3.4393 3.4284 3.3844 3.2208 2.9007 2.4240 1.7907 1.3827 1.2840 1.1605 0.9877 0.7654 0.4938 0.2099 0.0000 0.2344 0.4375 0.6341 0.9599 1.2297 1.6468 1.9767 2.2193 2.3748 2.4431 2.4242 2.3581 2.4448 2.3643 2.3636 2.3839 2.4224 2.2447 1.8509 1.6604 1.6543 1.6080 1.7070 1.7680 1.7833 1.7162 1.7911 1.8558 1.7903 1.6354 1.4932 1.4468 1.3604 1.2093 0.9935 0.7500 0.5900 0.3900 0.2700 0.2000 0.1400 0.1600 0.1900 0.2000 0.1900 0.1600 0.4700 0.9453 1.3298 1.6335 1.8163 1.8784 1.8196 1.6400 1.3396 0.9184 0.8163 0.6735 0.4898 0.2653 0.0000 0.0000 0.0000 0.0000 0.0000 0.3600 0.6400 0.8400 0.9600 1.0000 1.2253 1.3298 1.3135 1.1763 0.9184 0.9796 1.0000 0.9796 0.9184 0.8367 0.6735 0.4898 0.4694 0.4286 0.6122 0.7551 0.8571 0.9184 0.9388 0.9184 1.1224 1.2449 1.2857 1.2449 1.1224 0.9796 1.0000 0.9796 0.9284 1.0163 1.0435 1.0345 1.0264 0.9328 1.0599 1.1422 1.1799 1.1728 1.1211 1.0247 0.9700 0.9200 0.8500 0.8000 0.8900 0.8800 0.7700 0.5600 0.2500 0.0400 0.0000 0.0000 0.0000 0.0000 0.0000 0.0000 0.0000 0.0000 0.0000 0.0000 0.0000 0.0000 0.0000 0.0000 0.0000 0.0000 0.0000 0.0000 0.0000 0.0000 0.0000 0.0000 0.0000 0.0000 0.0000 0.0000 0.0000 0.0000 0.0000 0.0000 0.0000 0.1875 0.3906 0.5625 0.7031 0.8125 0.8906 1.0764 1.2865 1.4097 1.4709 1.5069 1.4315 1.2446 0.9462 0.5363 0.1728 0.1111 0.0872 0.2031 0.3125 0.3906 0.4375 0.4531
0.5200 0.6500 0.7600 1.1469 1.6231 2.0169 2.3281 2.5569 2.8760 3.1249 3.2666 3.3012 3.3520 3.3080 3.1444 2.8243 2.3846 1.8130 1.4815 1.4074 1.2840 1.1111 0.8889 0.6173 0.2963 0.0156 0.2500 0.4531 0.6250 0.8644 1.1343 1.4107 1.7405 1.9832 2.1387 2.2070 2.1881 2.0820 1.9287 1.8482 1.9061 1.8400 1.8629 1.6852 1.5184 1.5926 1.6265 1.7639 1.7802 1.7743 1.6695 1.5191 1.5640 1.5087 1.4432 1.2475 1.0080 0.9863 0.8999 0.7488 0.5700 0.4500 0.2900 0.2200 0.2400 0.2200 0.2800 0.3300 0.3600 0.3700 0.3600 0.3700 0.6800 1.0941 1.4286 1.6222 1.7951 1.8571 1.7984 1.6188 1.3184 0.8971 0.7551 0.6122 0.4286 0.2041 0.0000 0.0000 0.0000 0.0000 0.0000 0.2400 0.5200 0.7200 0.8400 0.9004 1.1257 1.2302 1.2139 1.0767 0.9388 1.0000 1.0204 1.0000 0.9388 0.8367 0.6939 0.5102 0.5510 0.5102 0.6735 0.8163 0.9184 0.9796 1.0000 0.9796 1.1224 1.2449 1.2857 1.2449 1.1224 0.9184 0.9388 0.9184 0.8571 0.9451 0.9722 0.9386 0.8441 0.7500 0.8400 0.9223 0.9600 0.9900 1.0000 0.9900 0.9600 0.9100 0.8400 0.7500 0.6400 0.5100 0.4000 0.1900 0.0000 0.0000 0.0000 0.0000 0.0000 0.0000 0.0000 0.0000 0.0000 0.0000 0.0000 0.0000 0.0000 0.0000 0.0000 0.0000 0.0000 0.0000 0.0000 0.0000 0.0000 0.0000 0.0000 0.0000 0.0000 0.0000 0.0000 0.0000 0.0000 0.0000 0.0000 0.0000 0.0204 0.2344 0.4375 0.6094 0.7500 0.8594 1.0208 1.3177 1.5278 1.7498 1.8974 1.9334 1.8580 1.6711 1.3727 0.9628 0.4414 0.3588 0.4443 0.4738 0.4844 0.5625 0.6094 0.6250
0.5100 0.6400 0.7500 1.0744 1.5506 1.9444 2.2556 2.4844 2.7417 2.9907 3.1324 3.2657 3.3536 3.3096 3.1336 2.8259 2.3862 1.8146 1.5556 1.4815 1.3580 1.1852 0.9630 0.6914 0.3704 0.0988 0.2344 0.4375 0.6094 0.7500 0.9828 1.1968 1.4172 1.6599 1.8154 1.8837 1.8648 1.7587 1.5654 1.3127 1.2506 1.0857 1.0872 1.1759 1.3704 1.4846 1.7022 1.8396 1.8559 1.7511 1.5500 1.2896 1.2567 1.1914 1.0159 0.8072 0.6665 0.4611 0.3747 0.3100 0.2300 0.1600 0.1400 0.2000 0.2700 0.3600 0.4300 0.4800 0.5100 0.5200 0.5100 0.4800 0.7900 1.1020 1.4365 1.6302 1.6831 1.7151 1.6563 1.4767 1.1763 0.7551 0.6531 0.5102 0.3265 0.1020 0.0000 0.0000 0.0000 0.0000 0.0000 0.0400 0.3200 0.5200 0.6400 0.6800 0.9053 1.0098 0.9935 0.8563 0.9184 0.9796 1.0000 0.9796 0.9184 0.8163 0.6735 0.5102 0.5510 0.5102 0.6939 0.8367 0.9388 1.0000 1.0000 1.0000 1.0408 1.1633 1.2041 1.1633 1.0408 0.8367 0.8367 0.8163 0.7551 0.8131 0.8402 0.8065 0.7120 0.7200 0.8100 0.8800 0.9300 0.9600 0.9700 0.9600 0.9300 0.8800 0.8100 0.7200 0.6100 0.4800 0.3300 0.1600 0.0000 0.0000 0.0000 0.0000 0.0000 0.0000 0.0000 0.0000 0.0000 0.0000 0.0000 0.0000 0.0000 0.0000 0.0000 0.0000 0.0000 0.0000 0.0000 0.0000 0.0000 0.0000 0.0000 0.0000 0.0000 0.0000 0.0000 0.0000 0.0000 0.1020 0.2041 0.2653 0.3013 0.5153 0.6572 0.7270 0.7656 0.8750 1.1753 1.4722 1.8057 2.0648 2.2124 2.2485 2.1730 1.9861 1.6877 1.2778 0.7564 0.6599 0.7454 0.7749 0.7485 0.7031 0.8594 0.9531
0.4800 0.6100 0.7356 1.0600 1.3956 1.7894 2.1006 2.3294 2.5003 2.7493 2.9157 3.1354 3.2233 3.1793 3.0033 2.6955 2.2559 1.8549 1.5959 1.5062 1.3827 1.2099 0.9877 0.7160 0.3951 0.2099 0.2122 0.3906 0.5625 0.7031 0.8125 0.9894 1.1474 1.2494 1.4049 1.4732 1.4543 1.3482 1.1549 0.8744 0.8123 0.6543 0.7500 0.9877 1.1821 1.3983 1.6568 1.7942 1.8105 1.7057 1.4799 1.1330 1.0262 0.8539 0.6654 0.5102 0.3365 0.1020 0.0000 0.0100 0.0123 0.0100 0.1600 0.2900 0.4000 0.4900 0.5600 0.6100 0.6400 0.6500 0.6400 0.6100 0.8000 1.0100 1.3037 1.4973 1.5502 1.4622 1.3935 1.2139 0.9135 0.6122 0.5102 0.3673 0.1837 0.0000 0.0000 0.0000 0.0000 0.0000 0.0000 0.0000 0.0400 0.2400 0.3600 0.4000 0.5641 0.6686 0.6522 0.7674 0.8571 0.9184 0.9388 0.9184 0.8571 0.7551 0.6122 0.4286 0.4694 0.4898 0.6735 0.8163 0.9184 0.9796 1.0000 0.9796 0.9184 1.0000 1.0408 1.0000 0.8776 0.6735 0.7143 0.6735 0.6122 0.6202 0.6473 0.6137 0.5600 0.6700 0.7600 0.8300 0.8800 0.9100 0.9200 0.9100 0.8800 0.8300 0.7600 0.6700 0.5600 0.4300 0.2800 0.1100 0.0000 0.0000 0.0000 0.0000 0.0000 0.0000 0.0000 0.0000 0.0000 0.0000 0.0000 0.0000 0.0000 0.0000 0.0000 0.0000 0.0000 0.0000 0.0000 0.0000 0.0000 0.0000 0.0000 0.0000 0.0000 0.0000 0.0000 0.0000 0.1837 0.3265 0.4286 0.4898 0.5102 0.7242 0.8661 0.9359 0.9337 0.8594 1.2431 1.6387 2.0093 2.2683 2.4159 2.4520 2.3765 2.1896 1.8912 1.4813 1.0693 0.9051 0.9905 1.0201 1.0561 1.1144 1.1719 1.2656
0.4300 0.5600 0.6700 0.9944 1.2675 1.5519 1.8631 2.0919 2.2381 2.4006 2.6813 2.8732 2.9611 2.9171 2.7411 2.4334 2.1031 1.8146 1.5556 1.4815 1.3580 1.1852 0.9630 0.6914 0.4568 0.2963 0.2205 0.3125 0.4844 0.6250 0.7344 0.8125 0.8841 0.9861 1.0322 1.0224 0.9566 0.8505 0.6572 0.4236 0.3563 0.4722 0.6667 0.8056 0.9136 1.2319 1.4903 1.6277 1.6440 1.5392 1.3134 1.0499 0.9431 0.8571 0.7551 0.6122 0.4533 0.3152 0.1728 0.2099 0.2222 0.3299 0.4428 0.5111 0.5347 0.6000 0.6700 0.7200 0.7500 0.7600 0.7500 0.7200 0.7100 0.9200 1.0300 1.2237 1.2765 1.1886 1.0098 0.8302 0.5298 0.4286 0.3265 0.1837 0.0000 0.0000 0.0000 0.0000 0.0000 0.0000 0.0000 0.0000 0.0000 0.0000 0.0000 0.0647 0.2132 0.4994 0.7201 0.8753 0.9650 0.9892 0.9478 0.8410 0.7551 0.6531 0.5102 0.3265 0.3061 0.4286 0.6122 0.7551 0.8571 0.9184 0.9388 0.9184 0.8571 0.7551 0.7959 0.8571 0.8367 0.7551 0.7959 0.7551 0.6327 0.4686 0.3937 0.3600 0.4900 0.6000 0.6900 0.7600 0.8100 0.8400 0.8500 0.8400 0.8100 0.7600 0.6900 0.6000 0.4900 0.3600 0.2100 0.0400 0.0000 0.0000 0.0000 0.0000 0.0000 0.0000 0.0000 0.0000 0.0000 0.0000 0.0000 0.0000 0.0000 0.0000 0.0000 0.0000 0.0000 0.0000 0.0000 0.0000 0.0000 0.0000 0.0000 0.0000 0.0000 0.0000 0.0000 0.1837 0.3673 0.5102 0.6122 0.6735 0.6939 0.8610 1.0029 1.0727 1.0705 1.0240 1.2486 1.7307 2.1013 2.3603 2.5079 2.5440 2.4686 2.2816 1.9832 1.5733 1.2863 1.1221 1.1798 1.2718 1.4172 1.4755 1.4466 1.5156
0.3600 0.4900 0.6000 0.8775 1.1506 1.3725 1.5431 1.8552 2.1403 2.2874 2.5928 2.7847 2.7892 2.6063 2.3471 2.1799 1.9121 1.6937 1.4815 1.4074 1.2840 1.1111 0.8889 0.6543 0.5185 0.3580 0.1728 0.2031 0.3750 0.5156 0.6250 0.7031 0.7500 0.7656 0.7500 0.7031 0.6373 0.5156 0.3750 0.2031 0.0833 0.3333 0.5278 0.6667 0.7500 1.0431 1.2398 1.3401 1.3721 1.2517 1.0629 1.0000 0.9796 0.9184 0.8163 0.7722 0.6997 0.5616 0.3580 0.3951 0.4474 0.6051 0.7180 0.7863 0.8099 0.7888 0.7600 0.8100 0.8400 0.8500 0.8400 0.8100 0.7600 0.7300 0.8400 0.8500 0.8620 0.7741 0.5453 0.3257 0.2653 0.2041 0.1020 0.0000 0.0000 0.0000 0.0000 0.0000 0.0000 0.0000 0.0000 0.0000 0.0000 0.0000 0.0988 0.2099 0.2963 0.5417 0.7624 0.9176 1.0073 1.0315 0.9902 0.8833 0.7110 0.5102 0.3673 0.1837 0.1020 0.3265 0.5102 0.6531 0.7551 0.8163 0.8367 0.8163 0.7551 0.6531 0.6939 0.7551 0.7347 0.7551 0.7959 0.7551 0.6327 0.4286 0.3037 0.2700 0.4000 0.5100 0.6000 0.6700 0.7200 0.7500 0.7600 0.7500 0.7200 0.6700 0.6000 0.5100 0.4000 0.2700 0.1200 0.0000 0.0000 0.0000 0.0000 0.0000 0.0000 0.0000 0.0000 0.0000 0.0000 0.0000 0.0000 0.0000 0.0000 0.0000 0.0000 0.0000 0.0000 0.0000 0.0000 0.0000 0.0000 0.0000 0.0000 0.0000 0.0000 0.0000 0.1020 0.3265 0.5102 0.6531 0.7551 0.8163 0.8367 0.9257 1.0676 1.1374 1.1352 1.0609 1.3312 1.7112 2.0818 2.3409 2.4884 2.5245 2.4491 2.2622 1.9637 1.5538 1.3918 1.2276 1.3131 1.5457 1.6912 1.7494 1.7205 1.7031
0.2700 0.4000 0.5100 0.7094 0.9825 1.2044 1.5139 1.8277 2.0347 2.1349 2.3538 2.5088 2.5602 2.4554 2.1944 1.8883 1.6705 1.4921 1.3580 1.2840 1.1605 0.9877 0.8425 0.6914 0.5556 0.3951 0.2099 0.0625 0.2344 0.3750 0.4844 0.5625 0.6094 0.6250 0.6094 0.5625 0.4844 0.3750 0.2344 0.0625 0.0000 0.1389 0.3333 0.4722 0.5760 0.9784 1.2533 1.4005 1.4201 1.3120 1.1875 1.1298 1.0000 0.9388 0.9602 0.9531 0.8806 0.7425 0.5389 0.5556 0.6779 0.8356 0.9485 1.0168 1.0404 1.0193 0.9535 0.8800 0.9100 0.9200 0.9100 0.8800 0.8300 0.7600 0.6700 0.5960 0.4700 0.2800 0.1100 0.0204 0.0000 0.0000 0.0000 0.0000 0.0000 0.0000 0.0000 0.0000 0.0000 0.0000 0.0278 0.0000 0.0000 0.1235 0.2593 0.3704 0.4568 0.5185 0.7596 0.8944 0.9841 1.0083 0.9670 0.8602 0.6878 0.4500 0.1837 0.0000 0.0000 0.1837 0.3673 0.5102 0.6122 0.6735 0.6939 0.6735 0.6122 0.6939 0.7347 0.6939 0.6122 0.6735 0.7143 0.6735 0.6122 0.5102 0.3773 0.3641 0.2900 0.4000 0.4900 0.5600 0.6100 0.6400 0.6500 0.6400 0.6100 0.5600 0.4900 0.4000 0.2900 0.1600 0.0100 0.0000 0.0000 0.0000 0.0000 0.0000 0.0000 0.0000 0.0000 0.0000 0.0000 0.0123 0.0000 0.0000 0.0000 0.0000 0.0000 0.0000 0.0000 0.0000 0.0000 0.0000 0.0000 0.0000 0.0000 0.0000 0.0000 0.0000 0.2041 0.4286 0.6122 0.7551 0.8571 0.9184 0.9388 0.9184 1.0603 1.1301 1.1279 1.0536 1.3023 1.5802 1.9508 2.2099 2.3574 2.3935 2.3181 2.1312 1.8328 1.4385 1.3858 1.3050 1.4998 1.7324 1.8779 1.9361 1.9072 1.8125
0.1600 0.2900 0.4000 0.4900 0.7631 1.0683 1.4890 1.8028 2.0098 2.1223 2.3256 2.3974 2.3624 2.2576 1.9966 1.5794 1.3883 1.2099 1.1852 1.1511 1.2277 1.2612 1.2148 1.0637 0.8079 0.4474 0.2222 0.0123 0.0625 0.2031 0.3125 0.3906 0.4375 0.4531 0.4375 0.3906 0.3125 0.2031 0.0625 0.0000 0.0000 0.0000 0.0833 0.2847 0.5087 0.9111 1.1860 1.3332 1.3528 1.3559 1.3702 1.3125 1.1827 1.0796 1.0756 1.0685 0.9960 0.8579 0.6543 0.6914 0.8637 1.0214 1.1343 1.2026 1.2262 1.2051 1.1393 1.0288 0.9600 0.9700 0.9600 0.9300 1.0914 1.2016 1.2197 1.1457 0.9797 0.7216 0.3714 0.0000 0.0000 0.0000 0.0000 0.0000 0.0000 0.0000 0.0000 0.0833 0.2222 0.3056 0.3333 0.3056 0.3210 0.3426 0.3951 0.6082 0.8367 0.9196 0.9771 1.0811 1.0995 1.0217 0.8783 0.7715 0.5991 0.3613 0.0988 0.0000 0.0000 0.0000 0.1837 0.3265 0.4286 0.4898 0.5102 0.4898 0.5306 0.6531 0.6939 0.6531 0.7551 0.8163 0.8367 0.8163 0.8571 0.8571 0.7755 0.6422 0.5273 0.4741 0.4620 0.4300 0.4800 0.5100 0.5200 0.5100 0.4800 0.4300 0.3600 0.2700 0.1600 0.0300 0.0000 0.0000 0.0000 0.0000 0.0000 0.0000 0.0000 0.0247 0.1111 0.1728 0.2099 0.2222 0.2099 0.1728 0.1111 0.0370 0.0000 0.0000 0.0000 0.0000 0.0000 0.0000 0.0000 0.0000 0.0000 0.0000 0.0000 0.0000 0.2653 0.4898 0.7012 0.8163 0.9184 0.9796 1.0000 0.9796 0.9809 1.0507 1.0485 0.9742 1.1210 1.3378 1.7083 1.9674 2.1150 2.1510 2.0756 1.8887 1.5903 1.3210 1.2683 1.3264 1.5993 1.8320 1.9774 2.0357 2.0068 1.8906
0.0300 0.1600 0.2700 0.3600 0.4925 0.9366 1.3572 1.6710 1.8781 1.9783 2.1815 2.2533 2.1936 2.0024 1.6797 1.3455 1.0255 0.9877 1.0400 1.3077 1.4706 1.5289 1.4825 1.3314 1.0756 0.7151 0.2499 0.0000 0.0000 0.0000 0.1094 0.1875 0.2344 0.2500 0.2344 0.1875 0.1094 0.0400 0.0000 0.0000 0.0000 0.0000 0.0625 0.2344 0.3750 0.7162 0.9911 1.2216 1.3801 1.4665 1.4809 1.4232 1.3181 1.3014 1.1880 1.1184 1.0459 0.9078 0.7654 0.8025 1.0048 1.1625 1.2754 1.3437 1.3673 1.3462 1.2804 1.1699 1.0147 1.0000 1.0525 1.3468 1.5490 1.6592 1.6773 1.6033 1.4373 1.1792 0.8290 0.3868 0.0625 0.0000 0.0000 0.0000 0.0000 0.0000 0.1389 0.3333 0.4722 0.5556 0.5833 0.5802 0.6821 0.7437 1.0687 1.3438 1.6423 1.7752 1.7427 1.5446 1.4210 1.2520 1.0178 0.6573 0.5462 0.3704 0.2099 0.0247 0.0000 0.0000 0.0000 0.1020 0.2041 0.2653 0.2857 0.2653 0.4082 0.5306 0.6122 0.7551 0.8571 0.9184 0.9388 1.1020 1.1837 1.1837 1.1020 0.9388 0.7039 0.5486 0.5365 0.4637 0.3300 0.3600 0.3700 0.3600 0.3300 0.2800 0.2100 0.1200 0.0100 0.0000 0.0000 0.0000 0.0000 0.0000 0.0000 0.0000 0.1144 0.2099 0.2963 0.3580 0.3951 0.4321 0.5062 0.5309 0.5062 0.4321 0.3086 0.1728 0.1111 0.0247 0.0000 0.0000 0.0000 0.0000 0.0000 0.0000 0.0000 0.1037 0.5079 0.8158 1.0272 1.1423 1.1610 1.0833 1.0204 1.0000 0.9388 0.8992 0.8970 0.8350 0.8986 1.0042 1.3544 1.6134 1.7610 1.7971 1.7216 1.5347 1.3457 1.1389 1.1505 1.2919 1.6117 1.8443 1.9898 2.0480 2.0191 1.9030
0.0000 0.0100 0.1200 0.2100 0.2800 0.6981 1.1187 1.4325 1.6395 1.7397 1.9060 1.9777 1.9180 1.7268 1.5241 1.2199 0.9136 0.9506 1.2030 1.4706 1.6336 1.6919 1.6454 1.4943 1.2385 0.8780 0.4128 0.0000 0.0000 0.0000 0.0000 0.0000 0.0000 0.0156 0.0400 0.2400 0.3600 0.4000 0.3600 0.2400 0.0400 0.0000 0.2031 0.3750 0.5156 0.7270 1.0297 1.2602 1.4187 1.5051 1.5195 1.4617 1.4431 1.4264 1.3130 1.1028 1.0302 0.8922 0.8519 0.8989 1.1012 1.2589 1.3719 1.4401 1.4637 1.4426 1.3768 1.2663 1.1111 1.0725 1.4180 1.7123 1.9146 2.0247 2.0428 1.9689 1.8028 1.5447 1.1946 0.7523 0.4180 0.0625 0.0000 0.0000 0.0000 0.0833 0.3333 0.5278 0.6667 0.7500 0.7778 0.8611 1.0030 1.4982 1.9333 2.1472 2.3624 2.4953 2.4628 2.2647 1.9011 1.7321 1.6775 1.4574 1.1126 0.8268 0.5363 0.1511 0.0000 0.0000 0.0000 0.0000 0.0000 0.0000 0.0204 0.0000 0.2653 0.4898 0.6735 0.8163 0.9184 0.9796 1.1837 1.3469 1.4286 1.4286 1.3469 1.1837 0.9388 0.6122 0.5502 0.4773 0.3437 0.1900 0.2000 0.1900 0.1600 0.1223 0.0400 0.0000 0.0000 0.0000 0.0000 0.0000 0.0000 0.1094 0.1875 0.3578 0.5093 0.6047 0.6443 0.6279 0.6543 0.7778 0.8519 0.8765 0.8519 0.7778 0.6543 0.4815 0.2963 0.2099 0.0988 0.0000 0.0000 0.0000 0.0000 0.0000 0.1389 0.3333 0.7375 1.0454 1.2568 1.3719 1.3906 1.3129 1.1389 0.9796 0.9184 0.8163 0.6735 0.5992 0.6627 0.6294 0.8889 1.1480 1.2955 1.3316 1.2562 1.2099 1.0833 0.9877 1.0600 1.2170 1.5468 1.7695 1.9149 1.9732 1.9443 1.8281
0.0000 0.0000 0.0000 0.0400 0.1378 0.4933 0.7733 1.0872 1.2942 1.3944 1.4989 1.5707 1.5610 1.4797 1.2870 1.1235 0.8796 0.8889 1.2612 1.5289 1.6919 1.7501 1.7037 1.5526 1.2968 0.9363 0.4711 0.0000 0.0000 0.0000 0.0000 0.0000 0.0000 0.0400 0.3200 0.5200 0.6400 0.6800 0.6400 0.5200 0.3200 0.1494 0.3125 0.4844 0.6250 0.7344 0.9962 1.2267 1.3852 1.4716 1.4860 1.4487 1.4713 1.4546 1.3412 1.1310 0.9491 0.8519 0.9136 0.9506 1.1530 1.3106 1.4236 1.4919 1.5154 1.4943 1.4285 1.3180 1.1628 1.3052 1.6915 1.9858 2.1881 2.2982 2.3163 2.2424 2.0763 1.8182 1.4681 1.0258 0.7015 0.3052 0.0000 0.0000 0.0000 0.2222 0.4722 0.6667 0.8056 0.8889 0.9167 1.0617 1.5356 2.1917 2.6267 2.8407 2.9170 3.0499 3.0174 2.8193 2.4957 2.3666 2.3121 2.0920 1.7064 1.3185 0.9080 0.4928 0.0400 0.0000 0.0000 0.0000 0.0000 0.0000 0.0000 0.0204 0.2857 0.5102 0.6939 0.8367 0.9388 1.1020 1.3469 1.5102 1.5918 1.5918 1.5102 1.3469 1.1020 0.7755 0.6531 0.5102 0.3265 0.1267 0.1211 0.1728 0.2099 0.2222 0.2099 0.1728 0.1111 0.0247 0.0000 0.0625 0.2031 0.3125 0.4894 0.6968 0.8482 0.9437 0.9832 1.0903 1.1537 1.1366 1.1481 1.1728 1.1481 1.0741 0.9506 0.7778 0.5556 0.3704 0.2593 0.1235 0.0000 0.0000 0.0000 0.0833 0.3333 0.5278 0.8707 1.1786 1.3900 1.5051 1.5238 1.4461 1.2721 1.0017 0.8571 0.7551 0.6122 0.4286 0.3769 0.3580 0.5341 0.6543 0.7654 0.8796 0.9136 0.9506 1.0030 1.0606 1.0736 1.2450 1.5748 1.7974 1.9129 1.9211 1.8222 1.7031
0.0000 0.0000 0.0000 0.0000 0.0000 0.3056 0.5556 0.7600 0.8889 0.9722 1.0403 1.1821 1.2593 1.2562 1.1728 1.0093 0.7654 0.8425 1.2148 1.4825 1.6454 1.7037 1.6173 1.5062 1.2504 0.8899 0.4247 0.0400 0.0000 0.0000 0.0000 0.0000 0.0000 0.2400 0.5200 0.7200 0.8400 0.8800 0.8400 0.7200 0.5200 0.4275 0.3906 0.5625 0.7031 0.8125 0.8906 1.1212 1.3817 1.5702 1.6457 1.6084 1.6681 1.5902 1.3748 1.0625 0.8025 0.8889 0.9506 0.9877 1.1600 1.3177 1.4306 1.4989 1.5225 1.5014 1.4356 1.3251 1.2793 1.4866 1.8729 2.1672 2.3695 2.4796 2.4977 2.4238 2.2577 1.9996 1.6495 1.2372 0.9129 0.5166 0.1094 0.0000 0.0000 0.3056 0.5556 0.7500 0.8889 0.9722 1.0000 1.1921 2.0080 2.6641 3.0992 3.3131 3.3060 3.4390 3.4064 3.2084 3.0848 2.8357 2.7811 2.5610 2.2032 1.6856 1.2751 0.7399 0.2400 0.0000 0.0000 0.0000 0.0000 0.0000 0.0000 0.0000 0.2653 0.4898 0.6735 0.8163 0.9184 1.1837 1.4286 1.5918 1.6735 1.6735 1.5918 1.4286 1.1837 0.8571 0.7551 0.6122 0.5273 0.4140 0.2963 0.3580 0.3951 0.4074 0.3951 0.3580 0.2963 0.2099 0.1613 0.2344 0.3750 0.5091 0.7724 0.9797 1.1312 1.2267 1.3650 1.5091 1.5725 1.5554 1.4576 1.4198 1.3951 1.3210 1.1975 1.0247 0.8025 0.5309 0.3951 0.2593 0.0988 0.0000 0.0000 0.2222 0.4722 0.6667 0.9076 1.2154 1.4269 1.5420 1.5607 1.4830 1.3090 1.0385 0.7551 0.6531 0.5102 0.3265 0.2132 0.2963 0.4568 0.5926 0.7037 0.7901 0.8619 1.0089 1.1112 1.1689 1.1819 1.2126 1.4956 1.7182 1.8337 1.8419 1.7430 1.6356
0.0000 0.0000 0.0000 0.0000 0.0000 0.2222 0.4722 0.6667 0.8056 0.8889 0.9167 0.9877 1.0648 1.0617 0.9784 0.8148 0.6543 0.6914 1.0637 1.3314 1.4943 1.5526 1.5062 1.3551 1.0993 0.7388 0.3600 0.0000 0.0000 0.0000 0.0000 0.0000 0.0000 0.3600 0.6400 0.8400 0.9600 1.0000 0.9600 0.8400 0.6400 0.5944 0.4375 0.6094 0.7500 0.8594 0.9375 1.1680 1.4286 1.6170 1.6926 1.6676 1.7273 1.6494 1.4340 1.1218 0.8148 0.9012 0.9630 1.0000 1.1223 1.2800 1.3930 1.4612 1.4848 1.4637 1.3979 1.2874 1.3197 1.5883 1.9623 2.2566 2.4588 2.5690 2.5871 2.5131 2.3471 2.0890 1.7388 1.3766 1.0523 0.6559 0.1875 0.0000 0.0278 0.3333 0.5957 0.7778 0.9167 1.0000 1.0401 1.3822 2.2594 2.9155 3.3505 3.5645 3.5574 3.6626 3.6300 3.4319 3.4284 3.2626 3.3069 3.1702 2.8123 2.2335 1.7396 1.0656 0.3723 0.0000 0.0000 0.0000 0.0000 0.0000 0.0000 0.0000 0.2041 0.4286 0.6122 0.7551 0.8571 1.1837 1.4286 1.5918 1.6735 1.6735 1.5918 1.4286 1.1837 0.9184 0.8163 0.7969 0.7491 0.6357 0.4568 0.5185 0.5556 0.5679 0.5556 0.5185 0.4568 0.3704 0.4624 0.4985 0.5156 0.7361 0.9994 1.2068 1.3582 1.4784 1.7031 1.8472 1.9107 1.8935 1.7957 1.6173 1.5926 1.5185 1.3951 1.2222 1.0000 0.7284 0.5062 0.3704 0.2099 0.0247 0.0000 0.3056 0.5556 0.7500 0.8889 1.1559 1.3673 1.4824 1.5011 1.4235 1.2494 0.9790 0.6122 0.5102 0.3673 0.1837 0.0247 0.2099 0.3704 0.5062 0.6173 0.7337 0.9254 1.0725 1.1748 1.2325 1.2454 1.2137 1.3092 1.5318 1.6472 1.6555 1.5566 1.5356
0.0000 0.0000 0.0000 0.0000 0.0000 0.0833 0.3333 0.5278 0.6667 0.7500 0.7778 0.7500 0.7901 0.7870 0.7037 0.5401 0.5185 0.5556 0.8079 1.0756 1.2385 1.2968 1.2504 1.0993 0.8435 0.5200 0.2400 0.0000 0.0000 0.0000 0.0000 0.0000 0.0400 0.4000 0.6800 0.8800 1.0000 1.0400 1.0000 0.8800 0.6956 0.6500 0.4931 0.6250 0.7656 0.8750 1.1572 1.3673 1.5258 1.6122 1.6266 1.5893 1.6490 1.6323 1.5189 1.3487 1.0018 0.8889 0.9506 0.9877 1.0400 1.1977 1.3106 1.3789 1.4025 1.3814 1.3156 1.2051 1.3047 1.5732 1.9596 2.2539 2.4561 2.5663 2.5844 2.5104 2.3444 2.0863 1.7361 1.4439 1.1196 0.7232 0.2795 0.1111 0.1728 0.5154 0.7778 0.9599 1.0617 1.0833 1.0647 1.4125 2.2897 2.9458 3.3808 3.5948 3.5877 3.7206 3.6881 3.5300 3.6653 3.6107 3.6950 3.5582 3.2004 2.6215 2.1073 1.4332 0.5789 0.0400 0.0000 0.0000 0.0000 0.0000 0.0000 0.0000 0.1020 0.3265 0.5102 0.6531 0.7755 1.1020 1.3469 1.5102 1.5918 1.5918 1.5102 1.3469 1.1020 0.9388 0.9355 0.9531 0.9053 0.7919 0.6130 0.6543 0.6914 0.7037 0.6914 0.6543 0.5926 0.6155 0.7076 0.7436 0.7238 0.9072 1.1705 1.3779 1.5293 1.7359 1.9606 2.1047 2.1682 2.1510 2.0532 1.8748 1.7407 1.6667 1.5432 1.3704 1.1481 0.8765 0.5926 0.4568 0.2963 0.1111 0.0278 0.3333 0.5833 0.7778 0.9167 1.0000 1.2115 1.3265 1.3452 1.2676 1.0935 0.8231 0.4563 0.3265 0.1837 0.0000 0.0000 0.0988 0.2593 0.3951 0.5162 0.7649 0.9443 1.0914 1.1937 1.2514 1.2643 1.2326 1.1562 1.2382 1.3693 1.3619 1.3494 1.3531
0.0000 0.0000 0.0000 0.0000 0.0000 0.0000 0.1389 0.3333 0.4722 0.5556 0.5833 0.5556 0.4722 0.4444 0.3488 0.2963 0.3580 0.3951 0.4474 0.7151 0.8780 0.9363 0.8899 0.7388 0.5200 0.3200 0.0400 0.0000 0.0000 0.0000 0.0000 0.0000 0.0000 0.3600 0.6400 0.8400 0.9600 1.0000 0.9600 0.8400 0.6400 0.5944 0.4375 0.7114 0.9541 1.2267 1.5497 1.7599 1.8571 1.8415 1.7538 1.6961 1.7792 1.9625 1.9691 1.7989 1.4520 1.1939 0.9536 0.9506 0.9630 1.0706 1.1836 1.2519 1.2754 1.2543 1.1885 1.0936 1.1728 1.4784 1.8648 2.1591 2.3613 2.4715 2.4896 2.4000 2.2496 1.9915 1.6913 1.4391 1.1148 0.8172 0.4599 0.3119 0.3580 0.6173 0.8796 1.0617 1.1636 1.1852 1.2365 1.4405 2.1145 2.7550 3.1900 3.4040 3.4802 3.6132 3.5806 3.4659 3.7123 3.7777 3.8620 3.7252 3.3674 2.7885 2.2947 1.6206 0.8033 0.0833 0.0000 0.0000 0.0000 0.0000 0.0000 0.0000 0.0000 0.1837 0.3673 0.5102 0.6122 0.9388 1.1837 1.3469 1.4286 1.4286 1.3469 1.1837 0.9796 0.9431 1.0262 1.0438 0.9960 0.8826 0.7037 0.7654 0.8025 0.8148 0.8025 0.7654 0.7037 0.8048 0.8968 0.9329 0.9130 1.0471 1.2857 1.4931 1.6445 1.9128 2.1375 2.2816 2.3451 2.3279 2.2301 2.0517 1.8395 1.7654 1.6420 1.4691 1.2469 0.9753 0.6543 0.5185 0.3580 0.1728 0.0000 0.3056 0.5556 0.7500 0.8889 0.9722 1.0000 1.0743 1.0930 1.0153 0.8413 0.5709 0.2041 0.1020 0.0000 0.0000 0.0000 0.0247 0.2346 0.4321 0.7002 0.9490 1.1284 1.2384 1.2790 1.2502 1.2385 1.3162 1.3179 1.3061 1.3278 1.2794 1.2719 1.1975
0.0000 0.0000 0.0000 0.0000 0.0000 0.0000 0.0000 0.0833 0.2222 0.3302 0.4444 0.4784 0.4321 0.3056 0.2346 0.3240 0.2840 0.2346 0.2222 0.2499 0.4128 0.4711 0.4247 0.3600 0.2400 0.0400 0.0000 0.0000 0.0000 0.0000 0.0000 0.0000 0.0000 0.2400 0.5200 0.7200 0.8400 0.8800 0.8400 0.7200 0.5200 0.4275 0.5743 0.8890 1.1317 1.5064 1.8294 2.0395 2.1368 2.1212 1.9927 1.7913 2.0526 2.2359 2.2425 2.0723 1.7723 1.5142 1.1719 0.9289 0.9012 0.8989 1.0119 1.0801 1.1037 1.0826 1.0168 0.9063 0.9855 1.2916 1.6779 1.9722 2.1745 2.2846 2.3027 2.2288 2.0627 1.8046 1.6145 1.3622 1.1614 0.9008 0.6047 0.4568 0.5185 0.6389 0.9012 1.0833 1.1852 1.3162 1.4956 1.6847 2.0605 2.5775 2.9657 3.1015 3.2073 3.3402 3.3077 3.3318 3.4583 3.7236 3.8079 3.6712 3.3133 2.7957 2.3019 1.6278 0.8722 0.2222 0.0000 0.0000 0.0000 0.0000 0.0000 0.0000 0.0000 0.0000 0.1837 0.3265 0.4286 0.6939 0.9388 1.1020 1.1837 1.1837 1.1020 0.9388 0.9184 0.9683 1.0514 1.0690 1.0212 0.9078 0.7901 0.8519 0.8889 0.9012 0.8889 0.8519 0.7901 0.9381 1.0301 1.0662 1.0586 1.1927 1.3449 1.5523 1.7037 2.0091 2.2338 2.3779 2.4414 2.4242 2.3264 2.1480 1.8889 1.8148 1.6914 1.5185 1.2963 1.0247 0.7037 0.5556 0.3951 0.2099 0.0000 0.2222 0.4722 0.6667 0.8056 0.8889 0.9167 0.8889 0.8056 0.6667 0.4926 0.2222 0.0000 0.0000 0.0000 0.0000 0.0988 0.2099 0.2963 0.4968 0.8149 1.0637 1.2431 1.3531 1.3937 1.4274 1.4699 1.4488 1.4505 1.3763 1.3256 1.4006 1.3931 1.3031
0.0000 0.0000 0.0000 0.0000 0.0000 0.0000 0.0000 0.0000 0.0988 0.2099 0.3241 0.3580 0.4351 0.6474 0.7551 0.7580 0.6563 0.4499 0.1511 0.0000 0.0000 0.0000 0.0400 0.0000 0.0000 0.0000 0.0000 0.0000 0.0000 0.0000 0.0000 0.0000 0.0000 0.0400 0.3200 0.5200 0.6400 0.6800 0.6400 0.5200 0.3200 0.3330 0.6798 0.9946 1.2372 1.6732 1.9962 2.2063 2.3036 2.2879 2.1594 2.1580 2.1493 2.3326 2.3392 2.1690 1.9471 1.6890 1.2854 1.0425 0.8148 0.8025 0.7954 0.8637 0.8873 0.8662 0.8004 0.6899 0.7222 1.0127 1.3990 1.6933 1.8956 2.0057 2.0238 1.9499 1.7838 1.6457 1.4656 1.3121 1.1483 0.8877 0.6937 0.5926 0.6543 0.6914 0.8426 1.0872 1.3297 1.4606 1.6701 1.7728 2.0065 2.2465 2.5359 2.7828 2.9719 2.9643 2.8692 2.9767 3.1431 3.4485 3.5328 3.3960 3.0382 2.6226 2.1288 1.4547 0.7856 0.3056 0.0000 0.0000 0.0000 0.0000 0.0123 0.0000 0.0000 0.0000 0.0000 0.1020 0.2041 0.3673 0.6122 0.7755 0.8571 0.8571 0.8163 0.8367 0.8163 0.9279 1.0111 1.0287 0.9809 0.8798 0.8519 0.9136 0.9506 0.9630 0.9506 0.9136 0.8675 1.0154 1.1074 1.1435 1.1236 1.2577 1.3482 1.5556 1.7193 2.0247 2.2494 2.3935 2.4570 2.4398 2.3420 2.1636 1.9045 1.8148 1.6914 1.5185 1.2963 1.0247 0.7037 0.5679 0.4074 0.2222 0.0123 0.0833 0.3333 0.5278 0.6667 0.7500 0.7778 0.7900 0.6667 0.5278 0.3333 0.0833 0.0000 0.0000 0.0000 0.1235 0.2593 0.3704 0.4568 0.6285 0.8602 1.1190 1.2884 1.3984 1.5015 1.6446 1.6871 1.6289 1.5072 1.5194 1.5050 1.4394 1.4319 1.3419
0.0000 0.0000 0.0000 0.0000 0.0000 0.0000 0.0000 0.1235 0.2593 0.3704 0.4568 0.5585 0.8756 1.0879 1.1956 1.1985 1.0968 0.8904 0.5793 0.1635 0.0000 0.0000 0.0000 0.0000 0.0000 0.0000 0.0000 0.0000 0.0000 0.0000 0.0000 0.0000 0.0000 0.0000 0.0400 0.2400 0.3600 0.4000 0.3600 0.2400 0.1420 0.3265 0.7133 1.0281 1.2911 1.7270 2.0501 2.2602 2.3575 2.3418 2.2133 2.3319 2.2577 2.2525 2.2591 2.0889 1.9764 1.7183 1.3147 1.0514 0.7037 0.6914 0.6543 0.6026 0.6262 0.6051 0.5393 0.4492 0.4694 0.6825 1.0280 1.3223 1.5246 1.6347 1.6528 1.5789 1.5328 1.4247 1.2693 1.2022 1.0384 0.8187 0.7267 0.7037 0.7654 0.8025 0.8773 1.1202 1.3627 1.5036 1.7131 1.7911 1.8364 1.9955 2.1096 2.3508 2.5398 2.5322 2.4755 2.7205 2.8869 2.9523 3.0366 2.8998 2.5551 2.2693 1.7754 1.1878 0.7833 0.3433 0.0525 0.1111 0.1728 0.2099 0.2222 0.2099 0.1728 0.1111 0.0247 0.0000 0.0000 0.0156 0.2041 0.3673 0.5102 0.6122 0.6735 0.6939 0.6735 0.8468 1.0164 1.0957 1.0849 1.0247 1.0988 1.1235 1.0988 1.0247 0.9877 0.9506 0.8889 1.0368 1.1289 1.1649 1.1451 1.2421 1.2955 1.5029 1.6543 1.9597 2.1844 2.3285 2.3920 2.3748 2.2770 2.0986 1.8395 1.7654 1.6420 1.4691 1.2469 0.9753 0.6914 0.5556 0.3951 0.2099 0.0000 0.0000 0.1389 0.3333 0.5122 0.7956 0.9433 0.9556 0.8322 0.5733 0.1789 0.0000 0.0000 0.0000 0.0988 0.2593 0.3951 0.5462 0.7026 0.9743 1.2114 1.3837 1.4914 1.5343 1.7281 1.8012 1.8407 1.8443 1.7719 1.7100 1.6956 1.6300 1.5131 1.3450
0.0000 0.0000 0.0000 0.0000 0.0000 0.0000 0.0988 0.2593 0.3951 0.5062 0.5926 0.8943 1.2114 1.4237 1.5314 1.5343 1.4326 1.2262 0.9151 0.5270 0.0988 0.0000 0.0000 0.0000 0.0000 0.0000 0.0000 0.0000 0.0000 0.0000 0.0000 0.0000 0.0000 0.0000 0.0000 0.0000 0.0000 0.0400 0.0000 0.0000 0.2041 0.4286 0.6747 0.9895 1.2321 1.6680 1.9911 2.2012 2.2985 2.2828 2.1943 2.3129 2.2387 2.0327 2.0023 1.9727 1.8602 1.6021 1.1985 0.9556 0.6079 0.5556 0.5185 0.4568 0.4724 0.5033 0.4988 0.4457 0.4553 0.6072 0.6670 0.8593 1.0615 1.1717 1.2398 1.2758 1.2398 1.1317 1.0626 0.9956 0.8318 0.7957 0.7037 0.7901 0.8519 0.8889 1.1044 1.2639 1.3675 1.4151 1.6246 1.7026 1.7324 1.8098 2.0072 2.1619 2.3110 2.3433 2.2589 2.3633 2.5453 2.5550 2.4394 2.1826 2.0493 1.7357 1.3989 1.1100 0.7456 0.4043 0.2099 0.2963 0.3580 0.3951 0.4074 0.3951 0.3580 0.2963 0.3193 0.2863 0.2344 0.2500 0.2344 0.3712 0.4359 0.4286 0.4898 0.5102 0.6009 0.8607 1.0302 1.1096 1.0988 1.2222 1.2963 1.3210 1.2963 1.2222 1.0988 0.9630 0.9012 1.0023 1.0943 1.1304 1.1105 1.1458 1.1993 1.3943 1.5457 1.8140 2.0388 2.1829 2.2463 2.2292 2.1314 1.9529 1.7407 1.6667 1.5432 1.3704 1.1481 0.8765 0.6543 0.5185 0.3580 0.1728 0.0000 0.0000 0.0000 0.1233 0.5422 0.8256 0.9733 0.9856 0.8622 0.6033 0.3200 0.0400 0.0000 0.0247 0.2099 0.3804 0.6262 0.8273 0.9837 1.2854 1.5225 1.6948 1.8025 1.9548 2.1362 2.2217 2.2112 2.1047 2.0224 1.8741 1.8350 1.7694 1.6525 1.4844
0.0000 0.0000 0.0000 0.0000 0.0000 0.0247 0.2099 0.3704 0.5062 0.6173 0.7037 1.1254 1.4425 1.6548 1.7625 1.7654 1.7470 1.6795 1.4517 1.0637 0.5154 0.2469 0.0833 0.0000 0.0000 0.0000 0.0000 0.0000 0.0000 0.0000 0.0000 0.0000 0.0000 0.0000 0.0000 0.0000 0.0000 0.0000 0.0000 0.0204 0.2653 0.4898 0.6735 0.8788 1.1215 1.4962 1.8192 2.0293 2.1266 2.1110 1.9825 2.1011 2.0268 1.7596 1.7151 1.7110 1.5984 1.3404 0.9980 0.7551 0.4074 0.3951 0.3580 0.4800 0.5364 0.5273 0.4898 0.5102 0.4898 0.5011 0.5609 0.5587 0.5864 0.7666 0.8747 0.9107 0.8747 0.7666 0.7593 0.7330 0.7529 0.7372 0.7654 0.8519 0.9136 1.0600 1.2755 1.4350 1.5386 1.5862 1.7379 1.8437 1.8735 1.8274 1.8041 1.8563 2.0054 2.1471 2.1408 2.2087 2.2814 2.2911 2.1694 2.0181 1.7354 1.4989 1.2856 0.9967 0.7557 0.4815 0.3704 0.4568 0.5185 0.5556 0.5679 0.5556 0.5810 0.6599 0.6829 0.6499 0.5610 0.4531 0.4375 0.3906 0.4145 0.4072 0.3278 0.4092 0.5246 0.7843 0.9539 1.0741 1.2469 1.3704 1.4444 1.4691 1.4444 1.3704 1.2469 1.0741 0.8889 0.9118 1.0039 1.0399 1.0201 0.9689 1.0224 1.2297 1.3812 1.5878 1.8125 1.9566 2.0201 2.0029 1.9051 1.7267 1.5926 1.5185 1.3951 1.2222 1.0000 0.7284 0.5926 0.4568 0.2963 0.1111 0.0000 0.0000 0.0000 0.2400 0.5200 0.7200 0.8678 0.8800 0.8400 0.7200 0.5200 0.2400 0.0000 0.1111 0.3263 0.6168 0.8626 1.0637 1.2301 1.5319 1.7689 1.9412 2.0489 2.2794 2.4607 2.5462 2.5357 2.4293 2.2269 2.0486 1.9231 1.8575 1.7406 1.5725
0.0000 0.0000 0.0000 0.0000 0.0000 0.1111 0.2963 0.4568 0.5926 0.7037 0.8301 1.2519 1.5689 1.7812 1.8889 2.0307 2.1235 2.0559 1.8281 1.4401 0.8919 0.5833 0.3333 0.1389 0.0000 0.0000 0.0000 0.0000 0.0000 0.0000 0.0000 0.0000 0.0000 0.0000 0.0000 0.0000 0.1020 0.2041 0.2653 0.3061 0.5510 0.7143 0.7959 0.8367 0.9388 1.2114 1.5344 1.7446 1.8696 1.8262 1.6977 1.6963 1.6220 1.4955 1.4931 1.3902 1.1912 0.9332 0.6928 0.4499 0.2222 0.2099 0.3565 0.4785 0.5349 0.6122 0.6735 0.6939 0.6735 0.6122 0.5727 0.5705 0.4962 0.3906 0.4375 0.4735 0.4375 0.3906 0.6448 0.8023 0.8834 0.9771 1.0678 1.0930 1.0527 1.1752 1.3906 1.5502 1.6537 1.7014 1.8031 1.9089 1.9387 1.8926 1.7705 1.6597 1.8474 1.9278 1.9215 1.8506 1.9063 2.0181 1.9984 1.8472 1.6509 1.3725 1.0967 0.9065 0.7026 0.4784 0.5062 0.5926 0.6543 0.6914 0.7037 0.7539 0.8887 0.9676 0.9905 0.9576 0.8686 0.7238 0.6094 0.5625 0.4844 0.3750 0.3331 0.3422 0.3951 0.6790 0.9506 1.1728 1.3457 1.4691 1.5432 1.5679 1.5432 1.4691 1.3457 1.1728 0.9506 0.7654 0.8574 0.8935 0.8736 0.7978 0.8019 1.0093 1.1607 1.2809 1.5056 1.6497 1.7132 1.6960 1.5982 1.4198 1.3951 1.3210 1.1975 1.0247 0.8025 0.6173 0.5062 0.3704 0.2099 0.0247 0.0000 0.0000 0.0000 0.3600 0.6400 0.8400 0.9600 1.0000 0.9600 0.8400 0.6400 0.3600 0.0000 0.1828 0.5180 0.8085 1.0543 1.2554 1.4119 1.7136 1.9506 2.1230 2.2306 2.5080 2.6894 2.7748 2.7643 2.6579 2.4555 2.1572 1.9600 1.8944 1.7775 1.6094
0.0000 0.0000 0.0000 0.0000 0.0000 0.1728 0.3580 0.5185 0.6543 0.7654 0.8519 1.2736 1.5906 1.8030 1.9940 2.2469 2.3396 2.2721 2.0443 1.6563 1.1080 0.8395 0.5278 0.3333 0.0833 0.0000 0.0000 0.0000 0.0000 0.0000 0.0000 0.0000 0.0000 0.0000 0.0000 0.1837 0.3265 0.4286 0.4898 0.5102 0.7755 0.9184 1.0000 1.0000 0.9184 1.0629 1.4059 1.6525 1.7775 1.7341 1.5692 1.3070 1.2588 1.1322 1.1502 1.0473 0.8237 0.5200 0.3200 0.0400 0.0123 0.1020 0.3265 0.5102 0.6531 0.7551 0.8163 0.8367 0.8163 0.7551 0.6531 0.5102 0.4359 0.2895 0.2344 0.3520 0.4385 0.6488 0.9438 1.1013 1.2618 1.3159 1.3046 1.3298 1.2895 1.4180 1.4375 1.6094 1.7130 1.7606 1.7923 1.8981 1.9279 1.8818 1.8322 1.7961 1.8850 1.9038 1.8400 1.7061 1.6039 1.7527 1.7947 1.7299 1.5583 1.2799 0.9194 0.7532 0.5493 0.5062 0.6173 0.7037 0.7654 0.8025 0.8148 1.0056 1.1404 1.2193 1.2423 1.2093 1.1204 0.9755 0.7747 0.7031 0.6250 0.5403 0.5849 0.5735 0.5062 0.7284 1.0000 1.2222 1.3951 1.5185 1.5926 1.6173 1.5926 1.5185 1.3951 1.2222 1.0000 0.7284 0.6551 0.6912 0.6713 0.5955 0.5625 0.7328 0.8843 0.9797 1.1181 1.2622 1.3256 1.3084 1.2106 1.1728 1.1481 1.0741 0.9506 0.7778 0.5926 0.5062 0.3951 0.2593 0.0988 0.0000 0.0000 0.0000 0.0400 0.4000 0.6800 0.8800 1.0000 1.0400 1.0000 0.8800 0.6800 0.4000 0.0400 0.3299 0.6651 0.9556 1.2014 1.4025 1.5589 1.8306 2.0677 2.2400 2.3633 2.6406 2.8220 2.9075 2.8970 2.7906 2.5882 2.2899 1.9456 1.8800 1.7631 1.5950
0.0000 0.0000 0.0000 0.0000 0.0000 0.2099 0.3951 0.5556 0.6914 0.8025 0.8889 1.1906 1.5077 1.7200 2.0499 2.3028 2.3956 2.3280 2.1002 1.7122 1.2840 1.0154 0.6667 0.4722 0.2222 0.0000 0.0000 0.0000 0.0000 0.0000 0.0000 0.0000 0.0000 0.0000 0.1837 0.3673 0.5102 0.7143 0.8776 0.9592 1.1633 1.3061 1.3265 1.2245 1.1797 1.2517 1.4110 1.6576 1.7670 1.7392 1.5743 1.2721 0.8728 0.6686 0.6865 0.5837 0.3600 0.2400 0.0400 0.0000 0.0000 0.2041 0.4286 0.6122 0.7551 0.8571 0.9184 0.9388 0.9184 0.8571 0.7551 0.6122 0.4286 0.2041 0.1837 0.3422 0.6122 0.8571 1.2303 1.4971 1.6576 1.7118 1.6596 1.5011 1.4764 1.6050 1.6368 1.6127 1.7162 1.7639 1.7956 1.9214 1.9856 1.9851 2.0761 2.0400 2.1113 2.0800 1.9463 1.7600 1.5312 1.5533 1.5953 1.5306 1.3590 1.0806 0.8065 0.4996 0.4568 0.5926 0.7037 0.7901 0.8519 0.8889 1.0106 1.2014 1.3362 1.4151 1.4381 1.4051 1.3162 1.1713 0.9705 0.8125 0.7344 0.7361 0.7807 0.7693 0.7020 0.7284 1.0000 1.2222 1.3951 1.5185 1.5926 1.6173 1.5926 1.5185 1.3951 1.2222 1.0000 0.7284 0.5062 0.4329 0.4130 0.3372 0.3906 0.4375 0.5519 0.6474 0.6869 0.7940 0.8574 0.8403 0.8519 0.8765 0.8519 0.7778 0.6543 0.5185 0.4568 0.3704 0.2593 0.1235 0.0000 0.0000 0.0000 0.0000 0.0000 0.3600 0.6400 0.8400 0.9600 1.0000 0.9600 0.8400 0.6400 0.3600 0.0523 0.4322 0.7674 1.0579 1.3037 1.5048 1.6612 1.8830 2.1200 2.2923 2.4000 2.6773 2.8587 2.9442 2.9337 2.8273 2.6249 2.3266 1.9323 1.8144 1.6975 1.5294
0.0000 0.0000 0.0000 0.0000 0.0123 0.2222 0.4074 0.5679 0.7037 0.8148 0.9012 1.0030 1.3200 1.5200 1.9456 2.1985 2.2912 2.2237 1.9959 1.6079 1.3796 1.1111 0.7623 0.5556 0.3056 0.0000 0.0000 0.0000 0.0000 0.0000 0.0000 0.0000 0.0000 0.1020 0.3265 0.5102 0.8367 1.0816 1.2449 1.3265 1.4286 1.5714 1.5918 1.5731 1.5986 1.4461 1.5034 1.5663 1.6349 1.6071 1.4422 1.1400 0.7007 0.2874 0.1020 0.0400 0.0000 0.0000 0.0000 0.0000 0.0000 0.2653 0.4898 0.6735 0.8163 0.9184 0.9796 1.0000 0.9796 0.9184 0.8163 0.6735 0.4898 0.4490 0.3673 0.6122 0.9388 1.1837 1.5198 1.7866 1.9471 2.0013 1.9491 1.7906 1.5666 1.6952 1.7270 1.6620 1.6736 1.8312 1.9129 1.9287 2.0085 2.1018 2.1928 2.1937 2.2650 2.2338 2.1000 1.8638 1.5250 1.4694 1.3725 1.2244 1.0528 0.7744 0.6453 0.4774 0.5185 0.6543 0.7654 0.8519 0.9136 0.9506 1.1505 1.3412 1.4761 1.5550 1.5779 1.5449 1.4560 1.3111 1.1103 0.8906 0.8125 0.8760 0.9205 0.9091 0.8418 0.7654 0.9506 1.1728 1.3457 1.4691 1.5432 1.5679 1.5432 1.4691 1.3457 1.1728 0.9506 0.6790 0.3951 0.2593 0.0988 0.1094 0.1875 0.2344 0.2500 0.2591 0.2986 0.2822 0.3086 0.4321 0.5062 0.5309 0.5062 0.4321 0.3951 0.3580 0.2963 0.2099 0.0988 0.0000 0.0000 0.0000 0.0000 0.0000 0.0000 0.2400 0.5200 0.7200 0.8400 0.8800 0.8400 0.7200 0.5200 0.2400 0.1100 0.4899 0.8251 1.1156 1.3614 1.5625 1.7189 1.8706 2.1077 2.2800 2.3877 2.6181 2.7995 2.8850 2.8745 2.7681 2.5657 2.2674 1.8731 1.6975 1.5906 1.5325
0.0000 0.0000 0.0000 0.0000 0.0000 0.2099 0.3951 0.5556 0.6914 0.8025 0.8889 0.9506 1.0277 1.2678 1.6810 1.9340 2.0267 1.9591 1.7314 1.5833 1.3951 1.1265 0.7778 0.5833 0.3333 0.0278 0.0000 0.0000 0.0000 0.0000 0.0000 0.0000 0.0000 0.2041 0.4286 0.7959 1.1224 1.3673 1.5306 1.6122 1.6122 1.7143 1.7347 1.8549 1.8804 1.7279 1.4994 1.5624 1.5289 1.3991 1.1729 0.8707 0.4722 0.2222 0.0000 0.0000 0.0000 0.0000 0.0000 0.0000 0.0204 0.2857 0.5102 0.6939 0.8367 0.9388 1.0000 1.0204 1.0000 0.9388 0.8367 0.6939 0.6122 0.6122 0.5306 0.8571 1.1837 1.4286 1.7029 1.9698 2.1303 2.1844 2.1323 1.9738 1.7090 1.6886 1.7204 1.6855 1.7150 1.8726 1.9543 1.9601 1.9199 2.0913 2.1824 2.2450 2.3163 2.2850 2.1513 1.9150 1.6231 1.4475 1.3206 1.1725 0.9731 0.7225 0.6305 0.5826 0.5556 0.6914 0.8025 0.8889 0.9506 0.9877 1.2344 1.4252 1.5600 1.6389 1.6618 1.6289 1.5399 1.3951 1.1943 0.9375 0.8594 0.9599 1.0044 0.9931 0.9257 0.8025 0.8889 1.0741 1.2469 1.3704 1.4444 1.4691 1.4444 1.3704 1.2469 1.0741 0.8519 0.5802 0.2593 0.1235 0.0000 0.0000 0.0000 0.0000 0.0156 0.0000 0.0000 0.0000 0.0000 0.0370 0.1111 0.1728 0.2099 0.2222 0.2099 0.1728 0.1111 0.0247 0.0000 0.0000 0.0000 0.0000 0.0000 0.0000 0.0000 0.0400 0.3200 0.5200 0.6400 0.6800 0.6400 0.5200 0.3200 0.0400 0.1600 0.5028 0.8380 1.1285 1.3743 1.5754 1.7319 1.8436 2.0306 2.2030 2.3106 2.4630 2.6444 2.7298 2.7193 2.6129 2.4105 2.1122 1.7550 1.5594 1.5725 1.5144
0.0000 0.0000 0.0000 0.0000 0.0000 0.1728 0.3580 0.5185 0.6543 0.7654 0.8519 0.9136 0.9506 0.9630 1.2562 1.5091 1.6019 1.6543 1.6265 1.5185 1.3302 1.0617 0.7500 0.5556 0.3056 0.0000 0.0000 0.0000 0.0000 0.0000 0.0000 0.0000 0.0000 0.2653 0.5918 1.0000 1.3265 1.5714 1.7347 1.8163 1.8163 1.7347 1.7551 1.9586 1.9841 1.8316 1.5011 1.4620 1.4286 1.2988 1.0726 0.7500 0.5556 0.3056 0.0000 0.0000 0.0000 0.0000 0.0000 0.0000 0.0000 0.2653 0.4898 0.6735 0.8163 0.9184 0.9796 1.0000 0.9796 0.9184 0.8163 0.6735 0.6939 0.6939 0.6122 1.0204 1.3469 1.5918 1.7798 2.0466 2.2071 2.2613 2.2091 2.0506 1.7858 1.5853 1.6271 1.7122 1.6804 1.8381 1.9198 1.9255 1.8554 1.9536 2.0447 2.1938 2.2650 2.2338 2.1000 1.8638 1.6500 1.4744 1.2275 1.0694 0.8700 0.6317 0.6597 0.6418 0.5679 0.7037 0.8148 0.9012 0.9630 1.0156 1.2623 1.4531 1.5880 1.6669 1.6898 1.6568 1.5679 1.4074 1.2222 0.9655 0.8873 0.9878 1.0324 1.0210 0.9537 0.8304 0.9012 0.9630 1.0988 1.2222 1.2963 1.3210 1.2963 1.2222 1.0988 0.9259 0.7037 0.4321 0.1111 0.0000 0.0000 0.0000 0.0000 0.0000 0.0000 0.0000 0.0000 0.0000 0.0000 0.0000 0.0000 0.0000 0.0000 0.0123 0.0000 0.0000 0.0000 0.0000 0.0000 0.0000 0.0000 0.0000 0.0000 0.0000 0.0000 0.0000 0.0400 0.2400 0.3600 0.4000 0.3600 0.2400 0.0400 0.0000 0.1900 0.4711 0.8063 1.0968 1.3426 1.5437 1.7001 1.8119 1.8889 2.0612 2.1689 2.2119 2.3932 2.4787 2.4682 2.3618 2.1594 1.8611 1.5756 1.4700 1.4831 1.4250
0.0000 0.0000 0.0000 0.0000 0.0000 0.1111 0.2963 0.4568 0.5926 0.7037 0.7901 0.8519 0.8889 0.9012 1.1111 1.3241 1.4568 1.5093 1.4815 1.3735 1.1852 0.9167 0.6667 0.4722 0.2222 0.0000 0.0000 0.0000 0.0000 0.0000 0.0000 0.0000 0.0204 0.2857 0.7143 1.1224 1.4490 1.6939 1.8571 1.9388 1.9388 1.8571 1.7217 1.8844 1.9099 1.7574 1.4269 1.2653 1.2319 1.1020 0.9167 0.7778 0.5833 0.3333 0.0278 0.0000 0.0000 0.0000 0.0000 0.0000 0.0000 0.2041 0.4286 0.6122 0.7551 0.8571 0.9184 0.9388 0.9184 0.8571 0.7551 0.6122 0.6939 0.6939 0.6939 1.1020 1.4286 1.6735 1.8367 2.0171 2.1776 2.2318 2.1796 2.0212 1.7564 1.3852 1.5370 1.6221 1.5904 1.7276 1.8093 1.8151 1.7605 1.8488 1.9163 2.0400 2.1113 2.0800 1.9463 1.7100 1.6056 1.4300 1.1831 0.9150 0.7656 0.6250 0.6630 0.6451 0.5712 0.6914 0.8025 0.8889 0.9506 0.9877 1.2344 1.4252 1.5600 1.6389 1.6618 1.6289 1.5399 1.3951 1.1943 0.9375 0.8594 0.9599 1.0044 0.9931 0.9257 0.8025 0.8889 0.9506 0.9877 1.0247 1.0988 1.1235 1.0988 1.0247 0.9012 0.7284 0.5062 0.2346 0.0000 0.0000 0.0000 0.0000 0.0000 0.0000 0.0000 0.0000 0.0000 0.0000 0.0000 0.0000 0.0000 0.0000 0.0000 0.0000 0.0000 0.0000 0.0000 0.0000 0.0000 0.0000 0.0000 0.0000 0.0000 0.0000 0.0000 0.0000 0.0000 0.0000 0.0000 0.0400 0.0000 0.0000 0.0000 0.0100 0.2000 0.3947 0.7299 1.0204 1.2662 1.4673 1.6237 1.7354 1.8025 1.8548 1.9625 2.0054 2.0462 2.1317 2.1212 2.0147 1.8124 1.5141 1.4250 1.3194 1.3225 1.2644
