0.0000 0.0000 0.0000 0.0000 0.0000 0.0000 0.0000 0.0000 0.0000 0.0000 0.0000 0.0000 0.0000 0.0247 0.2099 0.3704 0.5062 0.6173 0.7037 0.7654 0.8025 0.8148 0.8025 0.7654 0.7037 0.6173 0.5062 0.3704 0.2099 0.0247 0.0000 0.0000 0.0000 0.0000 0.0000 0.0000 0.0400 0.2400 0.3600 0.4000 0.3600 0.2400 0.0400 0.0000 0.0000 0.0000 0.0000 0.0000 0.0000 0.0000 0.0000 0.0000 0.0000 0.0000 0.0000 0.0000 0.0000 0.0000 0.0000 0.0000 0.0000 0.0000 0.0000 0.0000 0.0000 0.0000 0.0000 0.0000 0.0000 0.0000 0.0400 0.1100 0.1600 0.1900 0.2000 0.1900 0.1600 0.1100 0.0400 0.0000 0.0000 0.0400 0.4000 0.6800 0.8800 1.0000 1.0400 1.0000 0.8800 0.6800 0.4000 0.0400 0.0000 0.2031 0.3750 0.5156 0.6250 0.7031 0.7500 0.9493 1.1173 1.2133 1.2372 1.1891 1.0689 0.8766 0.6122 0.5102 0.3673 0.1837 0.0000 0.0000 0.0000 0.0000 0.0000 0.0000 0.0000 0.0000 0.0000 0.0000 0.0000 0.0000 0.0400 0.4000 0.6800 0.8800 1.0000 1.0400 1.0000 1.2400 1.3200 1.2500 1.1200 1.2400 1.4000 1.4400 1.3600 1.1600 0.8400 0.8400 0.8000 0.7200 0.6000 0.4400 0.3600 0.2700 0.1600 0.0300 0.0000 0.0000 0.0000 0.0000 0.0625 0.2344 0.3750 0.4844 0.5625 0.6094 0.6250 0.6094 0.5625 0.4844 0.3750 0.2744 0.3825 0.5200 0.6400 0.6800 0.6400 0.5200 0.3200 0.0400 0.1837 0.3265 0.4286 0.4898 0.5102 0.4898 0.4286 0.3265 0.1837 0.0000 0.0000 0.0000 0.0000 0.0000 0.0000 0.0000 0.0000 0.0000 0.0000 0.0000 0.0000 0.0000 0.0000 0.0000 0.0000 0.0000 0.0000 0.0000
0.0000 0.0000 0.0000 0.0000 0.0000 0.0000 0.0000 0.0000 0.0000 0.0000 0.0000 0.0000 0.0000 0.1111 0.2963 0.4568 0.5926 0.7037 0.7901 0.8519 0.8889 0.9012 0.8889 0.8519 0.7901 0.7037 0.5926 0.4568 0.2963 0.1111 0.0000 0.0000 0.0000 0.0000 0.0000 0.0400 0.3200 0.5200 0.6400 0.6800 0.6400 0.5200 0.3200 0.0400 0.0000 0.0000 0.0000 0.0000 0.0000 0.0000 0.0000 0.0000 0.0000 0.0000 0.0000 0.0000 0.0000 0.0000 0.0000 0.0000 0.0000 0.0000 0.0000 0.0000 0.0000 0.0000 0.0000 0.0000 0.0100 0.1200 0.2100 0.2800 0.3300 0.3600 0.3700 0.3600 0.3300 0.2800 0.2100 0.1200 0.0100 0.0000 0.3600 0.6400 0.8400 0.9600 1.0000 0.9600 0.8400 0.6400 0.3600 0.0000 0.1094 0.3125 0.4844 0.6250 0.7344 0.8125 0.9614 1.2015 1.3696 1.4656 1.4895 1.4413 1.3211 1.1288 0.8645 0.6531 0.5102 0.3265 0.1020 0.0000 0.0000 0.0000 0.0000 0.0000 0.0000 0.0000 0.0000 0.0000 0.0000 0.0000 0.0000 0.3600 0.6400 0.8400 0.9600 1.0000 1.0000 1.2400 1.3500 1.4000 1.2800 1.5600 1.7200 1.7804 1.6800 1.4800 1.1600 1.1200 1.0800 1.0000 0.8800 0.7600 0.5200 0.4000 0.2900 0.1600 0.0100 0.0000 0.0000 0.0000 0.2031 0.3750 0.5156 0.6250 0.7031 0.7500 0.7656 0.7500 0.7031 0.6250 0.5156 0.6150 0.7231 0.7200 0.8400 0.8900 0.8400 0.7200 0.5200 0.4237 0.3673 0.5102 0.6122 0.6735 0.6939 0.6735 0.6122 0.5102 0.3673 0.1837 0.0000 0.0000 0.0000 0.0000 0.0000 0.0000 0.0000 0.0000 0.0000 0.0000 0.0000 0.0000 0.0000 0.0000 0.0000 0.0000 0.0000 0.0000
0.0000 0.0000 0.0000 0.0000 0.0000 0.0000 0.0000 0.0000 0.0000 0.0000 0.0000 0.0000 0.0000 0.1728 0.3580 0.5185 0.6543 0.7654 0.8519 0.9136 0.9506 0.9630 0.9506 0.9136 0.8519 0.7654 0.6543 0.5185 0.3580 0.1728 0.0000 0.0000 0.0000 0.0000 0.0000 0.2400 0.5200 0.7200 0.8400 0.8800 0.8400 0.7200 0.5200 0.2400 0.0000 0.0000 0.0000 0.0000 0.0000 0.0000 0.0000 0.0000 0.0000 0.0000 0.0000 0.0000 0.0000 0.0000 0.0000 0.0000 0.0000 0.0000 0.0000 0.0000 0.0000 0.0000 0.0000 0.0300 0.1600 0.2700 0.3600 0.4300 0.4800 0.5100 0.5200 0.5100 0.4800 0.4300 0.3600 0.2700 0.1600 0.0300 0.2400 0.5200 0.7200 0.8400 0.8800 0.8400 0.7200 0.5200 0.2400 0.0000 0.1875 0.3906 0.5625 0.7031 0.8125 0.8906 1.1416 1.3817 1.5497 1.6457 1.6696 1.6215 1.5013 1.3090 1.0446 0.7551 0.6122 0.4286 0.2041 0.0000 0.0000 0.0000 0.0000 0.0000 0.0000 0.0000 0.0000 0.0000 0.0000 0.0000 0.0000 0.2400 0.5200 0.7200 0.8400 0.8800 0.8400 1.0900 1.3200 1.3700 1.5820 1.9641 2.1853 2.2457 2.1453 1.8841 1.4620 1.3600 1.3600 1.4800 1.4800 1.3600 1.1200 0.7600 0.4400 0.2700 0.1200 0.0000 0.0000 0.1094 0.3125 0.4844 0.6250 0.7344 0.8125 0.8594 0.8750 0.8594 0.8125 0.7344 0.6250 0.8844 1.0625 1.1094 1.1500 1.2000 1.1500 1.0000 0.8520 0.7265 0.5102 0.6531 0.7551 0.8163 0.8367 0.8163 0.7551 0.6531 0.5102 0.3265 0.1020 0.0000 0.0000 0.0000 0.0000 0.0000 0.0000 0.0000 0.0000 0.0000 0.0000 0.0000 0.0000 0.0000 0.0000 0.0000 0.0000 0.0000
0.0000 0.0000 0.0000 0.0000 0.0000 0.0000 0.0000 0.0000 0.0000 0.0000 0.0000 0.0000 0.0000 0.2099 0.3951 0.5556 0.6914 0.8025 0.8889 0.9506 0.9877 1.0000 0.9877 0.9506 0.8889 0.8025 0.6914 0.5556 0.3951 0.2099 0.0000 0.0000 0.0000 0.0000 0.0000 0.3600 0.6400 0.8400 0.9600 1.0000 0.9600 0.8400 0.6400 0.3600 0.0000 0.0000 0.0000 0.0000 0.0000 0.0000 0.0000 0.0000 0.0000 0.0000 0.0000 0.0000 0.0000 0.0000 0.0000 0.0000 0.0000 0.0000 0.0000 0.0000 0.0000 0.0000 0.0100 0.1600 0.2900 0.4000 0.4900 0.5600 0.6100 0.6400 0.6500 0.6400 0.6100 0.5600 0.4900 0.4000 0.2900 0.1600 0.0500 0.3200 0.5200 0.6400 0.6800 0.6400 0.5200 0.3200 0.0400 0.0000 0.2344 0.4375 0.6094 0.7500 0.8594 0.9375 1.2497 1.4898 1.6578 1.7538 1.7777 1.7296 1.6094 1.4171 1.1527 0.8163 0.6735 0.4898 0.2653 0.0000 0.0000 0.0000 0.0000 0.0000 0.0000 0.0000 0.0000 0.0000 0.0000 0.0000 0.0000 0.0400 0.3200 0.5200 0.6400 0.6800 0.6400 0.8800 1.1100 1.3837 1.8865 2.2686 2.4898 2.5502 2.4498 2.1886 1.8865 1.7837 1.8400 1.9600 1.9600 1.8400 1.6000 1.2400 0.8100 0.4000 0.2100 0.0400 0.0000 0.1875 0.3906 0.5625 0.7031 0.8125 0.8906 0.9375 0.9531 0.9375 0.8906 0.8225 0.8631 1.1725 1.3506 1.3975 1.3600 1.4100 1.3600 1.2100 1.1641 1.0386 0.7722 0.7651 0.8571 0.9184 0.9388 0.9184 0.8571 0.7551 0.6122 0.4286 0.2041 0.0000 0.0000 0.0000 0.0000 0.0000 0.0000 0.0000 0.0000 0.0000 0.0000 0.0000 0.0000 0.0000 0.0000 0.0000 0.0000 0.0204
0.0000 0.0000 0.0000 0.0000 0.0000 0.0000 0.0000 0.0000 0.0000 0.0000 0.0000 0.0000 0.0123 0.2222 0.4074 0.5679 0.7037 0.8148 0.9012 0.9630 1.0000 1.0123 1.0000 0.9630 0.9012 0.8148 0.7037 0.5679 0.4074 0.2222 0.0123 0.0000 0.0000 0.0000 0.0400 0.4000 0.6800 0.8800 1.0000 1.0400 1.0000 0.8800 0.6800 0.4000 0.0400 0.0000 0.0000 0.0000 0.0000 0.0000 0.0000 0.0000 0.0000 0.0000 0.0000 0.0000 0.0000 0.0000 0.0000 0.0000 0.0000 0.0000 0.0000 0.0000 0.0000 0.0000 0.1200 0.2904 0.4000 0.5100 0.6000 0.6700 0.7200 0.7500 0.7600 0.7500 0.7200 0.6700 0.6000 0.5100 0.4000 0.2700 0.1200 0.0400 0.2400 0.3600 0.4000 0.3600 0.2400 0.0523 0.0000 0.0156 0.2500 0.4531 0.6250 0.7656 0.8750 0.9735 1.2857 1.5258 1.6939 1.7899 1.8138 1.7656 1.6454 1.4531 1.1888 0.8524 0.6939 0.5102 0.2857 0.0204 0.0000 0.0000 0.0000 0.0000 0.0000 0.0000 0.0000 0.0000 0.0000 0.0000 0.0000 0.0000 0.0400 0.2400 0.3600 0.4000 0.4000 0.4900 0.9037 1.4873 2.0302 2.4122 2.6335 2.6939 2.5935 2.3322 2.2302 2.3273 2.3837 2.3200 2.3200 2.2000 1.9600 1.6000 1.1200 0.6700 0.2800 0.1100 0.0000 0.2344 0.4375 0.6094 0.7500 0.8594 0.9375 0.9844 1.0000 1.0122 0.9675 1.0194 1.0200 1.3294 1.5075 1.5544 1.4700 1.5200 1.4700 1.3200 1.3353 1.2098 0.9435 0.9763 0.9484 0.9796 1.0000 0.9796 0.9184 0.8163 0.6735 0.4898 0.2653 0.0000 0.0000 0.0000 0.0000 0.0000 0.0000 0.0000 0.0000 0.0000 0.0000 0.0000 0.0000 0.0000 0.1020 0.2041 0.2653 0.2857
0.0000 0.0000 0.0000 0.0000 0.0000 0.0000 0.0000 0.0000 0.0000 0.0000 0.0000 0.0000 0.0000 0.2099 0.3951 0.5556 0.6914 0.8025 0.8889 0.9506 0.9877 1.0000 0.9877 0.9506 0.8889 0.8025 0.6914 0.5556 0.3951 0.2099 0.0000 0.0000 0.0000 0.0000 0.0000 0.3600 0.6400 0.8400 0.9600 1.0204 0.9600 0.8400 0.6400 0.3600 0.0000 0.0000 0.0000 0.0000 0.0000 0.0000 0.0000 0.0000 0.0000 0.0000 0.0000 0.0156 0.0000 0.0000 0.0000 0.0000 0.0000 0.0000 0.0000 0.0000 0.1020 0.2441 0.4753 0.6457 0.7553 0.8041 0.7920 0.7600 0.8100 0.8400 0.8500 0.8400 0.8100 0.7600 0.6900 0.6000 0.4900 0.3600 0.2100 0.0400 0.0000 0.0247 0.1511 0.1728 0.2099 0.2222 0.2099 0.1728 0.3455 0.4622 0.6094 0.7500 0.8594 0.9375 1.2497 1.4898 1.6578 1.7538 1.7777 1.7296 1.6094 1.4171 1.1527 0.8163 0.6735 0.4898 0.2653 0.0000 0.0000 0.0000 0.0000 0.0000 0.0000 0.0000 0.0000 0.0000 0.0000 0.0000 0.0000 0.0000 0.0000 0.0000 0.0000 0.0400 0.1100 0.3820 0.7965 1.4702 2.0131 2.3951 2.6163 2.6767 2.5763 2.5551 2.4931 2.7102 2.7665 2.6620 2.5600 2.4400 2.2000 1.8400 1.3600 0.8400 0.3300 0.1600 0.0156 0.2500 0.4531 0.6250 0.7780 0.8750 1.0365 1.2222 1.3212 1.3433 1.4187 1.3872 1.2490 1.3550 1.5331 1.5800 1.4956 1.5300 1.4800 1.3504 1.3657 1.2402 1.0939 1.1267 1.0988 1.0100 1.0204 1.0123 0.9388 0.8367 0.6939 0.5102 0.2857 0.0204 0.0000 0.0000 0.0000 0.0000 0.0000 0.0000 0.0000 0.0000 0.0000 0.0000 0.0000 0.1837 0.3265 0.4286 0.4898 0.5102
0.0000 0.0000 0.0000 0.0000 0.0000 0.0000 0.0000 0.0000 0.0000 0.0000 0.0000 0.0000 0.0000 0.1728 0.3580 0.5185 0.6543 0.7654 0.8519 0.9136 0.9506 0.9630 0.9506 0.9136 0.8519 0.7654 0.6543 0.5185 0.3580 0.1728 0.0000 0.0000 0.0000 0.0000 0.0000 0.2400 0.6220 0.9241 1.1053 1.1657 1.1053 0.9241 0.6220 0.2400 0.0000 0.0000 0.0000 0.0000 0.0000 0.0000 0.0000 0.0000 0.1094 0.1875 0.2344 0.2500 0.2344 0.1875 0.1094 0.0000 0.0000 0.0000 0.0000 0.1837 0.3265 0.5386 0.7698 0.9402 1.0498 1.0986 1.0865 1.0137 0.8800 0.9100 0.9200 0.9100 0.8800 0.8300 0.7600 0.6700 0.5600 0.4300 0.2800 0.1100 0.0988 0.2099 0.2963 0.3580 0.3951 0.4074 0.3951 0.3580 0.4838 0.6005 0.6613 0.7031 0.8125 0.8906 1.1416 1.3817 1.5497 1.6457 1.6696 1.6215 1.5013 1.3090 1.0446 0.7551 0.6122 0.4286 0.2041 0.0000 0.0000 0.0000 0.0000 0.0000 0.0000 0.0000 0.0000 0.0000 0.0000 0.0000 0.0000 0.0000 0.0000 0.0000 0.0000 0.0000 0.1600 0.5341 0.9086 1.4122 1.8351 2.2171 2.4384 2.6188 2.7184 2.7371 2.7151 2.9322 2.9886 2.8841 2.6800 2.5600 2.3200 1.9600 1.4800 0.9100 0.4000 0.1900 0.0247 0.3455 0.6103 0.8193 0.9722 1.2081 1.4437 1.5677 1.5802 1.6877 1.7631 1.7316 1.5933 1.3883 1.4275 1.4744 1.3900 1.4400 1.3900 1.2400 1.2553 1.1298 1.1835 1.2410 1.2995 1.2724 1.2099 1.2018 1.1282 0.9892 0.7846 0.5145 0.2653 0.0000 0.0000 0.0000 0.0000 0.0000 0.0000 0.0000 0.0000 0.0000 0.0000 0.0000 0.1837 0.3673 0.5102 0.6122 0.6735 0.6939
0.0000 0.0000 0.0000 0.0000 0.0000 0.0000 0.0000 0.0000 0.0000 0.0000 0.0000 0.0000 0.0000 0.1111 0.2963 0.4568 0.5926 0.7037 0.7901 0.8519 0.8889 0.9012 0.8889 0.8519 0.7901 0.7037 0.5926 0.4568 0.2963 0.1111 0.0000 0.0000 0.0000 0.0000 0.0000 0.2237 0.6465 0.9486 1.1298 1.1902 1.1298 0.9690 0.6465 0.2237 0.0000 0.0000 0.0000 0.0000 0.0000 0.0000 0.0625 0.2031 0.3125 0.3906 0.4375 0.4531 0.4375 0.3906 0.3125 0.2031 0.0625 0.0000 0.1837 0.3673 0.5102 0.7722 1.0035 1.1739 1.2835 1.3322 1.3202 1.2473 1.1137 0.9600 0.9700 0.9600 0.9300 0.8800 0.8100 0.7200 0.6100 0.4800 0.3300 0.2835 0.2593 0.3704 0.4568 0.5185 0.5556 0.5679 0.5556 0.5185 0.5662 0.6829 0.7436 0.7485 0.7344 0.8125 0.9614 1.2015 1.3696 1.4656 1.4895 1.4413 1.3211 1.1288 0.8645 0.6531 0.5102 0.3265 0.1020 0.0000 0.0000 0.0000 0.0000 0.0000 0.0000 0.0000 0.0000 0.0000 0.0000 0.0000 0.0000 0.0000 0.0000 0.0000 0.0000 0.0000 0.1900 0.6253 1.0098 1.5135 1.9363 2.2784 2.5396 2.7200 2.8196 2.8384 2.7763 2.9935 3.0498 2.9453 2.6800 2.5600 2.3200 1.9600 1.4800 0.8800 0.3700 0.2988 0.2199 0.4838 0.7486 0.9576 1.1939 1.5409 1.7764 1.9005 1.9530 2.0240 2.0006 1.9692 1.8309 1.5858 1.2740 1.2375 1.2000 1.2500 1.2000 1.0500 1.0041 1.1186 1.3110 1.4550 1.5134 1.4864 1.3738 1.3258 1.2522 1.1131 0.9085 0.6384 0.3028 0.0000 0.0000 0.0000 0.0000 0.0000 0.0000 0.0000 0.0000 0.0000 0.0000 0.1020 0.3265 0.5102 0.6531 0.7551 0.8163 0.8367
0.0000 0.0000 0.0000 0.0000 0.0000 0.0000 0.0000 0.0000 0.0000 0.0000 0.0000 0.0000 0.0000 0.0247 0.2099 0.3704 0.5062 0.6173 0.7037 0.7654 0.8025 0.8148 0.8025 0.7654 0.7037 0.6173 0.5062 0.3704 0.2099 0.0247 0.0000 0.0000 0.0000 0.0000 0.1837 0.3673 0.5502 0.8522 1.1355 1.2980 1.2988 1.1380 0.8155 0.5714 0.2857 0.0000 0.0000 0.0000 0.0000 0.0625 0.2344 0.3750 0.4844 0.5625 0.6094 0.6250 0.6094 0.5625 0.4844 0.3750 0.2344 0.1645 0.3265 0.5102 0.6531 0.9451 1.1763 1.3467 1.4563 1.5051 1.4931 1.4202 1.2865 1.0920 1.0000 0.9900 0.9600 0.9100 0.8400 0.7500 0.6400 0.5100 0.4588 0.4493 0.3951 0.5062 0.5926 0.6543 0.6914 0.7037 0.6914 0.6543 0.5926 0.7093 0.7701 0.7749 0.7238 0.7031 0.7500 0.9493 1.1173 1.2133 1.2372 1.1891 1.0689 0.8766 0.6122 0.5102 0.3673 0.1837 0.0000 0.0000 0.0000 0.0000 0.0000 0.0000 0.0000 0.0000 0.0000 0.0000 0.0000 0.0000 0.0000 0.0000 0.0000 0.0000 0.0000 0.0100 0.2204 0.6557 1.0302 1.5339 1.9567 2.2988 2.5600 2.7404 2.8400 2.8588 2.7967 2.8939 2.9502 2.8457 2.5804 2.4400 2.2000 1.8400 1.3600 0.7600 0.4835 0.4493 0.3704 0.5662 0.8310 1.0399 1.4151 1.7622 1.9977 2.1421 2.2443 2.3153 2.2548 2.0999 1.9617 1.7166 1.3647 0.9894 0.9100 0.9600 0.9100 0.8800 0.9320 1.2100 1.4395 1.5834 1.6419 1.6148 1.5023 1.3842 1.3107 1.1716 0.9670 0.6969 0.3613 0.1235 0.0000 0.0000 0.0000 0.0000 0.0000 0.0000 0.0000 0.0000 0.0000 0.2041 0.4286 0.6122 0.7551 0.8571 0.9184 0.9388
0.0000 0.0000 0.0000 0.0000 0.0000 0.0000 0.0000 0.0000 0.0000 0.0000 0.0000 0.0000 0.0000 0.0000 0.0988 0.2593 0.3951 0.5062 0.5926 0.6543 0.6914 0.7037 0.6914 0.6543 0.5926 0.5062 0.3951 0.2593 0.0988 0.0000 0.0000 0.0000 0.0000 0.1020 0.3265 0.5102 0.6531 0.9388 1.1429 1.3053 1.3061 1.2653 1.1429 0.9388 0.6531 0.2857 0.0000 0.0000 0.0000 0.2031 0.3750 0.5156 0.6250 0.7031 0.7500 0.7656 0.7500 0.7031 0.6250 0.5156 0.3750 0.4072 0.4286 0.6122 0.7651 1.0571 1.2884 1.4588 1.5684 1.6171 1.6051 1.5322 1.3986 1.2041 1.0100 1.0000 0.9700 0.9200 0.8500 0.7600 0.6500 0.5447 0.5799 0.5704 0.5162 0.6173 0.7037 0.7654 0.8025 0.8148 0.8025 0.7654 0.7037 0.6798 0.7405 0.7454 0.7343 0.5872 0.6094 0.6250 0.7930 0.8890 0.9129 0.8648 0.7446 0.5523 0.4286 0.3265 0.1837 0.0000 0.0000 0.0000 0.0000 0.0000 0.0000 0.0000 0.0000 0.0000 0.0000 0.0000 0.0000 0.0000 0.0000 0.0000 0.0000 0.0000 0.0000 0.0000 0.1900 0.6253 0.9998 1.4735 1.8963 2.2384 2.4996 2.6800 2.7796 2.7984 2.7363 2.6335 2.6898 2.5853 2.3200 2.2000 1.9600 1.6000 1.1200 0.6188 0.5893 0.5551 0.5062 0.5926 0.8574 1.0664 1.6269 2.0760 2.3728 2.5172 2.6693 2.6791 2.5166 2.2227 1.9856 1.7406 1.3887 0.9300 0.9600 0.9700 0.9600 0.9300 0.9788 1.2529 1.4824 1.6264 1.6848 1.6578 1.5452 1.3772 1.3036 1.1645 0.9599 0.6898 0.3951 0.2593 0.0988 0.0000 0.0000 0.0000 0.0000 0.0000 0.0000 0.0000 0.0000 0.2653 0.4898 0.6735 0.8163 0.9184 0.9796 1.0000
0.0000 0.0000 0.0000 0.0000 0.0000 0.0000 0.0000 0.0000 0.0000 0.0000 0.0000 0.0000 0.0000 0.0000 0.0000 0.1235 0.2593 0.3704 0.4568 0.5185 0.5556 0.5679 0.5556 0.5185 0.4568 0.3704 0.2593 0.1235 0.0000 0.0000 0.0000 0.0000 0.0000 0.2041 0.4286 0.6122 0.9388 1.2245 1.4286 1.5510 1.5918 1.5510 1.4286 1.2245 0.9388 0.5714 0.1837 0.0000 0.1094 0.3125 0.4844 0.6250 0.7344 0.8125 0.8594 0.8750 0.8594 0.8125 0.7344 0.6250 0.4844 0.5778 0.5992 0.6735 0.8163 1.1084 1.3396 1.5100 1.6196 1.6684 1.6563 1.5835 1.4498 1.2553 1.0000 0.9900 0.9600 0.9100 0.8400 0.7500 0.6400 0.6211 0.6563 0.6468 0.5926 0.7037 0.7901 0.8519 0.8889 0.9012 0.8889 0.8519 0.7901 0.7437 0.8951 1.0199 1.0088 0.8617 0.6775 0.4931 0.4375 0.4927 0.5166 0.4684 0.3482 0.2653 0.2041 0.1020 0.0000 0.0000 0.0000 0.0000 0.0000 0.0000 0.0000 0.0000 0.0000 0.0000 0.0000 0.0000 0.0000 0.0000 0.0000 0.0000 0.0000 0.0000 0.0000 0.0000 0.1600 0.5341 0.9086 1.3322 1.7551 2.0971 2.3584 2.5388 2.6384 2.6571 2.5951 2.4522 2.2686 2.1641 1.9600 1.8400 1.6000 1.2400 0.7847 0.6399 0.6504 0.6162 0.6173 0.7037 0.8279 1.2483 1.8497 2.2987 2.5955 2.7399 2.9221 2.9319 2.7694 2.4346 1.9275 1.6577 1.3058 0.9878 0.9900 1.0000 0.9900 0.9847 1.1199 1.2104 1.4398 1.5838 1.6423 1.6152 1.5027 1.3046 1.2310 1.0920 0.8874 0.6173 0.5062 0.3704 0.2099 0.0247 0.0000 0.0000 0.0000 0.0000 0.0000 0.0000 0.0204 0.2857 0.5102 0.6939 0.8367 0.9388 1.0000 1.0204
0.0000 0.0000 0.0000 0.0000 0.0000 0.0000 0.0000 0.0000 0.0000 0.0000 0.0000 0.0000 0.0000 0.0000 0.0000 0.0000 0.0988 0.2099 0.2963 0.3580 0.3951 0.4074 0.3951 0.3580 0.2963 0.2099 0.0988 0.0000 0.0000 0.0000 0.0000 0.0000 0.0000 0.2653 0.4898 0.7755 1.1429 1.4286 1.6327 1.7551 1.7959 1.7551 1.6327 1.4286 1.1429 0.7755 0.3265 0.1020 0.1875 0.3906 0.5625 0.7031 0.8125 0.8906 0.9375 0.9531 0.9375 0.8906 0.8125 0.7031 0.5829 0.6763 0.6977 0.6939 0.8367 1.0988 1.3300 1.5004 1.6100 1.6588 1.6467 1.5739 1.4402 1.2457 0.9904 0.9600 0.9300 0.8800 0.8100 0.7200 0.6100 0.6528 0.6880 0.6785 0.6543 0.7654 0.8519 0.9136 0.9506 0.9630 0.9506 0.9136 0.8919 1.0854 1.1743 1.1585 1.1474 1.0003 0.7544 0.5700 0.2744 0.1875 0.1094 0.0000 0.0204 0.0000 0.0000 0.0000 0.0000 0.0000 0.0000 0.0000 0.0000 0.0000 0.0000 0.0000 0.0000 0.0000 0.0000 0.0000 0.0000 0.0000 0.0000 0.0000 0.0000 0.0000 0.0000 0.0000 0.1100 0.3820 0.7565 1.1102 1.5331 1.8751 2.1363 2.3167 2.4163 2.4351 2.3731 2.2302 2.0065 1.7020 1.4800 1.3600 1.1200 0.8800 0.7111 0.6563 0.6668 0.6326 0.7037 0.7901 1.0355 1.3187 1.9201 2.3970 2.6659 2.8204 3.0025 3.0123 2.8498 2.5150 2.0079 1.4681 1.2256 0.9700 1.0000 1.0100 1.0000 1.0811 1.2163 1.3068 1.3526 1.4557 1.5142 1.4872 1.3746 1.1765 1.0930 0.9539 0.7901 0.7037 0.5926 0.4568 0.2963 0.1111 0.0000 0.0000 0.0000 0.0000 0.0000 0.0000 0.0000 0.2653 0.4898 0.6735 0.8163 0.9184 0.9796 1.0000
0.0000 0.0000 0.0000 0.0000 0.0000 0.0000 0.0000 0.0000 0.0000 0.0000 0.0000 0.0000 0.0000 0.0000 0.0000 0.0000 0.0000 0.0247 0.1111 0.1728 0.2099 0.2222 0.2099 0.1728 0.1111 0.0247 0.0000 0.0000 0.0000 0.0000 0.0000 0.0000 0.0204 0.2857 0.5102 0.8980 1.2653 1.5510 1.7551 1.8776 1.9184 1.8776 1.7551 1.5510 1.2653 0.8980 0.4490 0.2041 0.2500 0.4375 0.6094 0.7500 0.8594 0.9375 0.9844 1.0000 0.9844 0.9375 0.8594 0.7500 0.6094 0.7028 0.7242 0.6735 0.8163 1.0284 1.2596 1.4300 1.5396 1.5884 1.5763 1.5035 1.3698 1.1753 0.9200 0.9100 0.8800 0.8300 0.7600 0.6700 0.5600 0.6399 0.6751 0.6656 0.6914 0.8025 0.8889 0.9506 0.9877 1.0000 0.9877 0.9506 1.1289 1.3225 1.4114 1.3956 1.2751 1.0499 0.7200 0.5356 0.2400 0.0000 0.0000 0.0000 0.0000 0.0000 0.0000 0.0000 0.0000 0.0000 0.0000 0.0000 0.0000 0.0000 0.0000 0.0000 0.0000 0.0000 0.0000 0.0000 0.0000 0.0000 0.0000 0.0000 0.0000 0.0000 0.0000 0.0000 0.0400 0.2100 0.5437 0.8573 1.2302 1.5722 1.8335 2.0139 2.1135 2.1322 2.0702 1.9273 1.7037 1.4400 1.3200 1.1600 0.9600 0.7200 0.6128 0.6280 0.6385 0.6543 0.7654 0.9539 1.3234 1.6830 2.1438 2.6206 2.8896 2.9507 2.9940 2.9205 2.7580 2.4232 1.9160 1.4143 1.1322 0.9600 0.9900 1.0000 0.9900 1.1328 1.2680 1.3585 1.4043 1.4054 1.3619 1.2736 1.1610 0.9630 0.9506 0.9136 0.8519 0.7654 0.6543 0.5185 0.3580 0.1728 0.0000 0.0000 0.0000 0.0000 0.0000 0.0000 0.0000 0.2041 0.4286 0.6122 0.7551 0.8571 0.9184 0.9388
0.0000 0.0000 0.0000 0.0000 0.0000 0.0000 0.0000 0.0000 0.0000 0.0000 0.0000 0.0000 0.0000 0.0000 0.0000 0.0000 0.0000 0.0000 0.0000 0.0000 0.0000 0.0123 0.0000 0.0000 0.0000 0.0000 0.0000 0.0000 0.0000 0.0100 0.0000 0.0000 0.0000 0.2653 0.4898 0.9388 1.3061 1.5918 1.7959 1.9184 1.9592 1.9184 1.7959 1.5918 1.3061 1.0482 0.6773 0.5153 0.5000 0.6875 0.8125 0.8750 0.8750 0.9531 1.0000 1.0156 1.0000 0.9531 0.8750 0.7656 0.6250 0.6572 0.6786 0.6279 0.7551 0.8971 1.1284 1.2988 1.4084 1.4571 1.4451 1.3722 1.2386 1.0441 0.8500 0.8400 0.8100 0.7700 0.6900 0.6000 0.5023 0.5822 0.6174 0.6079 0.7037 0.8148 0.9012 0.9630 1.0000 1.0123 1.0000 0.9630 1.2612 1.4548 1.5437 1.5279 1.4074 1.1822 0.8523 0.6400 0.3600 0.0000 0.0000 0.0000 0.0000 0.0000 0.0000 0.0000 0.0000 0.0000 0.0000 0.0000 0.0000 0.0000 0.0000 0.0000 0.0000 0.0000 0.0000 0.0000 0.0000 0.0000 0.0000 0.0000 0.0000 0.0000 0.0000 0.0000 0.0000 0.1200 0.2700 0.5837 0.8465 1.1886 1.4498 1.6302 1.7298 1.7486 1.7022 1.5437 1.3200 1.2400 1.1200 0.9600 0.7600 0.5200 0.4999 0.5551 0.5656 0.6914 0.8025 1.2319 1.7125 2.0721 2.3940 2.7615 2.9523 2.9666 2.9798 2.7952 2.5407 2.2840 1.8862 1.3474 0.9633 0.9300 0.9600 0.9700 0.9600 1.1399 1.2751 1.3656 1.4114 1.4125 1.3689 1.2806 1.1477 1.0000 0.9877 0.9506 0.8889 0.8025 0.6914 0.5556 0.3951 0.2099 0.0000 0.0000 0.0000 0.0000 0.0000 0.0000 0.0000 0.1020 0.3265 0.5102 0.6531 0.7551 0.8163 0.8367
0.0000 0.0000 0.0000 0.0000 0.0000 0.0000 0.0000 0.0000 0.0000 0.0000 0.0000 0.0000 0.0000 0.0000 0.0000 0.0000 0.0000 0.0000 0.0000 0.0000 0.0000 0.0000 0.0000 0.0000 0.0000 0.0400 0.1100 0.1600 0.1900 0.2000 0.1900 0.1600 0.1100 0.2441 0.4490 0.8980 1.2653 1.5510 1.7551 1.8776 1.9184 1.8776 1.7551 1.6135 1.4684 1.2105 0.9008 0.7232 0.7079 0.8750 1.0000 1.0625 1.0625 1.0000 0.9844 1.0000 0.9844 0.9375 0.8594 0.7500 0.6094 0.5395 0.5609 0.5102 0.6531 0.7551 0.9363 1.1067 1.2163 1.2651 1.2531 1.1802 1.0465 0.8920 0.8700 0.9100 0.9100 0.8700 0.7900 0.6700 0.5100 0.5199 0.5151 0.5556 0.6914 0.8025 0.8889 0.9506 0.9877 1.0000 0.9877 0.9906 1.2889 1.4825 1.5714 1.5556 1.4351 1.2099 0.8800 0.6800 0.4000 0.0400 0.0000 0.0000 0.0000 0.0000 0.0000 0.0000 0.0000 0.0000 0.0000 0.0000 0.0000 0.0000 0.0000 0.0000 0.0000 0.0000 0.0000 0.0000 0.0000 0.0000 0.0000 0.0000 0.0000 0.0000 0.0000 0.0000 0.0000 0.0100 0.1600 0.2900 0.5020 0.7241 0.9853 1.2751 1.4528 1.5185 1.4720 1.3544 1.2675 1.1094 0.8800 0.7200 0.5200 0.2923 0.3822 0.4374 0.5679 0.7037 0.8981 1.4999 1.9805 2.3401 2.5787 2.8350 3.0259 3.0401 2.9877 2.8187 2.4531 2.1131 1.7154 1.1765 0.8300 0.8800 0.9100 0.9200 0.9223 1.1022 1.2374 1.3279 1.3737 1.3748 1.3312 1.2430 1.1100 1.0123 1.0000 0.9630 0.9290 0.8148 0.7037 0.5679 0.4074 0.2222 0.0123 0.0000 0.0000 0.0000 0.0000 0.0000 0.0000 0.0000 0.1837 0.3673 0.5102 0.6122 0.6735 0.6939
0.0000 0.0000 0.0000 0.0000 0.0000 0.0000 0.0000 0.0000 0.0000 0.0000 0.0000 0.0000 0.0000 0.0000 0.0000 0.0000 0.0000 0.0000 0.0000 0.0000 0.0000 0.0000 0.0000 0.0100 0.1200 0.2100 0.2800 0.3300 0.3600 0.3700 0.3600 0.3300 0.2800 0.3120 0.4465 0.7855 1.1429 1.4286 1.6327 1.7551 1.7959 1.7551 1.6952 1.6629 1.5179 1.2599 1.0523 0.8747 0.8125 1.0000 1.1250 1.1875 1.1875 1.1250 1.0000 0.9531 0.9375 0.8906 0.8125 0.7031 0.5625 0.3906 0.3712 0.3673 0.5102 0.6122 0.6835 0.8539 0.9635 1.0122 1.0002 0.9373 0.9137 0.8500 0.9300 0.9700 0.9700 0.9300 0.8500 0.7300 0.5700 0.5428 0.4880 0.5285 0.6543 0.7654 0.8519 0.9136 0.9506 0.9630 0.9506 0.9136 1.2119 1.4054 1.4943 1.4785 1.3580 1.1328 0.8400 0.6400 0.3600 0.0000 0.0000 0.0000 0.0000 0.0000 0.0000 0.0000 0.0000 0.0000 0.0000 0.0000 0.0000 0.0000 0.0000 0.0000 0.0000 0.0000 0.0000 0.0000 0.0000 0.0000 0.0000 0.0000 0.0000 0.0000 0.0000 0.0000 0.0000 0.0000 0.0300 0.1600 0.2700 0.4225 0.6431 0.9329 1.1106 1.2375 1.2931 1.2775 1.1906 1.0325 0.8031 0.5025 0.2400 0.1200 0.2199 0.3951 0.5556 0.6914 1.0451 1.6468 2.1275 2.4871 2.7256 2.8431 2.9228 2.9371 2.8147 2.6457 2.2801 1.8012 1.4034 0.9757 0.7804 0.8100 0.8400 0.8500 0.8400 1.0199 1.1551 1.2456 1.2914 1.2925 1.2489 1.1606 1.0277 1.0833 1.2099 1.2562 1.2222 1.1080 0.9136 0.6389 0.3951 0.2099 0.0000 0.0000 0.0000 0.0000 0.0000 0.0000 0.0000 0.0000 0.0000 0.1837 0.3265 0.4286 0.4898 0.5202
0.0000 0.0000 0.0000 0.0000 0.0000 0.0000 0.0000 0.0000 0.0000 0.0000 0.0000 0.0000 0.0000 0.0000 0.0000 0.0000 0.0000 0.0000 0.0000 0.0000 0.0000 0.0000 0.0300 0.1600 0.2700 0.3600 0.4300 0.4800 0.5100 0.5200 0.5100 0.4800 0.4300 0.3600 0.4537 0.7518 0.9688 1.2245 1.4286 1.5510 1.5918 1.5510 1.6317 1.5995 1.4544 1.2372 1.1317 0.9541 0.8750 1.0625 1.1875 1.2623 1.2500 1.1875 1.0625 0.8750 0.8594 0.8125 0.7344 0.6250 0.4844 0.3125 0.1094 0.1837 0.3265 0.4286 0.4898 0.5402 0.6498 0.6986 0.7165 0.7737 0.7500 0.8700 0.9500 0.9900 1.0300 0.9500 0.8700 0.7500 0.5900 0.5011 0.5663 0.6168 0.6226 0.7037 0.7901 0.8519 0.8889 0.9012 0.8889 0.8519 1.0301 1.2237 1.3126 1.2968 1.1763 0.9511 0.7200 0.5200 0.2400 0.0000 0.0000 0.0000 0.0000 0.0000 0.0000 0.0000 0.0000 0.0000 0.0000 0.0000 0.0000 0.0000 0.0000 0.0000 0.0000 0.0000 0.0000 0.0000 0.0000 0.0000 0.0000 0.0000 0.0000 0.0000 0.0000 0.0000 0.0000 0.0000 0.0000 0.0100 0.1825 0.4444 0.6550 0.8144 0.9625 1.0894 1.1450 1.1294 1.0425 0.8844 0.6550 0.3544 0.1025 0.0000 0.1728 0.3580 0.5185 0.6543 1.0710 1.7127 2.1534 2.5130 2.7515 2.8690 2.8654 2.7407 2.4950 2.2760 1.9104 1.4315 1.1726 0.8653 0.6700 0.7200 0.7500 0.7600 0.7500 0.8928 1.0280 1.1185 1.1643 1.1654 1.1219 1.0336 1.0895 1.2963 1.4228 1.4691 1.4352 1.3210 1.1265 0.8519 0.4969 0.1728 0.0000 0.0204 0.0000 0.0000 0.0100 0.0000 0.0000 0.0000 0.0000 0.0400 0.2120 0.3641 0.4553 0.5951
0.0000 0.0000 0.0000 0.0000 0.0000 0.0000 0.0000 0.0000 0.0000 0.0000 0.0000 0.0000 0.0000 0.0000 0.0000 0.0000 0.0000 0.0000 0.0000 0.0000 0.0000 0.0100 0.1600 0.2900 0.4000 0.4900 0.5600 0.6100 0.6400 0.6500 0.6400 0.6100 0.6620 0.6941 0.6653 0.8614 1.0784 1.1529 1.2449 1.2653 1.3061 1.3747 1.4554 1.4232 1.2781 1.2446 1.1390 0.9861 0.9861 1.2353 1.3974 1.4722 1.4599 1.3603 1.1736 0.8997 0.7500 0.7031 0.6250 0.5156 0.3750 0.2031 0.0000 0.0000 0.1020 0.2041 0.2653 0.2857 0.2753 0.3341 0.4720 0.5700 0.7300 0.8900 1.1700 1.3300 1.3700 1.2900 1.0900 0.7700 0.5700 0.5147 0.6099 0.6604 0.6662 0.6273 0.7037 0.7654 0.8025 0.8148 0.8025 0.7654 0.7437 0.9373 1.0262 1.0104 0.8899 0.6647 0.5200 0.3200 0.0400 0.0000 0.0000 0.0000 0.0000 0.0000 0.0000 0.0000 0.0000 0.0000 0.0000 0.0000 0.0000 0.0000 0.0000 0.0000 0.0000 0.0000 0.0000 0.0000 0.0000 0.0000 0.0000 0.0000 0.0000 0.0000 0.0000 0.0000 0.0000 0.0000 0.0000 0.0000 0.2031 0.4150 0.6256 0.7850 0.8931 0.9500 0.9556 0.9100 0.8231 0.6650 0.5156 0.3750 0.2031 0.0000 0.1111 0.2963 0.4968 0.8604 1.3970 1.9775 2.4182 2.6578 2.6963 2.7738 2.7702 2.6456 2.3998 2.0431 1.7052 1.2263 0.9397 0.6941 0.5600 0.6100 0.6400 0.6500 0.6400 0.7211 0.8563 0.9468 0.9926 0.9937 0.9501 0.9452 1.2222 1.4290 1.5556 1.6019 1.5679 1.4537 1.2593 0.9846 0.7317 0.3985 0.3053 0.3957 0.4253 0.3941 0.3020 0.1900 0.1600 0.1200 0.1600 0.2100 0.2800 0.3925 0.5631 0.7029
0.0000 0.0000 0.0000 0.0000 0.0000 0.0000 0.0000 0.0000 0.0000 0.0000 0.0000 0.0000 0.0000 0.0000 0.0000 0.0000 0.0000 0.0000 0.0000 0.0000 0.0000 0.1200 0.2700 0.4000 0.5100 0.6000 0.6700 0.7200 0.7500 0.7600 0.7500 0.9037 0.9965 1.0286 0.9998 0.9102 1.0455 1.1200 1.1020 1.0816 0.9388 1.0855 1.1661 1.1747 1.2133 1.1798 1.1731 1.1474 1.2494 1.3580 1.5201 1.5949 1.5826 1.4830 1.2963 1.0224 0.7081 0.5625 0.4844 0.3750 0.2344 0.0625 0.0000 0.0000 0.0000 0.0000 0.0000 0.0204 0.0000 0.1356 0.3100 0.5100 0.7100 1.1100 1.3900 1.5500 1.5900 1.5100 1.3100 1.0400 0.7100 0.6000 0.6088 0.6593 0.6651 0.6262 0.5926 0.6543 0.6914 0.7037 0.6914 0.6543 0.5926 0.5462 0.6351 0.6193 0.4988 0.3600 0.2400 0.0400 0.0000 0.0000 0.0000 0.0000 0.0000 0.0000 0.0000 0.0000 0.0000 0.0000 0.0000 0.0000 0.0000 0.0000 0.0000 0.0000 0.0000 0.0000 0.0000 0.0000 0.0000 0.0000 0.0000 0.0000 0.0000 0.0000 0.0000 0.0000 0.0000 0.0000 0.0000 0.1094 0.3403 0.4844 0.6250 0.7344 0.8125 0.8694 0.8750 0.8594 0.8125 0.7344 0.6250 0.4844 0.3125 0.1094 0.0247 0.2499 0.6904 1.0262 1.5728 2.0413 2.4820 2.7216 2.7601 2.5976 2.5540 2.4293 2.1836 1.8168 1.3590 0.8801 0.6212 0.4620 0.4300 0.4800 0.5100 0.5200 0.5100 0.5047 0.6399 0.7304 0.7762 0.7773 0.7337 0.9877 1.2747 1.4815 1.6080 1.6543 1.6204 1.5062 1.3117 1.2207 1.0186 0.7955 0.6998 0.7902 0.8198 0.7886 0.6965 0.5437 0.3600 0.4400 0.4800 0.4800 0.5025 0.7144 0.8850 1.0044
0.0000 0.0000 0.0000 0.0000 0.0000 0.0000 0.0000 0.0000 0.0000 0.0000 0.0000 0.0000 0.0000 0.0000 0.0000 0.0000 0.0000 0.0000 0.0000 0.0000 0.0400 0.2100 0.3600 0.4900 0.6000 0.6900 0.7600 0.8100 0.8400 0.8500 1.0237 1.1773 1.2702 1.3022 1.2735 1.1839 1.0335 1.0059 0.8767 0.8163 0.6735 0.7446 0.9273 1.0379 1.0765 1.1665 1.1968 1.3547 1.4568 1.5029 1.5556 1.6304 1.6181 1.5185 1.3318 1.0579 0.6968 0.5141 0.3125 0.2031 0.0625 0.0000 0.0000 0.0000 0.0000 0.0000 0.1094 0.1875 0.2744 0.4600 0.5944 0.6775 0.9494 1.2100 1.4900 1.6500 1.7200 1.6900 1.5600 1.3300 1.0000 0.6900 0.6000 0.6135 0.6193 0.5804 0.4968 0.5185 0.5556 0.5679 0.5556 0.5185 0.4568 0.3704 0.2593 0.1235 0.0400 0.0000 0.0000 0.0000 0.0000 0.0000 0.0000 0.0000 0.0000 0.0000 0.0000 0.0000 0.0000 0.0000 0.0000 0.0000 0.0000 0.0000 0.0000 0.0000 0.0000 0.0000 0.0000 0.0000 0.0000 0.0000 0.0000 0.0000 0.0000 0.0000 0.0000 0.0000 0.0000 0.0833 0.2222 0.4931 0.7240 0.8681 0.9253 0.8958 0.8906 0.9375 0.9531 0.9375 0.8906 0.8125 0.7031 0.5625 0.3906 0.1875 0.0400 0.4488 0.9393 1.3051 1.7684 2.1348 2.5047 2.6943 2.6628 2.4603 2.2267 2.0920 1.8463 1.4795 0.9917 0.4761 0.3037 0.2100 0.2800 0.3300 0.3600 0.3700 0.3600 0.3300 0.3788 0.4693 0.5151 0.5162 0.5926 0.9599 1.2469 1.4537 1.5802 1.6265 1.5926 1.4784 1.4676 1.4066 1.3245 1.1878 1.0335 1.1239 1.1535 1.1222 1.0302 0.8873 0.8237 0.7200 0.7600 0.7600 0.9231 1.0150 1.1556 1.2750
0.0000 0.0000 0.0000 0.0000 0.0000 0.0000 0.0000 0.0000 0.0000 0.0000 0.0000 0.0000 0.0000 0.0000 0.0000 0.0278 0.0000 0.0000 0.0000 0.0000 0.1100 0.2800 0.4300 0.5600 0.6700 0.7600 0.8300 0.8800 0.9100 1.0220 1.2365 1.3902 1.4831 1.5151 1.4863 1.3967 1.2463 1.0351 0.8651 0.7143 0.6075 0.6378 0.7184 0.8291 0.9664 1.1343 1.3482 1.5062 1.6082 1.6543 1.6445 1.5787 1.5664 1.4668 1.2801 1.0062 0.6451 0.4468 0.2081 0.0000 0.0000 0.0000 0.0000 0.0000 0.0625 0.2031 0.3125 0.3906 0.5475 0.7331 0.8675 0.9506 1.3425 1.6031 1.7325 1.8400 1.9100 1.8800 1.7500 1.5200 1.1900 0.7600 0.6700 0.5600 0.5288 0.4899 0.4063 0.3580 0.3951 0.4074 0.3951 0.3580 0.2963 0.2099 0.0988 0.0000 0.0000 0.0000 0.0000 0.0000 0.0000 0.0000 0.0000 0.0000 0.0000 0.0000 0.0000 0.0000 0.0000 0.0000 0.0000 0.0000 0.0000 0.0000 0.0000 0.0000 0.0000 0.0000 0.0000 0.0000 0.0000 0.0000 0.0000 0.0000 0.0000 0.0000 0.0000 0.0000 0.1389 0.3333 0.4722 0.7899 1.0208 1.1649 1.2222 1.1927 1.0764 0.9844 1.0000 0.9844 0.9375 0.8594 0.7500 0.6094 0.4475 0.3544 0.2100 0.6400 1.0935 1.4593 1.7837 2.1501 2.3763 2.6359 2.6544 2.4319 1.9683 1.8237 1.5479 1.1312 0.5733 0.1837 0.0000 0.0400 0.1100 0.1600 0.1900 0.2000 0.1900 0.1600 0.1100 0.1635 0.2593 0.3704 0.4846 0.8519 1.1389 1.3457 1.4722 1.5185 1.4846 1.4724 1.5125 1.5714 1.5264 1.4884 1.3341 1.3967 1.4263 1.4051 1.3031 1.2702 1.2065 1.0620 1.0000 1.1094 1.2725 1.3644 1.3850 1.4944
0.0000 0.0000 0.0000 0.0000 0.0000 0.0000 0.0000 0.0000 0.0000 0.0000 0.0000 0.0000 0.0833 0.2222 0.3056 0.3333 0.3056 0.2222 0.0833 0.0000 0.1600 0.3300 0.4800 0.6100 0.7200 0.8100 0.8800 0.9400 0.9600 1.1741 1.3886 1.5422 1.6351 1.6671 1.6384 1.5488 1.3984 1.1871 0.9151 0.6122 0.4286 0.4589 0.4375 0.6341 0.9599 1.2297 1.4437 1.6017 1.7037 1.7498 1.7400 1.6742 1.5525 1.3748 1.1412 0.8673 0.5062 0.3704 0.2099 0.0247 0.0000 0.0000 0.0000 0.0625 0.2344 0.3750 0.4844 0.5625 0.7694 0.9550 1.0894 1.2125 1.6200 1.8650 1.9944 1.9925 2.0000 1.9700 1.8400 1.6100 1.2800 0.8500 0.7200 0.6100 0.4800 0.3547 0.2711 0.1728 0.2099 0.2426 0.2099 0.1728 0.1111 0.0247 0.0000 0.0000 0.0000 0.0000 0.0000 0.0000 0.0000 0.0000 0.0000 0.0000 0.0000 0.0000 0.0000 0.0000 0.0000 0.0000 0.0000 0.0000 0.0000 0.0000 0.0000 0.0000 0.0000 0.0000 0.0000 0.0000 0.0000 0.0100 0.0000 0.0000 0.0000 0.0000 0.0000 0.0833 0.3333 0.5278 0.6823 1.0000 1.2309 1.3750 1.4323 1.4028 1.2865 1.0833 1.0156 1.0000 0.9531 0.8750 0.7656 0.6550 0.6131 0.5200 0.4156 0.8300 1.1600 1.4888 1.7399 2.0652 2.3814 2.4573 2.4350 2.2125 1.7489 1.4442 1.1385 0.7217 0.3120 0.1200 0.0100 0.0000 0.0000 0.0000 0.0000 0.0100 0.0000 0.0000 0.0000 0.0278 0.0988 0.2099 0.2963 0.6636 0.9506 1.1574 1.2840 1.3302 1.2963 1.3862 1.5362 1.6322 1.7107 1.7127 1.6284 1.7688 1.8284 1.8071 1.7451 1.7322 1.6186 1.4041 1.2000 1.3875 1.5506 1.6425 1.6631 1.6625
0.0000 0.0000 0.0000 0.0000 0.0000 0.0000 0.0000 0.0000 0.0000 0.0000 0.0000 0.1389 0.3333 0.4722 0.5556 0.6233 0.5556 0.4722 0.3333 0.1389 0.1900 0.3600 0.5100 0.6800 0.8600 1.0000 1.1000 1.1600 1.1800 1.4253 1.5898 1.6735 1.7263 1.7584 1.7296 1.6400 1.4896 1.2784 1.0063 0.6735 0.4898 0.4528 0.3906 0.6736 0.9994 1.2693 1.4832 1.6412 1.7432 1.7894 1.7795 1.7137 1.5920 1.4144 1.1807 0.8912 0.5926 0.4568 0.2963 0.1111 0.0000 0.0000 0.0000 0.2031 0.3750 0.5156 0.6250 0.7031 0.9400 1.2350 1.4475 1.5775 1.9850 2.2300 2.3125 2.2325 1.9900 1.9600 1.8300 1.6000 1.2700 0.8400 0.7500 0.6400 0.5100 0.3600 0.2920 0.2041 0.2653 0.2981 0.2653 0.2041 0.1020 0.0000 0.0000 0.0000 0.0000 0.0000 0.0000 0.0000 0.0000 0.0000 0.0000 0.0000 0.0000 0.0000 0.0000 0.0000 0.0000 0.0000 0.0000 0.0000 0.0000 0.0000 0.0000 0.0000 0.0000 0.0400 0.1100 0.1600 0.1900 0.2000 0.1900 0.1600 0.1100 0.0400 0.0000 0.2222 0.4722 0.6667 0.8056 1.1233 1.3542 1.4983 1.5556 1.5260 1.4097 1.2066 1.0000 0.9844 0.9375 0.8594 0.7600 0.7694 0.7275 0.6344 0.4900 0.9200 1.2500 1.5100 1.7947 2.0211 2.1862 2.2621 2.1378 1.8132 1.2884 1.0237 0.5980 0.4300 0.3600 0.2700 0.1600 0.0300 0.0000 0.0000 0.0000 0.0000 0.0833 0.2222 0.3056 0.3333 0.3056 0.2625 0.1944 0.3951 0.6821 0.8889 1.0154 1.0617 1.0278 1.2189 1.5054 1.7101 1.8985 1.9506 1.9496 2.0900 2.1496 2.1284 2.1363 2.1235 2.0098 1.7953 1.4800 1.6044 1.7575 1.8494 1.8700 1.8194
0.0000 0.0000 0.0000 0.0000 0.0000 0.0000 0.0000 0.0000 0.0000 0.0000 0.0833 0.3333 0.5678 0.9067 1.1100 1.1778 1.1100 0.9067 0.5678 0.3433 0.2833 0.3800 0.6400 0.8600 1.0400 1.1800 1.2800 1.3400 1.3804 1.6157 1.7902 1.8739 1.8767 1.7988 1.7600 1.6704 1.5200 1.3088 1.0367 0.7039 0.5102 0.3951 0.3329 0.6572 0.9830 1.2529 1.4668 1.6248 1.7269 1.7730 1.7631 1.6973 1.5756 1.3980 1.1644 0.8748 0.6543 0.5185 0.3580 0.1728 0.0000 0.0000 0.1094 0.3125 0.4844 0.6250 0.7344 0.8850 1.2625 1.5575 1.7700 1.9000 2.1875 2.4325 2.5150 2.4350 2.1925 1.9125 1.7200 1.4900 1.1600 0.8500 0.7600 0.6500 0.5200 0.5537 0.5265 0.4386 0.4898 0.5102 0.4898 0.4286 0.3265 0.1837 0.0000 0.0000 0.0000 0.0000 0.0000 0.0000 0.0000 0.0000 0.0000 0.0000 0.0000 0.0000 0.0000 0.0000 0.0000 0.0000 0.0000 0.0000 0.0000 0.0000 0.0000 0.0100 0.1200 0.2100 0.2800 0.3300 0.3600 0.3700 0.3600 0.3300 0.2800 0.2100 0.1200 0.3156 0.5556 0.7500 0.8889 1.1597 1.3906 1.5347 1.5920 1.5625 1.4462 1.2431 0.9531 0.9375 0.8906 0.8125 0.8231 0.8325 0.7906 0.6975 0.6000 0.9100 1.2500 1.6300 1.8900 2.0300 2.0500 1.9500 1.7423 1.4178 1.0500 0.9100 0.7300 0.5600 0.4900 0.4000 0.2900 0.1600 0.0100 0.0000 0.0000 0.1389 0.3333 0.4722 0.6649 0.7708 0.7899 0.7222 0.5677 0.4097 0.4427 0.5401 0.6667 0.7500 0.7982 1.1457 1.4869 1.8117 2.0001 2.0521 2.1900 2.3304 2.3900 2.3688 2.4267 2.4139 2.3002 2.0857 1.7860 1.8900 1.9231 1.9850 2.0056 1.9550
0.0000 0.0000 0.0000 0.0000 0.0000 0.0000 0.0000 0.0000 0.0000 0.0000 0.2222 0.5122 0.9867 1.3256 1.5289 1.5967 1.5289 1.3256 0.9867 0.5122 0.4422 0.5200 0.7800 1.0000 1.1800 1.3200 1.4200 1.4800 1.5000 1.7453 1.9098 1.9935 1.9963 1.9184 1.7596 1.6400 1.4896 1.2784 1.0063 0.6735 0.4898 0.2653 0.2031 0.5849 0.9107 1.1806 1.3945 1.5525 1.6545 1.7006 1.6908 1.6650 1.5033 1.3256 1.0920 0.8025 0.6914 0.5556 0.3951 0.2099 0.0000 0.0000 0.1875 0.3906 0.5625 0.7031 0.8750 1.1250 1.5025 1.7975 2.0100 2.1400 2.2275 2.4725 2.5550 2.4750 2.2325 1.8744 1.5725 1.2800 0.9500 0.8400 0.7500 0.6400 0.6937 0.7273 0.7002 0.6122 0.6735 0.6939 0.6735 0.6122 0.5102 0.3673 0.1837 0.0000 0.0000 0.0000 0.0000 0.0000 0.0000 0.0000 0.0000 0.0000 0.0000 0.0000 0.0000 0.0000 0.0000 0.0000 0.0000 0.0000 0.0000 0.0000 0.0300 0.1600 0.2978 0.3600 0.4300 0.4800 0.5100 0.5200 0.5100 0.4800 0.4300 0.3600 0.2978 0.4933 0.6133 0.7778 0.9167 1.1094 1.3403 1.4844 1.5417 1.5122 1.3958 1.1927 0.9028 0.8594 0.8125 0.7744 0.8350 0.8444 0.8025 0.7094 0.6900 0.8000 1.2500 1.6300 1.8900 2.0300 2.0500 1.9500 1.7300 1.3900 1.2500 1.1100 0.9300 0.7100 0.6000 0.5100 0.4000 0.2700 0.1200 0.0000 0.0833 0.3333 0.5903 0.8698 1.0625 1.1684 1.1875 1.1198 0.9653 0.7240 0.5347 0.5365 0.5347 0.5556 0.5833 0.9909 1.4520 1.7768 1.9652 2.1284 2.3496 2.4900 2.5496 2.5284 2.6163 2.6035 2.4898 2.2753 1.9600 2.0844 2.1175 2.0594 2.0700 2.0194
0.0000 0.0000 0.0000 0.0000 0.0000 0.0000 0.0000 0.0000 0.0000 0.0000 0.3056 0.7956 1.2700 1.6089 1.8122 1.8800 1.8122 1.6089 1.2700 0.8056 0.6256 0.6200 0.8800 1.1000 1.2800 1.4200 1.5200 1.5800 1.6000 1.7841 1.9486 2.0322 2.0351 1.9571 1.7984 1.5588 1.3984 1.1871 0.9151 0.6122 0.4286 0.2041 0.0748 0.4566 0.7824 1.0523 1.2662 1.4242 1.5662 1.8123 1.9225 1.8967 1.7350 1.4373 1.0037 0.8148 0.7037 0.5679 0.4074 0.2222 0.0123 0.0000 0.2344 0.4375 0.6094 0.7500 1.0625 1.3125 1.6600 1.9550 2.1675 2.2975 2.3450 2.3500 2.4325 2.3525 2.1100 1.7050 1.4031 0.9700 0.8800 0.8100 0.7200 0.7120 0.8065 0.8402 0.8131 0.7551 0.8163 0.8367 0.8163 0.7551 0.6531 0.5102 0.3265 0.1020 0.0000 0.0000 0.0000 0.0123 0.0000 0.0000 0.0000 0.0000 0.0000 0.0000 0.0000 0.0000 0.0000 0.0000 0.0000 0.0000 0.0000 0.0933 0.3822 0.5956 0.7333 0.7956 0.7822 0.6933 0.6400 0.6500 0.6400 0.6100 0.5600 0.4900 0.4000 0.5956 0.7156 0.7600 0.8889 0.9722 1.2031 1.3472 1.4045 1.3750 1.2587 1.0556 0.7656 0.7500 0.7031 0.7350 0.7956 0.8050 0.7631 0.6700 0.7600 0.8700 1.1300 1.5100 1.7700 1.9100 1.9300 1.8300 1.6100 1.5100 1.4100 1.2700 1.0900 0.8700 0.6900 0.6000 0.4900 0.3600 0.2100 0.0400 0.2222 0.5347 0.9010 1.1806 1.3733 1.4792 1.4983 1.4306 1.2760 1.0347 0.7066 0.4583 0.4566 0.3681 0.3333 0.8196 1.2808 1.6056 1.9051 2.2071 2.4284 2.5688 2.6284 2.6171 2.7051 2.6922 2.5786 2.3641 2.1100 2.1875 2.2206 2.1625 2.0631 2.0125
0.0000 0.0000 0.0000 0.0000 0.0000 0.0000 0.0000 0.0000 0.0000 0.0278 0.3333 0.9433 1.4178 1.7567 1.9600 2.0278 1.9600 1.7567 1.4178 1.0633 0.7133 0.7078 0.9400 1.1600 1.3400 1.4800 1.5800 1.6400 1.6600 1.7420 1.9065 1.9902 1.9931 1.9307 1.7563 1.5371 1.2463 1.0351 0.7631 0.5102 0.3265 0.1020 0.0000 0.2724 0.5982 0.8681 1.0820 1.2800 1.6620 1.9081 2.0183 1.9925 1.8308 1.5331 1.2089 0.8425 0.6914 0.5556 0.3951 0.2099 0.0000 0.0156 0.2500 0.4531 0.6250 0.8750 1.1875 1.4375 1.7350 2.0300 2.2425 2.3725 2.4200 2.3850 2.2675 2.0675 1.8250 1.4200 1.2225 0.9894 0.8300 0.7600 0.6700 0.7641 0.8586 0.8922 0.8651 0.8571 0.9184 0.9388 0.9184 0.8571 0.7551 0.6122 0.4286 0.2288 0.1111 0.1728 0.2099 0.2222 0.2099 0.1728 0.1111 0.0247 0.0000 0.0000 0.0000 0.0000 0.0000 0.0000 0.0000 0.0000 0.1389 0.4533 0.7422 0.9556 1.0933 1.1556 1.1422 1.0533 0.8889 0.7600 0.7500 0.7200 0.6700 0.6000 0.5100 0.6222 0.7422 0.7867 0.8056 0.8889 0.9792 1.1233 1.1806 1.1510 1.0347 0.8316 0.6250 0.6094 0.5625 0.6444 0.7050 0.7144 0.6725 0.7200 0.8100 0.9900 1.2100 1.3900 1.5300 1.6700 1.6900 1.7100 1.6900 1.6300 1.5300 1.3900 1.2100 0.9900 0.7600 0.6700 0.5600 0.4300 0.2800 0.1100 0.3056 0.7587 1.1250 1.4045 1.5972 1.7031 1.7222 1.6545 1.5000 1.2587 0.9306 0.5156 0.3750 0.2031 0.0778 0.5120 1.0565 1.5202 1.9031 2.2051 2.4263 2.5667 2.6263 2.6051 2.6931 2.6802 2.5665 2.3520 2.2000 2.1994 2.2325 2.1744 2.1344 2.1219
0.0000 0.0000 0.0000 0.0000 0.0000 0.0000 0.0000 0.0000 0.0000 0.0000 0.3456 0.9556 1.4300 1.7689 1.9722 2.0000 1.9722 1.7689 1.4700 1.1656 0.7456 0.7000 0.9600 1.1800 1.3600 1.5000 1.6000 1.6600 1.6800 1.6600 1.8930 2.0753 2.2066 2.2463 2.1332 1.8671 1.4482 1.0263 0.6522 0.3673 0.1837 0.0000 0.0000 0.1728 0.3580 0.6279 0.8418 1.2398 1.6219 1.8680 1.9781 1.9523 1.7906 1.6336 1.3719 1.0054 0.6543 0.5185 0.3580 0.1728 0.0000 0.0000 0.2344 0.4375 0.6094 0.9375 1.2600 1.5000 1.7275 2.0225 2.2350 2.3650 2.4125 2.3775 2.2600 2.0600 1.7775 1.4125 1.2306 0.9975 0.7600 0.6900 0.6000 0.7553 0.8498 0.8835 0.8563 0.9184 0.9796 1.0000 0.9796 0.9184 0.8163 0.6735 0.5886 0.4752 0.2963 0.3580 0.3951 0.4074 0.3951 0.3580 0.2963 0.2099 0.0988 0.0000 0.0000 0.0000 0.0000 0.0000 0.0000 0.0833 0.3733 0.7378 1.0267 1.2400 1.3778 1.4400 1.4267 1.3378 1.1733 0.9333 0.8400 0.8100 0.7600 0.6900 0.6000 0.5733 0.6933 0.7378 0.7067 0.7500 0.7778 0.8125 0.8698 0.8403 0.7240 0.5208 0.4531 0.4375 0.3906 0.5025 0.5755 0.5725 0.6400 0.7500 0.8400 1.0700 1.2900 1.4700 1.6100 1.7100 1.7700 1.7900 1.7700 1.7100 1.6100 1.4700 1.2900 1.0700 0.8100 0.7200 0.6100 0.4800 0.3300 0.1878 0.4427 0.8958 1.2622 1.5417 1.7344 1.8403 1.8594 1.7917 1.6372 1.3958 1.0677 0.6528 0.4844 0.3125 0.2194 0.4700 0.9737 1.4373 1.8202 2.1222 2.3435 2.4839 2.5435 2.5222 2.5802 2.5673 2.4537 2.2800 2.2300 2.1200 2.2156 2.2981 2.2581 2.1756
0.0000 0.0000 0.0000 0.0000 0.0000 0.0000 0.0000 0.0000 0.0000 0.0000 0.2222 0.8322 1.3067 1.6456 1.8489 1.9167 1.8489 1.6456 1.4167 1.1122 0.6522 0.6800 0.9400 1.1600 1.3400 1.4800 1.5800 1.6400 1.8245 2.0472 2.1578 2.5237 2.6959 2.6743 2.4591 2.0910 1.6721 1.1803 0.7156 0.3673 0.0000 0.0000 0.0000 0.1111 0.2963 0.4568 0.5926 1.0637 1.4457 1.6919 1.8489 1.9012 1.8489 1.6919 1.4301 1.0637 0.5926 0.4568 0.2963 0.1111 0.0000 0.0000 0.2275 0.5006 0.7225 1.1275 1.4500 1.6900 1.8475 2.0425 2.1850 2.2750 2.3225 2.2875 2.1700 1.9700 1.6875 1.3694 1.1875 0.9544 0.6700 0.6000 0.5304 0.6857 0.7802 0.8139 0.8367 0.9388 1.0000 1.0204 1.0000 0.9388 0.8367 0.8173 0.7695 0.6561 0.4772 0.5185 0.5556 0.5679 0.5556 0.5185 0.4568 0.3704 0.2593 0.1235 0.0000 0.0000 0.0000 0.0000 0.0000 0.2222 0.5822 0.9467 1.2356 1.4489 1.5867 1.6489 1.6356 1.5467 1.3822 1.1422 0.9100 0.8800 0.8300 0.7600 0.6700 0.5600 0.5689 0.6133 0.5822 0.5556 0.5833 0.5556 0.4722 0.4427 0.3264 0.2344 0.2747 0.3455 0.3703 0.5193 0.5922 0.7455 0.8228 0.8711 0.8747 1.1100 1.3300 1.5100 1.6500 1.7500 1.8100 1.8300 1.8100 1.7500 1.6500 1.5100 1.3300 1.1100 0.8500 0.7500 0.6400 0.5100 0.3600 0.1900 0.4931 0.9462 1.3125 1.5920 1.7847 1.8906 1.9097 1.8420 1.6875 1.4462 1.1181 0.7031 0.5625 0.3906 0.3475 0.5000 0.8100 1.2737 1.6565 1.9586 2.1798 2.3202 2.3798 2.3586 2.3665 2.3537 2.2400 2.2500 2.2000 2.1525 2.2169 2.2994 2.2594 2.1269
0.0000 0.0000 0.0000 0.0000 0.0000 0.0000 0.0000 0.0000 0.0000 0.0000 0.0833 0.5733 1.0478 1.3867 1.5900 1.6578 1.5900 1.3867 1.2078 0.9033 0.5633 0.6200 0.8800 1.1000 1.2800 1.4200 1.5200 1.8262 2.1609 2.3836 2.6778 2.8601 2.9914 2.9699 2.7547 2.3458 1.7432 1.2013 0.8466 0.4298 0.1837 0.0000 0.0000 0.0247 0.2099 0.3704 0.5462 1.0173 1.3837 1.6454 1.8025 1.8148 1.8025 1.6454 1.3837 1.0173 0.5462 0.3704 0.2099 0.0247 0.0100 0.1200 0.3194 0.5925 0.8300 1.2350 1.5575 1.7975 1.9550 2.0400 2.1825 2.2225 2.1600 2.1150 1.9975 1.7975 1.5150 1.2750 1.0931 0.8600 0.5756 0.4900 0.4000 0.5553 0.6498 0.6835 0.8163 0.9184 0.9796 1.0000 0.9796 0.9584 0.9151 0.9327 0.8849 0.7715 0.5926 0.6543 0.6914 0.7037 0.6914 0.6543 0.5926 0.5062 0.3951 0.2593 0.0988 0.0000 0.0000 0.0000 0.0000 0.3056 0.7156 1.0800 1.3689 1.5822 1.7300 1.7822 1.7689 1.6800 1.5156 1.2756 0.9600 0.9300 0.8800 0.8100 0.7200 0.6100 0.4800 0.4133 0.3822 0.3056 0.3333 0.3056 0.2222 0.0833 0.0000 0.0988 0.2255 0.2963 0.5074 0.7726 1.0018 1.1551 1.2324 1.2338 1.1693 1.2088 1.3300 1.5100 1.6500 1.7500 1.8100 1.8300 1.8100 1.7500 1.6500 1.5100 1.3300 1.1100 0.8500 0.7600 0.6500 0.5200 0.3700 0.2000 0.4666 0.9097 1.2760 1.5556 1.7483 1.8542 1.8733 1.8056 1.6510 1.4097 1.0816 0.7900 0.7194 0.5975 0.6144 0.6700 0.9800 1.2300 1.5220 1.7541 1.9353 2.0757 2.1353 2.1141 2.0520 2.0800 2.1500 2.1600 2.1100 2.2031 2.2050 2.1781 2.1381 1.9756
0.0000 0.0000 0.0000 0.0000 0.0000 0.0000 0.0000 0.0000 0.0000 0.0000 0.0000 0.1789 0.6533 0.9922 1.1956 1.2633 1.1956 0.9922 0.8433 0.5389 0.5100 0.6400 0.7800 1.0000 1.1800 1.3200 1.6037 2.0505 2.3852 2.7099 3.0450 3.2272 3.2565 3.1330 2.8565 2.4476 1.8450 1.2707 1.0281 0.7133 0.3265 0.1020 0.0000 0.0000 0.0988 0.2593 0.3951 0.8662 1.2326 1.4943 1.6514 1.7037 1.6514 1.4943 1.2326 0.8662 0.3951 0.2593 0.0988 0.0300 0.1600 0.2700 0.3600 0.6331 0.8550 1.2600 1.5825 1.8225 1.9800 2.0550 2.0775 2.1175 2.0550 1.8900 1.7425 1.5425 1.2600 1.1294 0.9475 0.7144 0.4300 0.3600 0.2700 0.3641 0.4586 0.6122 0.7551 0.8571 0.9584 1.1788 1.2784 1.2818 1.3250 1.2226 0.9747 0.8214 0.7037 0.7654 0.8025 0.8148 0.8025 0.7654 0.7037 0.6173 0.5062 0.3704 0.2099 0.0247 0.0000 0.0000 0.0278 0.3333 0.8133 1.2478 1.5867 1.8300 1.9778 2.0300 1.9867 1.8478 1.6133 1.3333 1.0178 0.9600 0.9100 0.8400 0.7500 0.6400 0.5100 0.3600 0.1900 0.0000 0.0278 0.0000 0.0000 0.0000 0.1235 0.3093 0.6729 1.0199 1.2310 1.4662 1.5754 1.5287 1.5660 1.5674 1.4929 1.5324 1.4760 1.4700 1.6100 1.7100 1.7700 1.7900 1.7823 1.7100 1.6100 1.4700 1.2900 1.0700 0.8400 0.7500 0.6400 0.5100 0.3600 0.2056 0.3333 0.7865 1.1528 1.4323 1.6250 1.7309 1.7500 1.6823 1.5278 1.2965 1.0783 0.9756 0.9050 0.7931 0.8100 0.7956 1.0900 1.3400 1.5300 1.6600 1.7300 1.7604 1.8100 1.8500 1.8500 1.9300 2.0000 2.0100 2.0694 2.1625 2.1644 2.0750 1.8944 1.7319
0.0000 0.0000 0.0000 0.0000 0.0000 0.0000 0.0000 0.0000 0.0000 0.0000 0.0000 0.0000 0.1233 0.4622 0.6656 0.7333 0.6656 0.4722 0.3233 0.3700 0.5200 0.6500 0.7600 0.8600 1.0400 1.2820 1.7159 2.1627 2.4974 2.9242 3.2593 3.4415 3.4708 3.3472 3.0708 2.6415 2.1793 1.5942 1.2395 0.9247 0.5379 0.2041 0.0000 0.0000 0.0000 0.1235 0.2593 0.6104 0.9768 1.2385 1.3956 1.4479 1.3956 1.2385 0.9768 0.6104 0.2593 0.1235 0.0100 0.1600 0.2900 0.4000 0.4900 0.6225 0.8444 1.2025 1.5250 1.7650 1.9225 1.9975 1.9900 1.9100 1.8475 1.6825 1.4150 1.2050 1.0631 0.9325 0.7506 0.5175 0.2800 0.2100 0.1200 0.1120 0.3265 0.5102 0.6531 0.7951 1.1363 1.3567 1.4563 1.5462 1.5894 1.4870 1.2391 0.8457 0.7901 0.8519 0.8889 0.9012 0.8889 0.8519 0.7901 0.7037 0.5926 0.4568 0.2963 0.1111 0.0000 0.0000 0.0100 0.4356 0.9656 1.4000 1.7389 1.9822 2.1300 2.1822 2.1389 2.0000 1.7656 1.4356 1.0100 0.9700 0.9200 0.8500 0.7600 0.6500 0.5200 0.3700 0.2000 0.0100 0.0000 0.0400 0.1100 0.2588 0.4893 0.9776 1.4505 1.7676 1.9287 2.0439 2.1131 2.0664 1.8637 1.8251 1.7505 1.7601 1.7036 1.5513 1.5547 1.7411 1.8628 1.9199 1.9122 1.8399 1.7028 1.5011 1.2347 0.9900 0.8100 0.7200 0.6100 0.4800 0.3300 0.1600 0.2344 0.5764 0.9427 1.2222 1.4149 1.5208 1.5399 1.4722 1.3477 1.2364 1.1294 1.1100 1.0394 0.9175 0.9344 0.8800 1.1400 1.3900 1.5800 1.7100 1.7800 1.7900 1.7400 1.7500 1.7500 1.7200 1.7900 1.8000 1.9375 2.0306 2.0325 1.9431 1.7625 1.5406
0.0000 0.0000 0.0000 0.0000 0.0000 0.0000 0.0000 0.0000 0.0000 0.0000 0.0000 0.0000 0.0400 0.0000 0.0000 0.0678 0.0000 0.0000 0.1900 0.3600 0.5100 0.6400 0.7500 0.8400 0.9100 1.2041 1.7161 2.1629 2.4976 2.9856 3.3207 3.5029 3.5322 3.4086 3.1822 2.8629 2.4107 1.8256 1.3788 1.0641 0.6773 0.2653 0.0000 0.0000 0.0000 0.0000 0.0988 0.2499 0.6163 0.8780 1.0351 1.0874 1.0351 0.8780 0.6163 0.2499 0.0988 0.0000 0.1200 0.2700 0.4000 0.5100 0.6000 0.6700 0.7825 1.0625 1.3850 1.6250 1.7825 1.8575 1.8500 1.7600 1.5875 1.3725 1.1050 0.9344 0.8150 0.6844 0.5025 0.2694 0.1100 0.0400 0.0000 0.0000 0.1837 0.3673 0.5102 0.8522 1.1935 1.4139 1.5135 1.6651 1.7082 1.6059 1.3580 1.0054 0.8519 0.9136 0.9506 0.9630 0.9506 0.9136 0.8519 0.7654 0.6543 0.5185 0.3580 0.1728 0.0000 0.0300 0.1600 0.4922 1.0222 1.4567 1.7956 2.0389 2.1867 2.2389 2.1956 2.0567 1.8222 1.4922 1.1500 0.9900 0.9100 0.8400 0.7600 0.6400 0.5100 0.3600 0.1900 0.0100 0.1200 0.2100 0.3047 0.5399 0.9704 1.5993 2.0723 2.3893 2.5504 2.5956 2.6148 2.4581 2.2454 2.0068 1.9323 1.8918 1.8354 1.7818 1.6446 1.8063 1.9280 1.9851 1.9774 1.9051 1.7680 1.5663 1.2999 0.9688 0.7600 0.6700 0.5600 0.4300 0.2800 0.1100 0.1875 0.3906 0.6458 0.9253 1.1181 1.2240 1.2431 1.1853 1.1808 1.1806 1.2125 1.1931 1.1225 1.0006 0.9875 0.9800 1.1300 1.3800 1.5700 1.7000 1.7700 1.7800 1.7300 1.6200 1.6100 1.5700 1.5200 1.5300 1.7144 1.8075 1.8094 1.7200 1.5394 1.4575
0.0000 0.0000 0.0000 0.0000 0.0000 0.0000 0.0000 0.0000 0.0000 0.0400 0.2400 0.3600 0.4000 0.3600 0.2400 0.0400 0.0000 0.0000 0.1600 0.3300 0.4900 0.6100 0.7200 0.8100 0.8800 1.1953 1.6842 2.0810 2.4061 2.8941 3.2292 3.4414 3.5207 3.4671 3.2807 2.9614 2.5092 1.9541 1.4461 1.1314 0.7446 0.2857 0.0204 0.0000 0.0000 0.0000 0.0000 0.0247 0.1511 0.4128 0.5699 0.6222 0.5699 0.4128 0.1511 0.0247 0.0000 0.0400 0.2100 0.3600 0.4900 0.6000 0.6900 0.7600 0.8100 0.8400 1.1625 1.4025 1.5600 1.6350 1.6275 1.5375 1.4050 1.3500 1.2731 1.0650 0.8756 0.6250 0.2431 0.0000 0.0000 0.0000 0.0000 0.0000 0.0000 0.1837 0.3265 0.7886 1.1298 1.3502 1.4498 1.6384 1.6816 1.5792 1.3314 1.1625 0.8889 0.9506 0.9877 1.0000 0.9877 0.9506 0.8889 0.8025 0.6914 0.5556 0.3951 0.2099 0.0100 0.1600 0.2900 0.4833 0.9833 1.4178 1.7567 2.0000 2.1478 2.2000 2.1567 2.0178 1.7833 1.4533 1.2900 1.2000 1.0500 1.0000 0.9200 0.8000 0.6400 0.4400 0.2300 0.1600 0.2700 0.3600 0.5411 0.7763 1.4566 2.0651 2.5381 2.8551 3.0162 3.0214 2.9906 2.8339 2.5012 2.1126 2.0381 1.9276 1.9946 1.9781 1.8409 1.8068 1.9285 1.9856 1.9779 1.9056 1.7685 1.5668 1.3004 1.0193 0.8135 0.6000 0.4900 0.3600 0.2100 0.0400 0.1094 0.3125 0.5000 0.6250 0.7344 0.8403 0.8594 0.9950 1.1294 1.2125 1.2444 1.2250 1.1544 1.0325 0.9694 1.0400 1.1800 1.3100 1.5000 1.6300 1.7000 1.7100 1.6600 1.5500 1.4300 1.3900 1.3100 1.2156 1.4000 1.4931 1.4950 1.4056 1.3450 1.3231
0.0000 0.0000 0.0000 0.0000 0.0000 0.0000 0.0000 0.0000 0.0400 0.3200 0.5200 0.6400 0.6800 0.6400 0.5200 0.3200 0.0800 0.1100 0.2700 0.4700 0.6300 0.7500 0.8300 0.8700 0.8904 1.1813 1.6702 2.0670 2.3717 2.8497 3.1948 3.4070 3.4863 3.4328 3.2463 2.9270 2.4748 1.9697 1.4617 1.1266 0.7398 0.2809 0.0000 0.0000 0.0000 0.0000 0.0000 0.0000 0.0000 0.0123 0.0000 0.0523 0.0000 0.0000 0.0000 0.0000 0.0000 0.1100 0.2800 0.4300 0.5600 0.6700 0.7600 0.8300 0.8800 0.9100 0.9825 1.1444 1.2550 1.3300 1.3225 1.3194 1.5050 1.5594 1.4825 1.2744 1.0150 0.7544 0.3825 0.0400 0.0000 0.0000 0.0000 0.0000 0.0000 0.0000 0.1420 0.6041 0.9453 1.1657 1.2777 1.4663 1.5094 1.4479 1.3837 1.2148 0.9412 0.9630 1.0000 1.0123 1.0000 0.9630 0.9012 0.8148 0.7037 0.5679 0.4074 0.2222 0.1323 0.2700 0.4000 0.5100 0.8489 1.2833 1.6222 1.8656 2.0133 2.0656 2.0222 1.8833 1.6589 1.5500 1.5200 1.4300 1.2800 1.1200 1.0400 0.9200 0.7600 0.5700 0.4800 0.4100 0.4100 0.5920 0.9369 1.2733 2.0417 2.6403 3.0520 3.2670 3.3261 3.3312 3.1905 3.0337 2.7011 2.1925 2.0679 2.0162 2.0703 2.0537 1.9165 1.7426 1.8643 1.9214 1.9137 1.8414 1.7043 1.5026 1.2362 1.0651 0.8593 0.6088 0.4000 0.2700 0.1200 0.1094 0.1875 0.4375 0.6250 0.7500 0.8125 0.8125 0.7900 0.9756 1.1100 1.1931 1.2250 1.2056 1.1350 1.0131 0.8800 1.0600 1.2000 1.3000 1.3700 1.5000 1.5700 1.6004 1.5300 1.4200 1.2500 1.1700 1.0900 0.9700 1.0444 1.0875 1.0894 1.1323 1.0894 1.1375
0.0000 0.0000 0.0000 0.0000 0.0000 0.0000 0.0000 0.0000 0.2400 0.5200 0.7200 0.8400 0.8800 0.8400 0.7300 0.6400 0.4500 0.2800 0.3700 0.5700 0.7300 0.8500 0.9300 0.9700 0.9700 1.1953 1.5742 1.9610 2.2657 2.6824 3.0275 3.2397 3.3191 3.2655 3.0791 2.7597 2.3075 1.8724 1.3645 1.0497 0.6629 0.2041 0.0000 0.0000 0.0000 0.0247 0.1111 0.1728 0.2099 0.2222 0.2099 0.1728 0.1111 0.0247 0.0000 0.0000 0.0000 0.1600 0.3300 0.4800 0.6100 0.7200 0.8100 0.8800 0.9300 0.9600 0.9700 1.0225 1.1331 1.1925 1.2006 1.3975 1.5831 1.6375 1.5606 1.3525 1.0431 0.7825 0.5200 0.2400 0.0000 0.0000 0.0000 0.0000 0.0000 0.0000 0.0000 0.3600 0.6400 0.8604 0.9600 1.2099 1.3551 1.3956 1.3314 1.1625 0.8889 0.9506 0.9877 1.0000 0.9877 0.9506 0.8889 0.8025 0.6914 0.5556 0.3951 0.2499 0.2100 0.3600 0.4900 0.6000 0.7300 1.0533 1.3922 1.6356 1.7833 1.8356 1.7922 1.6833 1.6900 1.7200 1.6900 1.6000 1.4500 1.2400 1.1200 1.0000 0.8400 0.7600 0.6700 0.6700 0.8937 1.0665 1.4684 1.7949 2.6101 3.2087 3.5904 3.7554 3.7037 3.4852 3.3344 3.0577 2.7250 2.2164 2.0465 2.0812 2.0253 2.0087 1.8715 1.6137 1.7354 1.7925 1.7848 1.7125 1.5754 1.3737 1.2273 1.0662 0.8604 0.6099 0.3147 0.2225 0.2131 0.3125 0.3906 0.5000 0.6875 0.8125 0.8750 0.8750 0.9225 0.9675 1.0394 1.1225 1.1544 1.1350 1.0644 0.9425 0.9100 1.0400 1.1800 1.2800 1.4420 1.5641 1.6453 1.6757 1.6053 1.4341 1.1620 0.9100 0.8300 0.7347 0.8486 0.9635 1.0424 1.0453 1.0224 1.0735
0.0000 0.0000 0.0000 0.0000 0.0000 0.0000 0.0000 0.0000 0.3600 0.6400 0.8400 0.9600 1.0000 0.9900 1.0000 0.9100 0.7200 0.4300 0.4800 0.6300 0.7900 0.9100 0.9900 1.0300 1.0300 1.1941 1.5261 1.7929 2.0676 2.3823 2.7274 2.9396 3.0189 2.9654 2.7789 2.4596 2.0574 1.6623 1.2156 0.9008 0.5140 0.1020 0.0000 0.0000 0.0988 0.2099 0.2963 0.3580 0.3951 0.4074 0.3951 0.3580 0.2963 0.2099 0.0988 0.0000 0.0000 0.1900 0.3600 0.5100 0.6400 0.7500 0.8400 0.9100 0.9600 0.9900 1.0000 0.9900 0.9600 1.0194 1.0275 1.3648 1.5300 1.5844 1.5075 1.2994 0.9600 0.8400 0.6400 0.3600 0.0000 0.0000 0.0000 0.0000 0.0000 0.0000 0.0000 0.2400 0.5200 0.7200 0.8400 1.0528 1.1980 1.2385 1.1743 1.0054 0.8519 0.9136 0.9506 0.9630 0.9506 0.9136 0.8519 0.7654 0.6543 0.5185 0.3580 0.2828 0.2800 0.4300 0.5600 0.6700 0.7600 0.9500 1.1500 1.3100 1.4578 1.5100 1.5804 1.7100 1.8000 1.8300 1.8000 1.7100 1.5600 1.3500 1.1600 1.0400 0.9200 0.8900 0.8600 1.1937 1.4673 1.6525 1.9345 2.2665 2.9618 3.5603 3.9421 4.1071 4.0553 3.7868 3.3423 3.0256 2.5730 2.1844 2.0509 2.0456 1.9797 1.8431 1.7059 1.4481 1.5419 1.5989 1.5912 1.5189 1.3819 1.3001 1.1837 1.0226 0.8168 0.5663 0.3336 0.2644 0.3750 0.4844 0.5625 0.6094 0.6875 0.8125 0.8750 0.8750 0.9725 1.0175 0.9800 1.0006 1.0325 1.0131 0.9425 0.9300 0.9600 0.9800 1.1200 1.4037 1.6065 1.7286 1.7698 1.7302 1.6098 1.4086 1.1365 0.7937 0.6588 0.6999 0.8057 0.9605 1.0394 1.0424 1.1294 1.1705
0.0000 0.0000 0.0000 0.0000 0.0000 0.0000 0.0000 0.0400 0.4000 0.6800 0.8800 1.0000 1.0500 1.1600 1.1700 1.0800 0.8900 0.6000 0.6100 0.6500 0.8100 0.9300 1.0100 1.0500 1.0500 1.1120 1.3659 1.6327 1.7874 1.9901 2.2944 2.5066 2.5859 2.5323 2.3459 2.0266 1.7344 1.3393 0.9946 0.6798 0.2930 0.0000 0.0000 0.1235 0.2593 0.3704 0.4568 0.5185 0.5556 0.5679 0.5556 0.5185 0.4568 0.3704 0.2593 0.1235 0.0100 0.2000 0.3700 0.5200 0.6500 0.7600 0.8500 0.9200 0.9700 1.0000 1.0100 1.0000 1.0720 1.1241 1.1553 1.4457 1.6109 1.6041 1.4720 1.2000 1.0100 0.8800 0.6800 0.4000 0.0400 0.0000 0.0000 0.0000 0.0000 0.0000 0.0000 0.0400 0.3200 0.5200 0.6400 0.7911 0.9363 0.9768 0.9126 0.7437 0.7901 0.8519 0.8889 0.9012 0.8889 0.8519 0.7901 0.7037 0.5926 0.4568 0.2963 0.2711 0.3300 0.4800 0.6100 0.7200 0.8100 0.8900 1.0900 1.3520 1.5741 1.7153 1.8957 2.0253 2.0541 1.9820 1.8500 1.7600 1.6100 1.4000 1.1600 1.0400 0.9900 0.9900 1.2920 1.6665 1.9402 2.1131 2.3950 2.6014 3.0967 3.6952 4.0769 4.2420 4.1902 3.9217 3.4364 2.8977 2.4050 2.1064 1.9847 1.9094 1.8434 1.6769 1.4197 1.1619 1.2836 1.3406 1.3330 1.3106 1.2836 1.2119 1.0954 0.9343 0.7285 0.4780 0.3860 0.3750 0.5156 0.6250 0.7031 0.7500 0.7656 0.7500 0.8125 0.8125 0.9400 0.9850 0.9475 0.8275 0.8594 0.8400 0.9100 0.9600 0.9900 1.0000 1.2037 1.4873 1.6902 1.8122 1.8535 1.8239 1.6935 1.4922 1.2102 0.9708 0.8729 0.7304 0.7268 0.8816 0.9606 1.0835 1.1806 1.2216
0.0000 0.0000 0.0000 0.0000 0.0000 0.0000 0.0000 0.0000 0.3600 0.6400 0.8400 0.9600 1.1200 1.2300 1.2400 1.1500 0.9600 0.6700 0.7200 0.7500 0.7900 0.9100 0.9900 1.0300 1.0300 0.9900 1.0937 1.3605 1.5152 1.6079 1.7285 1.9407 2.0200 1.9664 1.7800 1.5807 1.2985 0.9442 0.7015 0.3868 0.0000 0.0000 0.0988 0.2593 0.3951 0.5062 0.5926 0.6543 0.6914 0.7037 0.6914 0.6543 0.5926 0.5062 0.3951 0.2593 0.0988 0.1900 0.3600 0.5100 0.6400 0.7500 0.8400 0.9100 0.9600 0.9900 1.0000 1.1737 1.2865 1.3386 1.3298 1.6202 1.7698 1.7786 1.6465 1.3737 0.9600 0.8400 0.6400 0.3600 0.0000 0.0000 0.0000 0.0000 0.0000 0.0000 0.0000 0.0000 0.0400 0.2400 0.3600 0.4247 0.5699 0.6104 0.5462 0.6173 0.7037 0.7654 0.8025 0.8148 0.8025 0.7654 0.7037 0.6173 0.5062 0.3704 0.2099 0.2147 0.3600 0.5100 0.6400 0.7500 0.8400 0.9100 1.1737 1.4765 1.6986 1.8798 2.1102 2.2398 2.2686 2.1965 2.0237 1.7500 1.6000 1.3900 1.1200 1.0000 1.0100 1.2500 1.6641 2.0386 2.3122 2.4851 2.7300 2.8864 3.2548 3.6133 3.9951 4.1601 4.1083 3.8398 3.3545 2.7137 2.3411 2.0725 1.9478 1.7525 1.6366 1.4400 1.1728 0.8889 0.9906 1.0977 1.1600 1.1777 1.1506 1.0789 0.9625 0.8014 0.5956 0.5044 0.5224 0.4844 0.6250 0.7344 0.8125 0.8594 0.8750 0.8594 0.8125 0.7444 0.8250 0.8700 0.8325 0.7594 0.7600 0.8500 0.9200 0.9700 1.0000 1.1120 1.3265 1.5302 1.8031 2.0151 2.0463 2.0167 1.8863 1.6551 1.4218 1.1495 1.0016 0.8182 0.7126 0.7268 0.9257 1.0787 1.1757 1.2168
0.0000 0.0000 0.0000 0.0000 0.0000 0.0000 0.0000 0.0000 0.2400 0.5200 0.7200 0.8800 1.0900 1.2000 1.2100 1.1200 0.9300 0.7600 0.8100 0.8556 0.8500 0.8500 0.9300 0.9700 0.9700 0.9300 0.8500 0.9762 1.1709 1.1736 1.2542 1.2827 1.3212 1.2677 1.2012 1.0319 0.7497 0.5791 0.3364 0.0625 0.0000 0.0247 0.2099 0.3704 0.5062 0.6173 0.7037 0.7654 0.8025 0.8148 0.8025 0.7654 0.7037 0.6173 0.5062 0.3704 0.2099 0.1847 0.3300 0.4800 0.6100 0.7200 0.8100 0.8800 0.9300 0.9600 1.1537 1.3273 1.4402 1.4922 1.4835 1.6539 1.8035 1.8122 1.6802 1.4073 1.0237 0.7200 0.5200 0.2400 0.0000 0.0000 0.0000 0.0000 0.0000 0.0000 0.0000 0.0000 0.0000 0.0000 0.0000 0.0400 0.0988 0.2593 0.3951 0.5062 0.5926 0.6543 0.6914 0.7037 0.6914 0.6543 0.5926 0.5062 0.3951 0.2593 0.1088 0.2000 0.3700 0.5200 0.6500 0.7600 0.8500 1.1037 1.3373 1.5202 1.7422 1.9935 2.2239 2.3535 2.3822 2.3102 2.1373 1.8637 1.5300 1.3200 1.0500 0.9200 1.1900 1.4600 1.9353 2.3098 2.5835 2.7563 2.9395 3.0959 3.3162 3.6347 3.8164 3.8614 3.8097 3.5412 3.1759 2.6739 2.3412 1.9750 1.8503 1.6250 1.5091 1.3125 1.0353 0.9012 0.9630 1.0000 1.0123 1.0000 0.9730 0.9012 0.8148 0.7037 0.5679 0.5949 0.6128 0.5748 0.7031 0.8125 0.8906 0.9375 0.9531 0.9375 0.8906 0.8125 0.8931 0.9225 0.9006 0.8275 0.7500 0.8400 0.9100 0.9600 0.9900 1.2141 1.5786 2.0222 2.3051 2.4671 2.4984 2.3888 2.0184 1.7996 1.6250 1.3526 1.1647 0.8714 0.7037 0.7654 0.8650 1.0179 1.1150 1.1561
0.0000 0.0000 0.0000 0.0000 0.0000 0.0000 0.0000 0.0000 0.0400 0.3200 0.5200 0.7500 0.9600 1.0700 1.0800 0.9900 0.9094 1.0175 1.1144 1.1600 1.1544 1.0975 0.9894 0.8700 0.8700 0.8700 0.9900 0.9900 1.0345 1.0372 0.9278 0.7563 0.7028 0.6572 0.5395 0.4110 0.3125 0.2031 0.0625 0.0000 0.0000 0.1111 0.2963 0.4568 0.5926 0.7037 0.7901 0.8519 0.8889 0.9012 0.8889 0.8519 0.8105 0.7037 0.5926 0.4568 0.2963 0.2611 0.2800 0.4300 0.5600 0.6700 0.7600 0.8300 0.8800 1.0120 1.2465 1.4202 1.5331 1.5851 1.5763 1.5467 1.7363 1.7051 1.5731 1.3002 0.9665 0.6220 0.3200 0.0400 0.0000 0.0000 0.0000 0.0000 0.0000 0.0000 0.0000 0.0000 0.0000 0.0000 0.0000 0.0000 0.0000 0.1235 0.2593 0.3704 0.4568 0.5185 0.5556 0.5679 0.5556 0.5185 0.4568 0.3704 0.2593 0.1235 0.0000 0.1900 0.3600 0.5100 0.6400 0.7500 0.9420 1.2365 1.4702 1.6431 1.7551 2.0063 2.2367 2.3663 2.3951 2.3231 2.1502 1.8765 1.5020 1.1900 0.9700 1.0100 1.3400 1.6304 2.1057 2.4802 2.7539 2.9267 3.0235 3.1799 3.2408 3.5493 3.7411 3.7861 3.6943 3.4658 3.1005 2.5985 2.2454 1.8168 1.6522 1.4269 1.3009 1.1044 0.8272 0.8889 0.9506 0.9877 1.0000 0.9877 0.9506 0.8889 0.8025 0.6914 0.5556 0.6294 0.6474 0.6094 0.7500 0.8594 0.9375 1.0000 1.0000 0.9844 0.9375 0.8594 0.9100 0.9394 0.9175 0.8444 0.7200 0.8100 0.8800 0.9300 0.9900 1.4353 2.0398 2.4835 2.8063 3.1284 3.2929 3.2722 2.9551 2.4628 2.0482 1.7125 1.4357 1.1290 0.8201 0.8519 0.8889 0.9012 0.9983 1.0394
0.0000 0.0000 0.0000 0.0000 0.0000 0.0000 0.0000 0.0000 0.0000 0.0400 0.2400 0.5200 0.7300 0.8400 0.9125 0.9631 1.1225 1.2706 1.3675 1.4131 1.4075 1.3506 1.2425 1.0831 0.9125 1.0400 1.1300 1.1300 1.0100 0.8000 0.6294 0.5279 0.2744 0.2500 0.2344 0.1875 0.1094 0.0000 0.0000 0.0000 0.0000 0.1728 0.3580 0.5185 0.6543 0.7654 0.8519 0.9136 0.9506 1.0650 1.1547 1.1789 1.1376 1.0307 0.8984 0.8606 0.7180 0.6128 0.5700 0.6000 0.5300 0.6000 0.6900 0.7600 0.8100 1.0441 1.2786 1.4522 1.5651 1.6571 1.8484 1.8988 1.8484 1.8171 1.5651 1.0922 0.7886 0.4441 0.0400 0.0000 0.0000 0.0000 0.0000 0.0000 0.0000 0.0000 0.0000 0.0000 0.0000 0.0000 0.0000 0.0000 0.0000 0.0000 0.0988 0.2099 0.2963 0.3580 0.3951 0.4074 0.3951 0.3580 0.2963 0.2099 0.0988 0.0000 0.0000 0.1600 0.3300 0.4900 0.6100 0.7200 1.0141 1.3086 1.5422 1.7151 1.8271 2.0684 2.2288 2.3084 2.3071 2.2351 2.0622 1.8186 1.4941 1.1500 1.0000 1.1000 1.4300 1.7000 2.1753 2.5498 2.8235 2.9963 3.0684 3.1384 3.1693 3.3472 3.5289 3.5739 3.4822 3.2537 2.8884 2.3864 2.0537 1.6251 1.3534 1.1281 1.0122 0.8156 0.7654 0.8519 0.9136 0.9506 0.9630 0.9506 0.9136 0.8519 0.7654 0.6543 0.5341 0.6080 0.6260 0.6250 0.8750 1.0625 1.1875 1.2500 1.2500 1.1875 1.0625 0.8750 0.8756 0.9150 0.8831 0.8100 0.6856 0.7600 0.8300 0.8900 1.0904 1.7357 2.3402 2.8239 3.3867 3.8477 4.1233 4.0822 3.7856 3.3449 2.7403 2.2146 1.8979 1.4800 1.0323 0.9236 0.9506 0.9630 0.9506 0.9136
0.0000 0.0000 0.0000 0.0000 0.0000 0.0000 0.0000 0.0000 0.0000 0.0000 0.0000 0.1900 0.4000 0.5725 0.8744 1.1250 1.3244 1.4725 1.5694 1.6150 1.6094 1.5525 1.4444 1.2850 1.3544 1.3325 1.3600 1.3500 1.2400 1.0300 0.7200 0.5200 0.2400 0.0156 0.0000 0.0156 0.0000 0.0000 0.0000 0.0000 0.0000 0.2099 0.3951 0.5556 0.6914 0.8025 0.8889 0.9506 1.1713 1.3265 1.4162 1.4404 1.3991 1.3323 1.4399 1.4021 1.2187 0.8899 0.7600 0.7900 0.7200 0.5500 0.6000 0.6700 0.7200 1.0153 1.2498 1.4235 1.5763 1.9084 2.0996 2.1656 2.0596 1.8284 1.4563 1.0335 0.5298 0.2653 0.0000 0.0000 0.0000 0.0000 0.0000 0.0000 0.0000 0.0000 0.0000 0.0000 0.0000 0.0000 0.0000 0.0000 0.0000 0.0000 0.0000 0.0247 0.1111 0.1728 0.2099 0.2222 0.2099 0.1728 0.1111 0.0247 0.0000 0.0400 0.1100 0.2700 0.4700 0.6423 0.7500 0.8300 1.1353 1.3598 1.5535 1.7263 1.8484 2.0896 2.2500 2.3296 2.3284 2.2463 2.0835 1.8398 1.5153 1.1100 1.0100 1.1600 1.4600 1.7300 2.1441 2.5186 2.7922 2.9651 3.0371 3.0084 3.0022 3.1076 3.1800 3.2250 3.1333 2.9048 2.5395 2.0987 1.7660 1.3374 0.9540 0.7587 0.6427 0.6026 0.7037 0.7901 0.8519 0.8889 0.9012 0.8889 0.8519 0.7901 0.7037 0.5926 0.4568 0.5307 0.6111 0.8125 1.0625 1.2500 1.3750 1.4375 1.4375 1.4150 1.3600 1.2225 1.0425 1.0194 0.9875 0.8844 0.7100 0.7300 0.7600 0.9300 1.1100 1.8753 2.4798 3.1635 3.8097 4.3817 4.6574 4.6367 4.3196 3.9160 3.1914 2.7357 2.2189 1.8011 1.2422 1.0706 0.9877 1.0000 0.9877 0.9506
0.0000 0.0000 0.0000 0.0000 0.0000 0.0000 0.0000 0.0000 0.0000 0.0000 0.0100 0.2000 0.3700 0.7231 1.0250 1.2756 1.4750 1.6231 1.7200 1.7656 1.7600 1.7431 1.8350 1.7956 1.9850 1.9631 1.7300 1.5200 1.3700 1.1600 0.8500 0.6400 0.4694 0.1875 0.2344 0.2500 0.2344 0.1875 0.1094 0.0000 0.0123 0.2222 0.4074 0.5679 0.7037 0.8148 0.9012 1.1466 1.3673 1.5225 1.6122 1.6364 1.5951 1.7383 1.8359 1.7981 1.6148 1.2859 0.8623 0.8800 0.8100 0.6400 0.4900 0.5600 0.6304 0.9257 1.1602 1.3339 1.7961 2.2063 2.4444 2.4900 2.4044 2.1263 1.6761 1.2139 0.7502 0.2857 0.0204 0.0000 0.0000 0.0000 0.0000 0.0000 0.0000 0.0000 0.0000 0.0000 0.0000 0.0000 0.0000 0.0000 0.0000 0.0000 0.0000 0.0000 0.0000 0.0000 0.0000 0.0123 0.0000 0.0000 0.0000 0.0100 0.1200 0.2347 0.3911 0.5428 0.7799 0.9522 1.0599 1.1232 1.3668 1.5049 1.6239 1.6867 1.7888 2.0300 2.1904 2.2700 2.2688 2.1867 2.0239 1.7802 1.4557 1.0504 1.0000 1.1800 1.4300 1.7000 2.0120 2.3865 2.6602 2.8331 2.9051 2.8763 2.7467 2.8251 2.8350 2.7394 2.6476 2.4191 2.0538 1.7151 1.3824 0.9938 0.5639 0.4686 0.5604 0.7062 0.8073 0.8637 0.8754 0.8425 0.8148 0.8025 0.7654 0.7037 0.6173 0.5062 0.3704 0.4599 0.6497 0.9375 1.1875 1.3750 1.5000 1.5725 1.6825 1.7100 1.6550 1.5175 1.2975 1.1150 1.0206 0.9175 0.7900 0.8100 0.8300 0.9400 1.1500 1.8541 2.4586 3.2622 4.0473 4.6194 4.8950 4.8743 4.5696 4.1660 3.4914 3.0357 2.3989 1.9811 1.4835 1.1730 1.0400 1.0123 1.0000 0.9630
0.0000 0.0000 0.0000 0.0000 0.0000 0.0000 0.0000 0.0000 0.0000 0.0000 0.0000 0.1900 0.4694 0.8225 1.1244 1.3750 1.5744 1.7225 1.8194 1.8650 1.8994 2.1225 2.2144 2.2150 2.4044 2.3825 2.1494 1.8300 1.4400 1.1900 0.9425 0.8831 0.7125 0.4306 0.4375 0.4531 0.4375 0.3906 0.3125 0.2031 0.0625 0.2099 0.3951 0.5556 0.6914 0.8025 0.9909 1.2771 1.4979 1.6931 1.8528 1.9269 1.9156 2.1788 2.2765 2.2086 1.9753 1.5764 1.0620 0.8700 0.8000 0.6300 0.3600 0.4300 0.4800 0.7753 1.0723 1.3866 1.9688 2.3790 2.6171 2.6831 2.5771 2.2990 1.9688 1.5166 0.9123 0.2653 0.0000 0.0000 0.0000 0.0000 0.0000 0.0000 0.0000 0.0000 0.0000 0.0000 0.0000 0.0000 0.0000 0.0000 0.0000 0.0000 0.0000 0.0000 0.0000 0.0000 0.0000 0.0000 0.0000 0.0000 0.0300 0.1600 0.3688 0.5699 0.7263 0.8380 1.0251 1.1974 1.3051 1.3480 1.5916 1.7297 1.7622 1.7263 1.7084 1.8896 2.0500 2.1296 2.1284 2.0463 1.8835 1.6398 1.3153 0.9600 0.9800 1.1600 1.3400 1.6100 1.8200 2.1537 2.4273 2.6002 2.6722 2.6435 2.5439 2.5235 2.4469 2.3513 2.1502 1.8640 1.4722 1.2455 1.0228 0.7311 0.3547 0.4288 0.6193 0.7651 0.8662 0.9226 0.9343 0.9014 0.8237 0.7014 0.6543 0.5926 0.5062 0.3951 0.2593 0.4236 0.6875 1.0000 1.2500 1.4375 1.5925 1.7850 1.8950 1.9225 1.8675 1.7300 1.5100 1.2175 0.9825 0.8794 0.8300 0.8500 0.9400 1.0500 1.1000 1.6720 2.3165 3.1202 3.9886 4.5607 4.8363 4.8156 4.4985 4.0950 3.5303 3.1146 2.4779 2.0201 1.6244 1.2306 1.0977 1.0000 0.9877 0.9506
0.0000 0.0000 0.0000 0.0000 0.0000 0.0000 0.0000 0.0000 0.0000 0.0000 0.0000 0.1600 0.5175 0.8706 1.1725 1.4231 1.6225 1.7706 1.8675 1.9131 2.1475 2.3706 2.4625 2.4231 2.6125 2.5906 2.3575 1.9600 1.5700 1.1825 1.0744 1.0150 0.8444 0.5625 0.6094 0.6250 0.6094 0.5625 0.4844 0.3750 0.2344 0.2353 0.3580 0.5185 0.6543 0.7654 1.0559 1.3522 1.6829 1.9281 2.0878 2.1619 2.1906 2.4538 2.5515 2.4836 2.2503 1.8514 1.3241 0.8900 0.6900 0.5200 0.2500 0.2800 0.3300 0.6266 1.0329 1.3872 1.9695 2.3796 2.6177 2.6838 2.5377 2.4196 2.1195 1.6672 1.0834 0.3066 0.0000 0.0000 0.0000 0.0000 0.0000 0.0000 0.0000 0.0000 0.0000 0.0000 0.0000 0.0000 0.0000 0.0000 0.0000 0.0000 0.0000 0.0000 0.0000 0.0000 0.0000 0.0000 0.0000 0.0100 0.1600 0.4135 0.6593 0.8604 1.0168 1.1285 1.2056 1.3779 1.4856 1.5285 1.7109 1.8489 1.8815 1.8086 1.6671 1.6940 1.8288 1.9084 1.9071 1.8251 1.6622 1.4186 1.0941 0.9100 0.9200 1.1000 1.2400 1.4600 1.6700 1.8200 2.0937 2.2665 2.3386 2.3098 2.2602 2.2398 2.2406 2.1606 1.9590 1.6357 1.4577 1.2741 1.0020 0.6700 0.4300 0.4800 0.6335 0.7793 0.8804 0.9368 0.9485 0.9156 0.8379 0.7156 0.5485 0.4815 0.4815 0.4321 0.4427 0.5347 0.8974 1.1728 1.3611 1.4722 1.7225 1.9150 2.0250 2.0525 1.9975 1.8600 1.6400 1.3375 0.9825 0.7700 0.8300 0.8500 0.9900 1.1000 1.1500 1.3800 1.9337 2.7651 3.6335 4.2056 4.4812 4.4605 4.1435 3.8229 3.3882 2.9725 2.3358 1.9588 1.6652 1.2714 1.1206 0.9630 0.9506 0.9136
0.0000 0.0000 0.0000 0.0000 0.0000 0.0000 0.0000 0.0000 0.0000 0.0000 0.0000 0.1100 0.5144 0.8675 1.1694 1.4200 1.6194 1.7675 1.8644 1.9100 2.2644 2.4875 2.5794 2.5400 2.6094 2.5875 2.3544 1.9100 1.5200 1.1531 1.0950 1.0356 0.8650 0.7031 0.7500 0.7656 0.7500 0.7031 0.6250 0.5156 0.3750 0.3142 0.2963 0.4568 0.5926 0.7037 1.0854 1.5016 1.8324 2.0776 2.2373 2.3114 2.3001 2.5633 2.6610 2.5931 2.3598 1.9609 1.4953 1.0000 0.6700 0.3600 0.0400 0.1100 0.1600 0.4952 0.9015 1.2158 1.7981 2.2082 2.4463 2.5624 2.5663 2.5203 2.3221 1.9311 1.3472 0.5705 0.2041 0.1020 0.0000 0.0000 0.0000 0.0000 0.0000 0.0000 0.0000 0.0000 0.0000 0.0000 0.0000 0.0000 0.0000 0.0000 0.0000 0.0000 0.0000 0.0123 0.0000 0.0000 0.0000 0.1200 0.3688 0.6593 0.9051 1.1062 1.2626 1.3743 1.4414 1.4937 1.6014 1.6443 1.7246 1.8627 2.0046 2.0098 1.8782 1.7363 1.7611 1.7938 1.7145 1.5231 1.3602 1.1165 0.9120 0.8400 0.8500 1.0000 1.1400 1.2500 1.4600 1.6100 1.7000 1.8320 1.9041 1.8753 1.8957 2.0590 2.1006 2.0206 1.8598 1.7302 1.6598 1.4886 1.2165 0.8437 0.5600 0.6100 0.6400 0.7488 0.8499 0.9063 0.9180 0.8851 0.8074 0.6851 0.6168 0.5162 0.5062 0.4568 0.5826 0.7980 1.0201 1.2955 1.4838 1.7049 1.8688 1.9625 2.0725 2.1000 2.0450 1.9075 1.6875 1.3850 1.0000 0.7300 0.7900 0.8100 0.9800 1.0900 1.1400 1.1700 1.4300 2.1137 2.9821 3.5541 3.8298 3.8091 3.6120 3.2597 3.0250 2.6094 2.1326 2.0093 1.7657 1.4019 1.2789 1.0912 1.0489 0.9619
0.0000 0.0000 0.0000 0.0000 0.0000 0.0000 0.0000 0.0000 0.0000 0.0000 0.0000 0.0556 0.4600 0.8131 1.1150 1.3656 1.5650 1.7131 1.8100 1.8956 2.2500 2.4731 2.5650 2.5256 2.3950 2.3731 2.1400 1.6956 1.3994 1.0325 1.0044 0.9450 0.7744 0.8125 0.8594 0.8750 0.8594 0.8125 0.7344 0.6250 0.4844 0.3372 0.3193 0.3704 0.5062 0.6477 1.1494 1.5656 1.8963 2.1415 2.3012 2.3754 2.3641 2.5073 2.6049 2.5371 2.3038 1.9049 1.5257 1.0304 0.6800 0.2500 0.0000 0.0000 0.1094 0.3125 0.6780 0.9923 1.4846 1.9447 2.2628 2.4089 2.5965 2.5913 2.3932 2.0021 1.4183 0.8023 0.5379 0.3265 0.1837 0.0000 0.0000 0.0000 0.0000 0.0000 0.0000 0.0000 0.0000 0.0000 0.0000 0.0000 0.0000 0.0247 0.1111 0.1728 0.2099 0.2222 0.2099 0.1728 0.1511 0.2594 0.5699 0.8604 1.1062 1.3073 1.4637 1.5754 1.6425 1.6648 1.6525 1.6954 1.7362 1.9741 2.1160 2.1212 1.9896 1.7213 1.6214 1.6141 1.5347 1.3433 1.0398 0.8637 0.7200 0.7500 0.7600 0.8600 1.0000 1.1000 1.1900 1.3400 1.4300 1.4600 1.4300 1.3900 1.6341 1.7973 1.9002 1.9222 1.8635 1.8439 1.7735 1.6022 1.3302 1.0773 0.8537 0.7200 0.7500 0.8000 0.7747 0.8311 0.8428 0.8099 0.7322 0.7333 0.7021 0.6015 0.4815 0.5185 0.7899 1.0054 1.1649 1.3310 1.5593 1.8304 1.9943 2.0510 2.0375 2.0650 2.0100 1.8725 1.6525 1.3500 1.0744 0.8100 0.7600 0.7400 0.9100 1.0200 1.0700 1.0600 1.0300 1.2900 2.0343 2.6063 2.9320 3.0113 2.8342 2.6354 2.4508 2.1859 2.1428 2.0195 1.7759 1.4954 1.3725 1.1848 1.1325 1.0454
0.0000 0.0000 0.0000 0.0000 0.0000 0.0000 0.0000 0.0000 0.0000 0.0000 0.0000 0.0000 0.3544 0.7075 1.0094 1.2600 1.4594 1.6075 1.7044 1.7500 2.1044 2.3275 2.4194 2.3800 2.2094 1.9475 1.7144 1.2700 1.0675 0.7506 0.8025 0.7431 0.8125 0.8906 0.9375 0.9531 0.9375 0.8906 0.8125 0.7031 0.5625 0.3906 0.2863 0.2593 0.3951 0.6262 1.1279 1.5441 1.8748 2.1200 2.2797 2.3539 2.3426 2.2858 2.3834 2.3156 2.0822 1.7698 1.4153 0.9200 0.5900 0.1600 0.0000 0.0000 0.1875 0.3906 0.6025 0.9968 1.3390 1.8292 2.1473 2.4770 2.6346 2.5794 2.3113 1.8803 1.2964 1.0641 0.7997 0.5102 0.3673 0.1837 0.0000 0.0000 0.0000 0.0000 0.0000 0.0000 0.0000 0.0000 0.0000 0.0000 0.0988 0.2099 0.2963 0.3580 0.3951 0.4074 0.4351 0.3580 0.4063 0.6010 0.8251 1.0168 1.2626 1.4637 1.6201 1.7319 1.7989 1.8212 1.7989 1.7944 1.8945 1.9487 2.0906 2.0958 1.9642 1.6959 1.3996 1.3623 1.3529 1.2615 1.0980 0.8225 0.8000 0.8000 0.7600 0.7200 0.8200 0.9200 0.9900 1.0100 1.1000 1.1300 1.1000 1.2720 1.5365 1.7202 1.8231 1.8451 1.8263 1.8567 1.7863 1.6151 1.4631 1.2402 1.1265 1.1520 1.2000 1.2500 1.2000 1.0500 0.8000 0.6900 0.7111 0.7493 0.7551 0.7162 0.6326 0.6699 0.9414 1.1568 1.3164 1.4199 1.5776 1.8487 2.0126 2.0536 2.0188 1.9475 1.8925 1.7550 1.5350 1.3731 1.1600 0.8956 0.8300 0.7600 0.8600 0.9200 0.9400 0.9300 0.8600 0.8400 1.0333 1.5733 1.8778 2.0871 2.1000 2.0078 1.9588 2.0359 2.0328 1.9095 1.6659 1.5243 1.4014 1.2137 1.1714 1.0843
0.0000 0.0000 0.0000 0.0000 0.0000 0.0000 0.0000 0.0000 0.0000 0.0000 0.0000 0.0000 0.1975 0.5506 0.8525 1.1031 1.3025 1.4506 1.5475 1.5931 1.8275 2.0506 2.1425 2.1031 1.9325 1.6306 1.1975 0.6800 0.5244 0.4375 0.6094 0.7500 0.8594 0.9375 0.9844 1.0000 0.9844 0.9375 0.8594 0.7500 0.6094 0.4375 0.2344 0.1235 0.2993 0.5804 1.0209 1.4371 1.7678 2.0130 2.1727 2.2469 2.2356 2.1387 1.9964 1.9286 1.7322 1.5186 1.1641 0.7300 0.4000 0.2100 0.0400 0.0000 0.2444 0.5575 0.8194 1.0300 1.2914 1.5416 1.9617 2.3322 2.4899 2.4346 2.1665 1.7263 1.4561 1.2538 0.9895 0.6531 0.5102 0.3265 0.1020 0.0000 0.0000 0.0000 0.0000 0.0278 0.0000 0.0000 0.0000 0.1235 0.2593 0.3704 0.4568 0.5585 0.7956 0.9279 0.9556 0.8785 0.8568 0.9132 1.0973 1.2520 1.3743 1.5754 1.7319 1.8436 1.9106 1.9330 1.9106 2.0467 2.1069 2.0911 1.9993 1.9337 1.8021 1.5438 1.3157 1.2084 1.2691 1.2177 1.1050 1.0031 0.8400 0.8400 0.8400 0.8300 0.8800 0.9000 0.9600 0.9700 0.9200 0.8500 0.8700 1.1141 1.3786 1.5622 1.6651 1.6871 1.7384 1.7688 1.7484 1.6871 1.5451 1.4122 1.5786 1.6041 1.5500 1.6000 1.5500 1.4000 1.1500 0.8247 0.8799 0.9304 0.9362 0.8973 0.8137 0.7654 1.0368 1.2523 1.4118 1.5154 1.7231 1.8848 1.9705 1.9804 1.9299 1.7722 1.7394 1.6800 1.5694 1.4075 1.2222 0.9300 0.8800 0.8100 0.8900 0.9400 0.9600 0.9400 0.8800 0.8100 0.8800 1.0689 1.2933 1.4822 1.5256 1.6733 1.7256 1.8057 1.8026 1.6793 1.5468 1.4885 1.3656 1.2079 1.1656 1.0785
0.0000 0.0000 0.0000 0.0000 0.0000 0.0000 0.0000 0.0000 0.0000 0.0000 0.0000 0.0000 0.1094 0.3425 0.6444 0.8950 1.0944 1.2425 1.3394 1.3850 1.4194 1.6425 1.7344 1.6950 1.5244 1.2225 0.7894 0.3656 0.2900 0.4531 0.6250 0.7656 0.8750 0.9531 1.0100 1.0156 1.0000 0.9531 0.8750 0.7656 0.6250 0.4655 0.2500 0.0156 0.2088 0.4899 0.8283 1.2446 1.5753 1.8205 1.9802 2.0544 2.0430 1.9462 1.7639 1.5331 1.3402 1.1265 0.7720 0.5600 0.4300 0.2800 0.1100 0.0456 0.4100 0.7231 0.9850 1.1956 1.3550 1.4631 1.7241 1.9746 2.1322 2.1382 2.0921 1.9540 1.7238 1.4015 1.1071 0.7707 0.6122 0.4286 0.2041 0.0000 0.0833 0.2222 0.3056 0.3333 0.3056 0.2222 0.1821 0.2593 0.3951 0.5062 0.6326 0.9743 1.2114 1.3437 1.3714 1.2943 1.3026 1.3960 1.3401 1.4548 1.5401 1.6425 1.7989 1.9106 1.9777 2.0000 2.0870 2.2231 2.2833 2.2675 2.1757 2.0081 1.7944 1.6049 1.3798 1.2825 1.3344 1.4150 1.4044 1.3025 1.1194 1.0700 1.0500 1.0000 0.9400 0.9600 0.9000 0.8800 0.8300 0.8400 0.8200 1.0253 1.1498 1.3235 1.4263 1.4784 1.6296 1.7300 1.7496 1.6884 1.5463 1.7235 1.8898 1.9153 1.8000 1.8500 1.8000 1.6500 1.4000 1.1611 1.0163 1.0668 1.0726 1.0337 0.9501 0.8519 1.0764 1.2919 1.4514 1.5550 1.7926 1.9543 2.0401 2.0499 1.9838 1.8417 1.7225 1.7465 1.7747 1.6962 1.5508 1.3756 1.2922 1.1133 1.0600 1.1100 1.1000 1.0300 0.9000 0.7600 0.8300 0.8800 0.9933 1.1422 1.3356 1.4833 1.5356 1.4922 1.4521 1.4399 1.4463 1.3880 1.2651 1.1574 1.1151 1.0280
0.0000 0.0000 0.0000 0.0000 0.0000 0.0000 0.0000 0.0000 0.0000 0.0000 0.0000 0.0000 0.0000 0.2031 0.3850 0.6356 0.8350 0.9831 1.0800 1.1256 1.1200 1.1031 1.1950 1.1556 0.9850 0.6831 0.2500 0.0400 0.2344 0.4375 0.6494 0.8600 1.0194 1.1275 1.1844 1.1900 1.1444 1.0722 1.0105 0.9228 0.8193 0.6597 0.4443 0.1728 0.2711 0.3794 0.5911 0.9665 1.2972 1.5424 1.7021 1.7763 1.7650 1.6682 1.5722 1.4402 1.2473 0.9937 0.7200 0.6100 0.4800 0.3300 0.1700 0.1600 0.5244 0.8375 1.0994 1.3100 1.4694 1.5775 1.8997 2.1298 2.2678 2.3138 2.2677 2.1296 1.8994 1.5771 1.1627 0.8163 0.6735 0.4898 0.2653 0.1545 0.3333 0.4722 0.5556 0.5833 0.5556 0.4969 0.5432 0.5093 0.5062 0.6173 0.9437 1.2854 1.5225 1.6548 1.6825 1.6154 1.6360 1.7295 1.6736 1.5883 1.6736 1.6895 1.8212 1.9330 2.0000 2.0223 2.1875 2.3236 2.3837 2.3679 2.2762 2.1185 2.0349 1.9553 1.7598 1.6706 1.7025 1.6731 1.6125 1.5406 1.4775 1.3500 1.3300 1.2300 1.0500 0.9400 0.8800 0.7900 0.8400 0.8600 0.8604 1.0781 1.1902 1.2339 1.3167 1.3688 1.5500 1.6504 1.6700 1.6088 1.5867 1.8939 2.0602 2.0857 1.9704 2.0000 1.9500 1.8000 1.5500 1.3728 1.1080 1.1585 1.1643 1.1254 1.0419 0.9136 1.0600 1.2755 1.4350 1.5486 1.7862 1.9479 2.0337 2.0435 1.9774 1.8353 1.7933 1.9283 1.9666 1.9981 1.9027 1.8056 1.7222 1.5433 1.3089 1.2200 1.2100 1.1400 1.0100 0.8200 0.7700 0.8100 0.8400 0.8900 1.0500 1.1978 1.2500 1.2900 1.2900 1.2747 1.2811 1.2228 1.0999 1.0622 1.0199 0.9328
0.0000 0.0000 0.0000 0.0000 0.0000 0.0000 0.0000 0.0000 0.0000 0.0000 0.0000 0.0000 0.0000 0.0625 0.2344 0.3750 0.5244 0.6725 0.7694 0.8150 0.8094 0.7525 0.6444 0.4850 0.3144 0.0625 0.0000 0.0000 0.1975 0.5106 0.7725 0.9831 1.1425 1.2506 1.3075 1.3131 1.3663 1.3805 1.3188 1.1811 0.9676 0.7980 0.5826 0.3580 0.4863 0.5699 0.6088 0.6400 0.9337 1.1789 1.3386 1.4498 1.5002 1.4898 1.4186 1.2865 1.0937 0.8400 0.7500 0.6400 0.5100 0.3600 0.3100 0.2700 0.5875 0.9006 1.1625 1.3731 1.5325 1.6610 1.9832 2.2133 2.3514 2.3974 2.3513 2.2131 1.9829 1.6606 1.2463 0.8367 0.8033 0.6977 0.6034 0.6037 0.7622 0.8542 0.8594 0.7778 0.7500 0.7778 0.8241 0.7901 0.6759 0.7037 1.1501 1.4919 1.7289 1.8612 1.8889 1.8119 1.8201 1.9136 1.8577 1.6523 1.7377 1.7536 1.7989 1.9106 1.9777 2.0000 2.2120 2.3481 2.4083 2.3925 2.3007 2.2831 2.3194 2.2399 2.0444 1.9675 2.0094 1.9800 1.8894 1.8675 1.7544 1.5500 1.5300 1.4300 1.2800 1.0700 0.9300 0.9047 0.9311 1.0128 1.0299 1.2475 1.3597 1.3663 1.2674 1.2331 1.3896 1.4900 1.5096 1.5684 1.6163 1.9235 2.0898 2.1153 2.0000 2.0500 2.0000 1.8500 1.6000 1.4599 1.1951 1.2056 1.2114 1.2002 1.0889 0.9606 0.9877 1.2031 1.3627 1.4662 1.7039 1.8656 1.9514 1.9612 1.8951 1.8363 1.8683 2.0334 2.1917 2.2231 2.1278 2.1400 2.0567 1.8778 1.6033 1.3533 1.2600 1.1900 1.0600 0.8700 0.8300 0.7500 0.7500 0.8700 1.0300 1.1500 1.2300 1.2700 1.2700 1.2300 1.1500 1.0300 0.9200 0.9223 0.8800 0.8300
0.0000 0.0000 0.0000 0.0000 0.0000 0.0000 0.0000 0.0000 0.0000 0.0000 0.0000 0.0000 0.0000 0.0000 0.0625 0.2031 0.3125 0.3906 0.4375 0.4531 0.4475 0.3906 0.3125 0.2031 0.0625 0.0000 0.0000 0.0300 0.2694 0.5825 0.8444 1.0550 1.2144 1.3225 1.3794 1.5085 1.5986 1.6129 1.5512 1.4135 1.1999 0.9104 0.6649 0.5285 0.6568 0.7404 0.7793 0.8135 0.7600 0.9520 1.1241 1.2353 1.2857 1.2753 1.2041 1.0720 0.9200 0.8500 0.7600 0.6500 0.5200 0.4100 0.4100 0.3700 0.5994 0.9125 1.1744 1.3850 1.5444 1.6525 1.9747 2.2048 2.3428 2.3888 2.3427 2.2046 1.9744 1.6521 1.3002 1.0595 0.9860 0.8804 0.9250 0.9253 1.1042 1.2118 1.2014 1.1198 0.9514 0.9784 1.0247 0.9907 0.8765 0.8054 1.2519 1.5936 1.8306 1.9630 1.9906 1.9136 1.8919 1.9483 1.8923 1.6870 1.7323 1.7483 1.7319 1.8436 1.9106 1.9486 2.1606 2.2967 2.3569 2.3411 2.2993 2.4516 2.4880 2.4085 2.2500 2.2031 2.2450 2.2156 2.2350 2.2131 2.1000 1.8956 1.8500 1.7600 1.6100 1.4000 1.2288 1.1699 1.0963 1.1380 1.1551 1.3115 1.4236 1.4303 1.3314 1.1770 1.2471 1.2988 1.4284 1.4971 1.5051 1.8122 1.9786 2.0041 1.9500 2.0000 1.9500 1.8000 1.5623 1.4222 1.2407 1.4301 1.5193 1.5081 1.3968 1.1852 1.0833 1.0748 1.2344 1.3380 1.5456 1.7073 1.7931 1.8029 1.7368 1.8169 1.8589 2.1317 2.2899 2.3214 2.3667 2.3789 2.2956 2.1167 1.8422 1.4822 1.2500 1.1800 1.0500 0.8900 0.8500 0.7700 0.6500 0.8100 0.9700 1.1300 1.1700 1.2100 1.2100 1.1700 1.1000 0.9700 0.9700 0.9600 0.9300 0.8800
0.0000 0.0000 0.0000 0.0000 0.0000 0.0000 0.0000 0.0000 0.0000 0.0000 0.0000 0.0000 0.0000 0.0000 0.0000 0.0000 0.1094 0.1875 0.2344 0.2500 0.2344 0.1875 0.1094 0.0000 0.0000 0.0000 0.0100 0.1600 0.2900 0.6031 0.8650 1.0756 1.2350 1.3431 1.4988 1.6649 1.7551 1.7693 1.7076 1.5699 1.3564 1.0668 0.7014 0.6543 0.8226 1.1062 1.2651 1.2993 1.2088 1.0800 0.9500 0.9600 1.0104 1.0000 0.9900 0.9600 0.9100 0.8400 0.7500 0.6400 0.5100 0.4700 0.4700 0.4300 0.5600 0.8731 1.1350 1.3456 1.5050 1.6131 1.8741 2.1042 2.2422 2.2882 2.2421 2.1040 1.8738 1.6140 1.3715 1.2401 1.0966 0.9911 1.2284 1.3681 1.5938 1.7014 1.6910 1.5625 1.3160 1.1613 1.1451 1.1111 0.9969 0.8025 1.2489 1.5906 1.8277 1.9600 1.9877 1.9106 1.8389 1.8336 1.7777 1.5723 1.6577 1.6736 1.6201 1.7319 1.7989 1.8212 2.0333 2.1694 2.2451 2.2137 2.3520 2.5043 2.5407 2.4611 2.3644 2.3675 2.4094 2.4200 2.4894 2.4675 2.3544 2.1500 2.1200 2.0300 1.8800 1.7935 1.6593 1.4904 1.3768 1.2785 1.2456 1.2699 1.3821 1.3887 1.3199 1.1655 1.2356 1.2902 1.2963 1.3651 1.3731 1.5602 1.7265 1.7520 1.8000 1.8500 1.8000 1.6500 1.4000 1.3988 1.4484 1.6378 1.7269 1.7158 1.6044 1.4228 1.3210 1.1389 1.0706 1.1537 1.3114 1.4731 1.5589 1.5687 1.5026 1.6661 1.8181 2.1031 2.2614 2.4022 2.5100 2.5222 2.4389 2.2600 1.9856 1.6156 1.1800 1.1100 0.9800 0.8700 0.8300 0.7500 0.6700 0.9500 1.2300 1.3900 1.4700 1.4600 1.3100 1.2600 1.1900 1.1800 1.1600 1.1000 1.0000 0.9100
0.0000 0.0000 0.0000 0.0000 0.0000 0.0000 0.0000 0.0000 0.0000 0.0000 0.0000 0.0000 0.0000 0.0000 0.0000 0.0000 0.0000 0.0000 0.0000 0.0156 0.0000 0.0000 0.0000 0.0000 0.0000 0.0000 0.1200 0.2700 0.4000 0.5725 0.8344 1.0450 1.2044 1.3372 1.5793 1.7454 1.8355 1.8498 1.7881 1.6504 1.4368 1.1473 0.9225 0.8054 1.1837 1.4673 1.6262 1.6604 1.5699 1.3547 1.2000 0.9700 0.9600 0.9700 0.9600 0.9300 0.8800 0.8100 0.7200 0.6100 0.4800 0.4900 0.4900 0.4800 0.6100 0.7825 1.0444 1.2550 1.4144 1.5225 1.6814 1.9115 2.0496 2.0956 2.0495 1.9113 1.6811 1.5620 1.4601 1.3287 1.1977 1.2606 1.4979 1.7396 1.9653 2.0729 2.0625 1.9340 1.6998 1.5451 1.2477 1.1512 1.0370 0.8426 1.1412 1.4830 1.7200 1.8523 1.8800 1.8030 1.6612 1.5695 1.5136 1.4283 1.5136 1.5295 1.4760 1.5754 1.6425 1.7742 2.0175 2.2004 2.2762 2.2848 2.4762 2.5504 2.4774 2.3978 2.3875 2.4606 2.5025 2.5831 2.6525 2.6306 2.5175 2.3600 2.3300 2.2400 2.1888 2.1393 2.0051 1.7862 1.6326 1.4843 1.4514 1.3737 1.4350 1.4517 1.3828 1.2284 1.1785 1.2331 1.2122 1.1722 1.1802 1.1673 1.3337 1.4000 1.5500 1.6000 1.5500 1.4000 1.2333 1.3062 1.5558 1.7452 1.8343 1.8232 1.7119 1.6823 1.6825 1.5616 1.3197 1.1789 1.2053 1.2650 1.2487 1.2585 1.2202 1.4237 1.6627 1.9478 2.2467 2.4500 2.5578 2.5700 2.4867 2.3078 2.0333 1.6633 1.1978 0.9800 0.8500 0.8100 0.7700 0.7300 0.9000 1.1300 1.3800 1.6500 1.7900 1.7700 1.6200 1.3300 1.3400 1.3600 1.3400 1.2800 1.1800 1.0400
0.0000 0.0000 0.0000 0.0000 0.0000 0.0000 0.0000 0.0000 0.0000 0.0000 0.0000 0.0000 0.0000 0.0000 0.0000 0.0000 0.0000 0.0000 0.0000 0.0000 0.0000 0.0000 0.0000 0.0000 0.0000 0.0400 0.2100 0.3600 0.4900 0.6000 0.7525 0.9631 1.1225 1.3417 1.5838 1.7499 1.8401 1.8543 1.7926 1.6550 1.4414 1.2612 1.0989 1.1319 1.4201 1.7037 1.8626 1.8968 1.8063 1.5911 1.3500 1.1200 0.9100 0.9200 0.9100 0.8800 0.8300 0.7600 0.6700 0.5600 0.4300 0.4700 0.4700 0.5100 0.6400 0.7500 0.9025 1.1131 1.2725 1.3806 1.4375 1.6268 1.7648 1.8108 1.7647 1.6266 1.5058 1.4960 1.4566 1.3877 1.3361 1.3712 1.6493 1.9931 2.2188 2.3264 2.3160 2.1875 1.9410 1.7863 1.4888 1.1736 0.9969 0.8025 0.9289 1.2706 1.5077 1.6400 1.6677 1.5906 1.4089 1.2425 1.1001 1.2148 1.3001 1.3160 1.2626 1.4368 1.6445 1.7762 1.9414 2.1243 2.2001 2.2787 2.5001 2.5743 2.5013 2.3675 2.3694 2.4825 2.5244 2.6550 2.7244 2.7025 2.5894 2.5100 2.4800 2.4147 2.4499 2.4004 2.2662 2.0473 1.8237 1.6611 1.6125 1.5348 1.4125 1.4291 1.4002 1.3159 1.1960 1.2806 1.2597 1.1333 1.0865 0.9837 0.8400 1.0500 1.2000 1.2500 1.2000 1.0500 1.0222 1.2733 1.5630 1.7523 1.8415 1.8304 1.9027 1.9839 1.9841 1.8633 1.6213 1.3416 1.2187 1.1502 1.0463 0.8724 0.8063 1.1267 1.5056 1.9000 2.1989 2.4022 2.5100 2.5222 2.4389 2.2600 1.9856 1.6156 1.1500 0.9500 0.7600 0.7100 0.6700 0.8300 1.0300 1.3600 1.7100 2.0100 2.1500 2.1300 2.0000 1.7700 1.5200 1.5000 1.4800 1.4200 1.3200 1.1800
0.0000 0.0000 0.0000 0.0000 0.0000 0.0000 0.0000 0.0000 0.0000 0.0000 0.0278 0.0000 0.0000 0.0000 0.0000 0.0000 0.0000 0.0000 0.0000 0.0000 0.0000 0.0000 0.0000 0.0000 0.0000 0.1100 0.2800 0.4300 0.5600 0.6700 0.7600 0.8300 0.9894 1.2703 1.5124 1.6785 1.7687 1.7829 1.7212 1.5836 1.5106 1.3930 1.2306 1.3836 1.5319 1.8154 1.9743 2.0085 1.9180 1.7028 1.4000 1.1700 0.8400 0.8500 0.8400 0.8100 0.7600 0.6900 0.6000 0.4900 0.3700 0.4100 0.4100 0.5200 0.6500 0.7600 0.8500 0.9200 1.0794 1.1875 1.2444 1.2500 1.3880 1.4340 1.3879 1.2498 1.3477 1.4004 1.3611 1.4328 1.3812 1.4062 1.7847 2.1285 2.3542 2.4618 2.4514 2.3229 2.0764 1.8846 1.5872 1.1939 0.8765 0.7654 0.8519 0.9536 1.1906 1.3230 1.3506 1.2736 1.0919 0.8154 0.8143 0.9320 1.0173 1.0332 1.0793 1.3629 1.5706 1.7023 1.7581 1.9410 2.0168 2.1554 2.3768 2.4510 2.4150 2.3800 2.3825 2.4331 2.4750 2.6356 2.7050 2.6831 2.5700 2.6000 2.5700 2.5911 2.6263 2.5768 2.5520 2.4112 2.1845 2.0219 1.9633 1.8387 1.6483 1.4819 1.4622 1.3778 1.1879 1.2225 1.2016 1.0752 0.9420 0.8800 0.8800 0.8400 0.7600 0.8000 0.7500 0.7200 0.9756 1.1802 1.4699 1.6593 1.7484 1.9210 2.0433 2.1645 2.1647 2.0438 1.8019 1.4389 1.3159 1.1375 1.0335 0.8440 0.6255 0.8969 1.3622 1.7567 2.0556 2.2589 2.3667 2.3789 2.2956 2.1167 1.8422 1.4722 1.0900 0.8900 0.8100 0.7200 0.6200 0.9600 1.1900 1.6100 1.9100 2.2500 2.4300 2.4800 2.3900 2.1600 1.7900 1.7200 1.5900 1.5200 1.4200 1.2800
0.0000 0.0000 0.0000 0.0000 0.0000 0.0000 0.0000 0.0833 0.2222 0.3056 0.3333 0.3056 0.2222 0.0833 0.0000 0.0000 0.0000 0.0000 0.0000 0.0000 0.0000 0.0000 0.0000 0.0000 0.0000 0.1600 0.3300 0.4800 0.6100 0.7200 0.8100 0.8800 0.9300 1.1699 1.3651 1.5312 1.6214 1.6825 1.6989 1.6706 1.5977 1.4800 1.3577 1.5106 1.5689 1.8025 1.9614 1.9956 1.9051 1.6899 1.3500 1.1200 0.7900 0.7600 0.7500 0.7200 0.6700 0.6000 0.5200 0.4000 0.2700 0.3100 0.3600 0.5100 0.6400 0.7500 0.8400 0.9100 0.9600 0.9900 1.0000 1.0056 0.9600 1.0120 1.0441 1.0153 1.1601 1.2128 1.2828 1.3545 1.3438 1.5829 1.8021 2.1458 2.3715 2.4792 2.4688 2.3403 2.0938 1.8403 1.5428 1.1026 0.7853 0.7037 0.7901 0.8519 0.8889 0.9012 0.9289 0.8519 0.7901 0.7037 0.6226 0.6168 0.6651 0.6810 0.9294 1.2130 1.4207 1.5524 1.6082 1.6505 1.7263 1.8849 2.1063 2.2175 2.3050 2.3900 2.4025 2.3125 2.3644 2.5250 2.5944 2.5725 2.6000 2.6300 2.6000 2.6828 2.7805 2.8716 2.8468 2.7061 2.4494 2.2867 2.2381 2.1436 2.0731 1.9067 1.6444 1.3954 1.1443 1.0589 1.0380 0.9728 0.8800 0.9200 0.9200 0.8800 0.8000 0.6800 0.6400 0.6378 0.8933 1.0733 1.2765 1.4659 1.6571 1.8427 2.1028 2.2240 2.2242 2.1034 1.8614 1.4984 1.3477 1.2686 1.1228 0.9802 0.7208 0.8677 1.3108 1.6272 1.8167 2.0200 2.1278 2.1400 2.0567 1.8778 1.6033 1.2333 0.9900 0.9100 0.8400 0.7800 0.8400 1.2200 1.6300 2.0400 2.3500 2.6900 2.8700 2.8900 2.7500 2.4500 2.0400 1.9300 1.8000 1.6100 1.4800 1.3400
0.0000 0.0000 0.0000 0.0000 0.0000 0.0000 0.1389 0.3333 0.4722 0.5556 0.5833 0.5556 0.4722 0.3333 0.1389 0.0000 0.0000 0.0000 0.0000 0.0000 0.0000 0.0000 0.0000 0.0000 0.0000 0.1900 0.3600 0.5100 0.6400 0.7500 0.8400 0.9100 0.9723 1.2122 1.4074 1.5579 1.6637 1.7248 1.7412 1.7130 1.6400 1.5100 1.3600 1.5130 1.5412 1.6648 1.8237 1.8579 1.7674 1.5522 1.2123 0.9700 0.6400 0.6500 0.6800 0.7200 0.7200 0.6800 0.6000 0.4800 0.3200 0.2800 0.3700 0.4800 0.6100 0.7200 0.8100 0.8800 0.9300 0.9600 0.9700 0.9600 0.9300 0.8800 0.8100 0.7356 0.8804 0.9331 1.2445 1.5203 1.7028 1.9420 2.0778 2.2492 2.3729 2.3785 2.3681 2.2396 1.9931 1.6532 1.3557 0.9155 0.6937 0.6173 0.7037 0.7654 0.8025 0.8148 0.8025 0.7654 0.7037 0.6173 0.5062 0.3804 0.3299 0.3688 0.7036 0.9872 1.1949 1.3266 1.3824 1.3622 1.3386 1.4972 1.7750 1.9850 2.1925 2.3075 2.3200 2.2300 2.1625 2.3231 2.3925 2.4800 2.6100 2.6000 2.5700 2.7524 2.9594 3.0506 3.0257 2.8850 2.6283 2.4856 2.4470 2.4725 2.4020 2.2356 1.9733 1.6150 1.3014 1.1956 1.0751 1.0099 0.8800 0.9200 0.9200 0.8800 0.8000 0.6800 0.5200 0.4800 0.7356 0.9156 1.0200 1.1723 1.4656 1.7989 2.0413 2.1625 2.1627 2.0418 1.7999 1.4994 1.5171 1.4380 1.2621 0.9995 0.7872 0.8475 1.1795 1.4958 1.6853 1.7481 1.7933 1.8056 1.7222 1.5433 1.2689 1.0100 0.9700 0.9200 0.8600 0.9300 1.0600 1.5300 1.9900 2.3300 2.6400 2.9700 3.1500 3.1700 3.0300 2.7300 2.2700 2.0900 1.9500 1.7600 1.5100 1.3600
0.0000 0.0000 0.0000 0.0000 0.0000 0.0833 0.3333 0.5278 0.6667 0.7500 0.7778 0.7500 0.6667 0.5278 0.3333 0.0833 0.0000 0.0000 0.0000 0.0000 0.0000 0.0000 0.0000 0.0000 0.0100 0.2000 0.3700 0.5200 0.6500 0.7600 0.8500 0.9200 0.9700 1.2099 1.4051 1.5556 1.6614 1.7225 1.7389 1.7106 1.6377 1.5200 1.3577 1.3906 1.4189 1.5225 1.5614 1.5956 1.5051 1.2899 0.9500 0.7200 0.5200 0.6400 0.7200 0.7600 0.7600 0.7200 0.6400 0.5200 0.3600 0.3900 0.4900 0.5500 0.5700 0.6700 0.7600 0.8300 0.8800 0.9100 0.9200 0.9100 0.8800 0.8300 0.7600 0.6700 0.7944 1.0512 1.4503 1.7261 1.9585 2.1977 2.3335 2.3661 2.3786 2.3434 2.1493 2.0208 1.7743 1.4097 1.0258 0.6968 0.6294 0.5062 0.5926 0.6543 0.6914 0.7037 0.6914 0.6543 0.5926 0.5062 0.3951 0.2593 0.0988 0.2275 0.5006 0.7225 0.8931 1.0248 1.0806 1.0975 1.0631 1.1675 1.4700 1.7900 2.0075 2.1225 2.1350 2.0450 1.8994 2.0700 2.4800 2.7500 2.8800 2.8700 2.7323 2.8553 3.0224 3.1135 3.0887 2.9479 2.6912 2.6086 2.6800 2.7055 2.6350 2.4686 2.2062 1.8479 1.4237 1.3179 1.1674 0.9822 0.8523 0.8800 0.8800 0.8400 0.7600 0.6400 0.4800 0.3300 0.5022 0.6822 0.7867 0.8156 1.2530 1.6163 1.8587 1.9799 1.9801 1.8592 1.6798 1.5720 1.5897 1.5310 1.3347 1.0992 0.8903 0.8394 1.0325 1.2377 1.4272 1.4899 1.4258 1.3756 1.2922 1.1133 1.0000 0.9900 0.9600 0.9100 0.9900 1.1800 1.3100 1.7300 2.1900 2.4900 2.7500 3.0900 3.2700 3.2900 3.1500 2.8500 2.5100 2.3300 2.0700 1.8500 1.6000 1.3400
0.0000 0.0000 0.0000 0.0000 0.0000 0.2222 0.4722 0.6667 0.8056 0.8889 0.9167 0.8889 0.8056 0.6667 0.4722 0.2222 0.0000 0.0000 0.0000 0.0000 0.0000 0.0000 0.0000 0.0000 0.0000 0.1900 0.3600 0.5100 0.6400 0.7500 0.8400 0.9100 0.9600 1.1628 1.3580 1.5085 1.6143 1.6754 1.6919 1.6636 1.5906 1.4730 1.3106 1.1436 1.1719 1.2854 1.2943 1.2085 1.1180 0.9028 0.6000 0.4000 0.5200 0.6678 0.7200 0.7600 0.7600 0.7200 0.6400 0.5200 0.4800 0.4700 0.5700 0.6300 0.6500 0.6300 0.6900 0.7600 0.8256 0.8400 0.8500 0.8400 0.8100 0.7600 0.6900 0.6000 0.8612 1.1336 1.5327 1.8085 2.1110 2.3501 2.4860 2.5185 2.4477 2.2736 1.9962 1.6840 1.4375 1.1562 0.8125 0.5766 0.5093 0.3860 0.4568 0.5185 0.5556 0.5679 0.5556 0.5185 0.4568 0.3704 0.2593 0.1235 0.0000 0.2344 0.4375 0.6094 0.7500 0.8694 0.9375 0.9844 1.0000 1.1444 1.3075 1.5494 1.7200 1.8350 1.8475 1.8044 1.7300 2.2000 2.6100 2.8800 3.0100 3.0000 2.9594 3.0824 3.0094 3.0706 3.0357 2.8950 2.6683 2.6956 2.8170 2.8425 2.7720 2.6056 2.3433 1.9850 1.6107 1.3956 1.2451 1.0499 0.8100 0.8000 0.8000 0.7600 0.6800 0.5600 0.4000 0.2000 0.1933 0.3733 0.5278 0.6871 1.0357 1.3127 1.5550 1.6762 1.6764 1.5556 1.6188 1.7519 1.8308 1.7721 1.6623 1.4643 1.1534 0.9304 1.0331 1.1050 1.1256 1.1050 1.0409 0.8800 0.9300 0.9600 0.9700 0.9600 0.9300 0.9300 1.1800 1.3700 1.5000 1.7700 2.2300 2.5300 2.7100 3.0500 3.2300 3.2500 3.1100 2.8100 2.6700 2.4900 2.2300 1.8900 1.6300 1.3200
0.0000 0.0000 0.0000 0.0000 0.0000 0.3056 0.5556 0.7500 0.8889 0.9722 1.0000 0.9722 0.8889 0.7500 0.5556 0.3056 0.0000 0.0000 0.0000 0.0000 0.0000 0.0000 0.0000 0.0000 0.0000 0.1600 0.3300 0.4800 0.6100 0.7200 0.8100 0.8800 0.9300 1.0711 1.2663 1.4168 1.5226 1.5837 1.6001 1.5719 1.4989 1.3812 1.2189 1.0119 0.8301 0.9437 0.9526 0.8568 0.6563 0.4311 0.2433 0.5422 0.8060 0.9333 0.9856 0.9422 0.8033 0.6800 0.6500 0.6400 0.6100 0.5600 0.6100 0.6700 0.6900 0.7794 0.7975 0.9044 0.9700 0.9844 0.9475 0.8594 0.7200 0.6700 0.6000 0.6120 0.8359 1.0927 1.4918 1.8176 2.1601 2.3992 2.5351 2.5676 2.4968 2.3227 2.0453 1.6645 1.3438 1.0625 0.7188 0.4375 0.3331 0.2099 0.2963 0.3580 0.3951 0.4074 0.3951 0.3580 0.2963 0.2099 0.0988 0.0000 0.0156 0.2500 0.4531 0.6250 0.7656 0.8750 0.9531 1.0000 1.0000 1.1100 1.2331 1.4250 1.5956 1.6950 1.7231 1.6800 1.8056 2.1900 2.6000 2.8700 3.0000 3.0300 3.1375 3.2735 3.2305 3.1040 3.0568 2.8861 2.7094 2.7767 2.8581 2.8836 2.8131 2.6467 2.3844 2.0261 1.7496 1.4285 1.2780 1.0828 0.8800 0.8300 0.7600 0.6700 0.5600 0.4400 0.2800 0.1100 0.0000 0.1389 0.3333 0.4722 0.8209 1.0731 1.2290 1.2885 1.2517 1.4239 1.6390 1.8925 2.0332 2.0609 1.9758 1.7777 1.4668 1.1930 1.0925 1.1644 1.1850 1.1544 1.0725 0.9394 0.8800 0.9100 0.9200 0.9100 0.8800 1.0600 1.3100 1.5000 1.6300 1.8900 2.1100 2.4100 2.6300 2.8500 3.0300 3.0500 2.9100 2.8500 2.7500 2.5700 2.3100 1.9700 1.6000 1.2900
0.0000 0.0000 0.0000 0.0000 0.0278 0.3333 0.5833 0.7778 0.9167 1.0000 1.0278 1.0000 0.9167 0.7778 0.5833 0.3333 0.0278 0.0000 0.0000 0.0000 0.0000 0.0000 0.0000 0.0000 0.0000 0.1100 0.2800 0.4300 0.5600 0.6700 0.7600 0.8300 0.8800 0.9347 1.1299 1.2804 1.3862 1.4473 1.4637 1.4354 1.3625 1.2448 1.0825 0.8754 0.7037 0.6173 0.5462 0.6504 0.5699 0.6656 1.0174 1.2475 1.2813 1.3686 1.3596 1.2443 1.0533 0.8889 0.7600 0.7500 0.7200 0.6700 0.6100 0.7325 0.8931 0.9825 1.0006 0.9975 1.0631 1.0775 1.0406 0.9525 0.8131 0.6225 0.4900 0.6041 0.7186 0.9754 1.3276 1.7634 2.1059 2.3450 2.4809 2.5134 2.4426 2.2685 1.9911 1.6103 1.1875 0.9062 0.5625 0.3906 0.1875 0.0247 0.1111 0.1728 0.2099 0.2222 0.2099 0.1728 0.1111 0.0247 0.0000 0.0000 0.0000 0.2344 0.4375 0.6094 0.7500 0.8594 0.9375 0.9844 1.0000 1.0244 1.1475 1.2294 1.4100 1.4994 1.5275 1.4844 1.7300 2.0900 2.4500 2.7300 2.9700 3.0747 3.3155 3.4515 3.4455 3.1990 3.1518 2.9440 2.8856 2.9165 2.9233 2.8387 2.7583 2.6752 2.5517 2.3268 2.0903 1.7223 1.4885 1.1544 0.9300 0.8800 0.8100 0.7200 0.6100 0.4800 0.3300 0.1600 0.0000 0.0000 0.0833 0.2222 0.5096 0.7619 0.9178 0.9773 1.1241 1.4732 1.8396 2.0931 2.2337 2.2615 2.2163 2.2183 2.0274 1.7448 1.6443 1.4125 1.2331 1.1625 1.0806 0.9475 0.8100 0.8400 0.8500 0.8400 0.8500 1.1300 1.3800 1.5700 1.7100 1.9700 2.1500 2.2500 2.4200 2.6100 2.6700 2.8100 2.8700 2.8500 2.7400 2.5700 2.3100 1.9700 1.5500 1.2000
0.0000 0.0000 0.0000 0.0000 0.0000 0.3056 0.5556 0.7500 0.8889 0.9722 1.0000 0.9722 0.8889 0.7500 0.5556 0.3056 0.0000 0.0000 0.0000 0.0000 0.0000 0.0000 0.0000 0.0000 0.0000 0.0400 0.2100 0.3600 0.4900 0.6000 0.6900 0.7600 0.8100 0.8400 0.9488 1.0993 1.2051 1.2662 1.2826 1.2543 1.1814 1.0637 0.9014 0.6943 0.5926 0.5462 0.7151 0.7793 1.0058 1.3799 1.8063 2.0365 2.0702 1.9076 1.8686 1.7532 1.5215 1.1733 0.9333 0.8400 0.8100 0.7600 0.7525 0.8644 1.0250 1.1144 1.1325 1.0794 1.1050 1.1194 1.0825 0.9944 0.8550 0.6644 0.4225 0.5353 0.6498 0.7660 1.1601 1.6059 1.9483 2.1875 2.3233 2.3559 2.2851 2.1110 1.8335 1.4528 0.9688 0.6875 0.4844 0.3125 0.1094 0.0000 0.0000 0.0000 0.0000 0.0123 0.0000 0.0000 0.0000 0.0000 0.0000 0.0000 0.0000 0.1875 0.3906 0.5781 0.7031 0.8125 0.8906 0.9375 0.9931 1.0475 1.1706 1.2725 1.3331 1.4225 1.4206 1.3675 1.5900 1.9100 2.1900 2.5900 2.9288 3.1355 3.3763 3.4258 3.4199 3.1734 3.0862 3.0484 3.0400 3.1009 3.0212 2.8379 2.7764 2.7744 2.6509 2.5360 2.2995 1.9316 1.6821 1.3480 1.0989 0.9100 0.8400 0.7500 0.6400 0.5100 0.3600 0.1900 0.0000 0.0000 0.0000 0.0000 0.1020 0.3543 0.5102 0.7551 1.0816 1.5609 1.9273 2.1808 2.3214 2.3892 2.5840 2.5860 2.3951 2.1746 2.0240 1.7514 1.4700 1.1594 1.0375 0.9044 0.7200 0.7500 0.7600 0.7500 0.8300 1.1400 1.3900 1.5800 1.7100 1.9700 2.1500 2.3000 2.5100 2.6600 2.7500 2.7800 2.7900 2.7700 2.6700 2.4900 2.2300 1.8900 1.4700 1.0500
0.0000 0.0000 0.0000 0.0000 0.0000 0.2222 0.4722 0.6667 0.8056 0.8889 0.9167 0.8889 0.8056 0.6667 0.4722 0.2222 0.0000 0.0000 0.0000 0.0000 0.0000 0.0204 0.0000 0.0000 0.0000 0.0000 0.1200 0.2700 0.4000 0.5100 0.6000 0.6700 0.7200 0.7500 0.7600 0.8735 0.9793 1.0404 1.0568 1.0285 0.9556 0.8379 0.6756 0.5185 0.4568 0.6104 0.7793 1.0271 1.4296 1.9724 2.3989 2.6690 2.6628 2.5001 2.2611 2.1458 1.9140 1.5659 1.1422 0.9100 0.8800 0.8300 0.9631 1.0450 1.0856 1.1750 1.1931 1.1400 1.0956 1.1100 1.0731 0.9850 0.8456 0.6550 0.4335 0.4057 0.5202 0.6939 0.8992 1.3450 1.6875 1.9267 2.0625 2.0950 2.0242 1.8501 1.6005 1.1920 0.7079 0.5156 0.3750 0.2031 0.0000 0.0000 0.0000 0.0000 0.0000 0.0000 0.0000 0.0000 0.0000 0.0000 0.0000 0.0000 0.1094 0.2969 0.5469 0.7344 0.8594 0.9219 0.9319 0.9794 1.0850 1.1394 1.1525 1.2544 1.2850 1.2544 1.2525 1.1594 1.4600 1.7400 2.0200 2.4135 2.7893 2.9804 3.2212 3.2460 3.1537 2.9072 2.9800 3.0822 3.0838 3.1447 3.0650 2.9280 2.8541 2.7321 2.7186 2.6137 2.3772 2.0093 1.7654 1.5278 1.3033 1.0033 0.8500 0.7600 0.6500 0.5200 0.3700 0.2000 0.0100 0.0000 0.0000 0.0000 0.0000 0.1837 0.3673 0.7143 1.0564 1.5357 1.9021 2.1556 2.2962 2.5640 2.7588 2.7608 2.6107 2.4922 2.2317 1.9591 1.5756 1.2650 0.9431 0.8100 0.6256 0.6400 0.6500 0.6400 0.7800 1.0900 1.3400 1.5300 1.6600 1.8900 2.0700 2.3300 2.5400 2.6900 2.7800 2.8100 2.7800 2.6900 2.5400 2.3300 2.0700 1.7300 1.3400 0.9200
0.0000 0.0000 0.0000 0.0000 0.0000 0.0833 0.3333 0.5278 0.6667 0.7500 0.7778 0.7500 0.6667 0.5278 0.3333 0.0833 0.0000 0.0204 0.1020 0.2041 0.2653 0.2857 0.2653 0.2041 0.1020 0.0000 0.0100 0.1600 0.2900 0.4000 0.4900 0.5600 0.6100 0.6400 0.6500 0.6400 0.7088 0.7699 0.7863 0.7580 0.6851 0.5674 0.4051 0.3580 0.2963 0.5699 0.8408 1.1665 1.8158 2.6086 3.1551 3.4252 3.4190 3.1363 2.5773 2.4220 2.1902 1.8421 1.3776 0.9600 0.9300 0.9894 1.1225 1.2044 1.2350 1.2144 1.1825 1.1294 1.0350 1.0494 1.0125 0.9244 0.7850 0.5944 0.3525 0.3747 0.4898 0.6735 0.8163 0.9809 1.3233 1.5625 1.6983 1.8142 1.8823 1.7915 1.5419 1.1334 0.7066 0.4583 0.2344 0.0625 0.0000 0.0000 0.0000 0.0000 0.0000 0.0000 0.0000 0.0000 0.0000 0.0000 0.0625 0.2031 0.3125 0.3906 0.6406 0.8281 0.9531 1.0456 1.1756 1.2231 1.1881 1.1800 1.1831 1.1650 1.1956 1.1550 1.0431 0.9000 1.1900 1.5800 1.9588 2.2393 2.4651 2.6562 2.8901 2.8749 2.7339 2.6803 2.8831 2.9953 2.9869 3.0478 2.9681 2.9700 2.8590 2.7583 2.6648 2.5599 2.3234 2.0023 1.8056 1.6690 1.4322 1.1322 0.8400 0.7500 0.6400 0.5100 0.3600 0.1900 0.0000 0.0000 0.0000 0.0000 0.0000 0.0000 0.1837 0.5918 0.9184 1.3976 1.7640 2.0175 2.1582 2.5459 2.7408 2.7427 2.7763 2.6578 2.3873 1.9947 1.5500 1.2394 0.7975 0.6644 0.4800 0.5100 0.5200 0.5100 0.6700 0.9800 1.2300 1.4200 1.5500 1.7300 2.0300 2.3000 2.5100 2.7000 2.7500 2.7800 2.7500 2.6600 2.5100 2.3000 2.0300 1.7000 1.3100 0.8600
0.0000 0.0000 0.0000 0.0000 0.0000 0.0000 0.1389 0.3333 0.4722 0.5556 0.5833 0.5556 0.4722 0.3333 0.2409 0.2041 0.2653 0.4694 0.5918 0.6327 0.5918 0.5102 0.4898 0.4286 0.3265 0.1837 0.0000 0.0300 0.1600 0.2700 0.3600 0.4300 0.4800 0.5100 0.5200 0.5100 0.4800 0.4547 0.4711 0.4428 0.3699 0.2522 0.2099 0.1728 0.1511 0.4247 0.8841 1.3763 2.2656 3.0884 3.6349 3.9050 3.8988 3.6161 3.0571 2.6218 2.3500 2.0019 1.5374 1.0178 0.9600 1.0975 1.2306 1.3125 1.3431 1.3225 1.2506 1.1275 0.9531 0.9375 0.9006 0.8125 0.7031 0.5625 0.3906 0.3916 0.4286 0.6122 0.7551 0.8571 0.9809 1.1419 1.3698 1.5967 1.6648 1.6209 1.4494 1.1503 0.7847 0.5365 0.2014 0.0000 0.0000 0.0000 0.0000 0.0000 0.0000 0.0000 0.0000 0.0000 0.0000 0.0625 0.2344 0.3750 0.4844 0.5625 0.6719 0.8594 0.9944 1.2069 1.3369 1.3844 1.3494 1.2319 1.1725 1.1244 1.0350 0.9944 0.8825 0.8400 0.9000 1.3147 1.7499 2.0704 2.3662 2.5873 2.7431 2.7979 2.5768 2.5198 2.6756 2.7878 2.7794 2.8103 2.7306 2.8658 2.8649 2.6877 2.5196 2.3993 2.2493 2.1051 2.0688 1.9322 1.6954 1.3584 0.9211 0.7447 0.6100 0.4800 0.3300 0.1600 0.0000 0.0000 0.0000 0.0000 0.0000 0.0400 0.0204 0.3878 0.7143 1.1467 1.5131 1.7666 1.9472 2.3349 2.5706 2.7563 2.7899 2.6714 2.4008 1.9782 1.4135 1.0825 0.6406 0.4675 0.3300 0.3600 0.3700 0.3700 0.5300 0.8100 1.0600 1.2623 1.3800 1.6100 1.9800 2.4500 2.7800 2.9700 3.0200 2.9300 2.7000 2.5700 2.4200 2.2100 1.9400 1.6100 1.2200 0.7700
0.0000 0.0000 0.0000 0.0000 0.0000 0.0000 0.0000 0.0833 0.2222 0.3056 0.3333 0.3056 0.2222 0.2670 0.3265 0.4286 0.6735 0.8776 1.0000 1.0408 1.0000 0.8776 0.6735 0.6122 0.5102 0.3673 0.1837 0.0000 0.0100 0.1200 0.2100 0.2800 0.3300 0.3600 0.3700 0.3600 0.3300 0.2800 0.2100 0.1200 0.0100 0.0123 0.0000 0.0000 0.0000 0.3600 0.9053 1.5698 2.4690 3.2919 3.8384 4.1085 4.1022 3.8196 3.2606 2.8652 2.3935 2.0454 1.5809 1.0000 0.9700 1.1544 1.2875 1.3694 1.4000 1.3794 1.3075 1.1844 1.0100 1.0244 0.9375 0.8594 0.7500 0.6094 0.4375 0.3364 0.3265 0.5102 0.6531 0.7551 0.8163 0.9201 1.2590 1.4704 1.5541 1.5102 1.3387 1.0395 0.7760 0.5278 0.3333 0.0833 0.0000 0.0000 0.0000 0.0000 0.0000 0.0000 0.0000 0.0000 0.0000 0.2031 0.3750 0.5156 0.6250 0.7031 0.7500 0.8281 1.0731 1.2856 1.4156 1.4631 1.4281 1.3106 1.1106 1.0625 0.9631 0.8125 0.7600 0.7800 0.8700 1.1311 1.6063 2.1568 2.4626 2.5737 2.5801 2.6150 2.6939 2.6569 2.4739 2.4597 2.4812 2.5122 2.5302 2.7055 2.7045 2.5274 2.3715 2.2677 2.2041 2.2680 2.2317 2.0952 1.8584 1.5214 1.0841 0.8799 0.6588 0.4300 0.2800 0.1100 0.0000 0.0000 0.0400 0.2400 0.3600 0.4000 0.3600 0.5053 0.5298 0.7828 1.1492 1.4027 1.6046 2.0944 2.4321 2.6177 2.6513 2.5328 2.2623 1.8397 1.2650 0.8444 0.3525 0.2194 0.1600 0.1900 0.2000 0.2147 0.4611 0.7528 1.0399 1.2922 1.5199 1.7228 2.2211 2.6047 2.9100 3.1000 3.1500 3.0756 2.8300 2.4600 2.2700 2.0600 1.7900 1.4600 1.0700 0.6200
0.0000 0.0400 0.0000 0.0000 0.0000 0.0000 0.0000 0.0000 0.0000 0.0000 0.0278 0.0000 0.1837 0.3673 0.5102 0.7143 1.0000 1.2041 1.3265 1.3673 1.3265 1.2041 1.0000 0.7551 0.6531 0.5102 0.3265 0.1020 0.0000 0.0000 0.0400 0.1100 0.1600 0.1900 0.2000 0.1900 0.1600 0.1100 0.0400 0.0000 0.0000 0.0000 0.0000 0.0000 0.0000 0.2604 0.8057 1.5902 2.3961 3.2190 3.7654 4.0356 4.0293 3.7467 3.3077 2.9123 2.3205 1.9724 1.5079 1.0104 0.9756 1.1600 1.2931 1.3750 1.4056 1.3850 1.3531 1.4300 1.3600 1.4000 1.3131 1.1150 0.8056 0.6250 0.4531 0.2500 0.1993 0.3673 0.5102 0.6122 0.6735 0.9161 1.1457 1.2789 1.3158 1.2719 1.1003 0.8889 0.8056 0.6667 0.4722 0.2222 0.0100 0.0000 0.0000 0.0000 0.0000 0.0000 0.0000 0.0000 0.1094 0.3125 0.4844 0.6250 0.7344 0.8125 0.8594 0.9150 1.0694 1.2819 1.4119 1.4594 1.4244 1.3069 1.1069 0.9494 0.8500 0.8400 0.8100 0.7600 0.8500 1.1028 1.5780 2.0085 2.3443 2.4554 2.6119 2.7461 2.8854 2.8280 2.6350 2.4061 2.3412 2.2404 2.1937 2.3689 2.3680 2.3513 2.2325 2.1651 2.2668 2.3307 2.2944 2.1579 1.9211 1.5841 1.1468 0.9704 0.7493 0.4835 0.2100 0.0400 0.0000 0.0400 0.3200 0.5200 0.6400 0.6800 0.6400 0.7241 0.7486 0.6522 0.9582 1.2321 1.4340 1.8038 2.1415 2.3271 2.3607 2.2422 1.9717 1.5491 1.0356 0.6150 0.2031 0.0000 0.0000 0.0000 0.1088 0.2099 0.4563 0.7280 1.0851 1.3774 1.6051 2.0080 2.3963 2.7799 3.1081 3.2775 3.3744 3.3000 3.0544 2.6375 2.1694 1.8500 1.5800 1.2500 0.8600 0.4400
0.3600 0.4000 0.3600 0.2400 0.0400 0.0000 0.0000 0.0000 0.0000 0.0000 0.0000 0.1020 0.3265 0.5102 0.6531 0.9592 1.2449 1.4490 1.5714 1.6122 1.5714 1.4490 1.2449 0.9592 0.7551 0.6122 0.4286 0.2041 0.0000 0.0000 0.0400 0.0000 0.0000 0.0000 0.0100 0.0000 0.0000 0.0000 0.0000 0.0000 0.0000 0.0000 0.0000 0.0000 0.0000 0.0400 0.6253 1.4098 2.0768 2.8697 3.4161 3.6863 3.6800 3.3974 3.1584 2.7630 2.1712 1.7831 1.3186 0.9600 0.9300 1.1144 1.2475 1.3294 1.3600 1.3794 1.5875 1.6644 1.6400 1.6644 1.5775 1.3794 1.0700 0.6494 0.4375 0.2344 0.0000 0.1837 0.3265 0.4286 0.4898 0.8158 1.0454 1.1786 1.2154 1.1559 1.0000 0.9722 0.9289 0.8600 0.7156 0.4956 0.2000 0.1900 0.1600 0.1100 0.0400 0.0000 0.0000 0.0000 0.1875 0.3906 0.5625 0.7031 0.8125 0.8906 0.9375 1.0631 1.2175 1.3206 1.3725 1.3731 1.3381 1.2206 1.0675 0.9100 0.9200 0.9100 0.8800 0.8300 0.9500 1.2399 1.8251 2.2656 2.5614 2.8145 3.0030 3.1359 3.1659 3.1084 2.8542 2.4033 2.2364 2.0956 1.9989 2.0784 2.1885 2.2089 2.0531 2.0651 2.2293 2.2932 2.2569 2.1204 1.8836 1.5465 1.1926 1.0162 0.7951 0.5293 0.2188 0.0000 0.0278 0.2400 0.5200 0.7200 0.8400 0.8800 0.8400 0.8220 0.8465 0.7502 0.7156 0.9895 1.1913 1.3611 1.6988 1.8845 1.9181 1.7996 1.5290 1.1064 0.6950 0.2744 0.0625 0.0000 0.0000 0.1235 0.2593 0.3704 0.5668 0.7985 1.1056 1.3979 1.6256 2.1485 2.5893 2.9935 3.3218 3.4541 3.4275 3.3531 3.1075 2.7110 2.1025 1.7831 1.3725 0.9800 0.5900 0.2700
0.6400 0.6800 0.6400 0.5200 0.3200 0.0400 0.0000 0.0000 0.0000 0.0000 0.0000 0.2041 0.4286 0.6122 0.7551 1.1224 1.4082 1.6122 1.7347 1.7755 1.7347 1.6122 1.4082 1.1224 0.8163 0.6735 0.4898 0.3053 0.2400 0.3600 0.4000 0.3600 0.2400 0.0400 0.0000 0.0000 0.0278 0.0000 0.0000 0.0000 0.0000 0.0000 0.0000 0.0000 0.0000 0.0000 0.2441 1.0286 1.6122 2.2440 2.7905 3.0606 3.0543 3.0117 2.8127 2.4173 1.8256 1.4775 1.1241 0.9500 0.8800 1.0175 1.1506 1.2325 1.2631 1.4825 1.6906 1.7675 1.7931 1.8175 1.7306 1.5325 1.2231 0.8025 0.3906 0.1875 0.0000 0.0000 0.1020 0.2041 0.2931 0.6190 0.8486 0.9819 1.0187 1.0000 1.0378 1.1200 1.1267 1.0578 0.9133 0.6933 0.3978 0.3600 0.3300 0.2800 0.2100 0.1200 0.0100 0.0000 0.2344 0.4375 0.6094 0.7500 0.8594 0.9375 0.9844 1.1600 1.3144 1.4175 1.4694 1.4700 1.4194 1.3175 1.1644 0.9600 0.9700 0.9600 0.9300 0.8900 1.0223 1.3522 1.9374 2.3779 2.8574 3.1513 3.2898 3.4228 3.3902 3.1821 2.9379 2.4870 2.2393 1.9148 1.7081 1.6734 1.8700 1.8904 1.8752 1.9373 2.0915 2.1554 2.1191 1.9826 1.7458 1.4088 1.1937 1.0173 0.7962 0.6137 0.4421 0.3302 0.3333 0.6656 0.8622 0.9233 0.9600 1.0000 0.9600 0.8400 0.8237 0.7273 0.5102 0.6747 0.8766 1.0064 1.1041 1.2897 1.3233 1.2048 0.9343 0.5525 0.2431 0.0625 0.0000 0.0000 0.0988 0.2593 0.3951 0.5062 0.6326 0.8643 1.0614 1.3537 1.6214 2.2068 2.7570 3.1312 3.3394 3.4318 3.5102 3.4391 3.2547 2.8582 2.2497 1.8291 1.3164 0.7125 0.2600 0.1200
0.8400 0.8800 0.8400 0.7200 0.5200 0.2400 0.0000 0.0000 0.0000 0.0000 0.0000 0.2653 0.4898 0.6735 0.8367 1.2041 1.4898 1.6939 1.8163 1.8571 1.8163 1.6939 1.4898 1.2041 0.8367 0.6939 0.5502 0.6057 0.5404 0.6400 0.6800 0.6400 0.5200 0.4033 0.2622 0.3056 0.3333 0.3056 0.2222 0.0833 0.0000 0.0000 0.0000 0.0000 0.0000 0.0000 0.1020 0.5822 1.0302 1.4531 1.8884 2.2785 2.4723 2.4697 2.2707 1.8753 1.4559 1.4065 1.3120 1.2400 1.1700 1.1094 1.0425 1.0844 1.1150 1.4544 1.6625 1.7394 1.8350 1.8594 1.7725 1.5744 1.2650 0.8444 0.3125 0.1094 0.0000 0.0000 0.0000 0.0000 0.0000 0.3260 0.5556 0.7500 0.8889 1.0022 1.1600 1.2422 1.2489 1.1800 1.0356 0.8156 0.5200 0.5100 0.4800 0.4300 0.3600 0.2700 0.1600 0.0456 0.2500 0.4531 0.6250 0.7656 0.8750 0.9531 1.0000 1.2056 1.3600 1.4631 1.5150 1.5156 1.4650 1.3631 1.2100 1.0056 1.0000 0.9900 0.9600 0.9100 1.0300 1.3199 1.9051 2.5292 3.0087 3.3027 3.4111 3.5441 3.5115 3.3135 2.9499 2.4208 2.1662 1.8418 1.4414 1.3367 1.5002 1.6300 1.6148 1.6893 1.8535 1.9174 1.9015 1.7446 1.5078 1.2819 1.1501 0.9737 0.8915 0.8201 0.7685 0.6667 0.6233 0.9556 1.1522 1.2133 1.1389 1.0400 1.0000 0.8800 0.6800 0.5837 0.3665 0.4286 0.4898 0.6196 0.6773 0.6629 0.5765 0.4580 0.1875 0.1094 0.0000 0.0000 0.0000 0.0247 0.2099 0.3704 0.5062 0.6173 0.7037 0.8854 1.0725 1.2448 1.4725 2.1986 2.7487 3.1229 3.3212 3.5272 3.5564 3.3989 3.1898 2.7933 2.1848 1.8042 1.2915 0.6468 0.0400 0.0000
0.9600 1.0000 0.9600 0.8400 0.6400 0.3600 0.0000 0.0000 0.0000 0.0000 0.0204 0.2857 0.5102 0.6939 0.8367 1.2041 1.4898 1.6939 1.8163 1.8571 1.8163 1.6939 1.4898 1.2041 0.8367 0.6735 0.7298 0.7853 0.7200 0.8400 0.8800 0.8400 0.8589 0.8533 0.7122 0.5556 0.5833 0.5556 0.4722 0.3333 0.1389 0.0000 0.0000 0.0000 0.1094 0.1875 0.2344 0.4737 0.9217 1.2177 1.4816 1.6235 1.7586 1.8424 1.7051 1.4701 1.6296 1.6636 1.5728 1.5411 1.3847 1.1900 1.1231 0.9250 0.9556 1.2950 1.5031 1.6300 1.7656 1.7900 1.7031 1.5050 1.1956 0.7750 0.2431 0.0000 0.0000 0.0000 0.0000 0.0000 0.0000 0.2222 0.4722 0.6667 0.8156 1.0489 1.2067 1.2889 1.2956 1.2267 1.0822 0.8622 0.6500 0.6400 0.6100 0.5600 0.4900 0.4000 0.2900 0.1600 0.2444 0.4375 0.6094 0.7500 0.8798 0.9375 0.9944 1.2000 1.3544 1.4575 1.5094 1.5100 1.4594 1.3575 1.2044 1.0000 1.0100 1.0000 0.9700 0.9200 1.0100 1.2628 1.8301 2.4950 2.9745 3.2685 3.3770 3.4999 3.4674 3.2693 2.9057 2.4966 2.2421 1.9020 1.4764 1.3014 1.2060 1.2247 1.2465 1.4530 1.7193 1.8444 1.8286 1.6716 1.4847 1.2956 1.0619 0.9688 0.9977 1.0463 1.0247 0.9228 0.7778 1.1100 1.3067 1.3678 1.2933 1.0833 0.9600 0.8400 0.6400 0.3600 0.1020 0.2041 0.2653 0.2857 0.2653 0.2041 0.1177 0.0000 0.0000 0.0000 0.0000 0.0000 0.0000 0.1111 0.2963 0.4568 0.5926 0.7037 0.7901 0.8619 1.0489 1.1912 1.4083 2.0144 2.5645 2.9387 3.3206 3.5266 3.5159 3.2884 2.9428 2.5164 2.0278 1.6472 1.1646 0.6898 0.2930 0.0000
1.0000 1.0400 1.0000 0.8800 0.6800 0.4000 0.0400 0.0000 0.0000 0.0000 0.0000 0.2653 0.4898 0.6735 0.8163 1.1224 1.4082 1.6122 1.7347 1.7755 1.7347 1.6122 1.4082 1.1224 0.7551 0.6122 0.7886 0.8441 0.8400 0.9600 1.0000 1.0433 1.1733 1.1678 1.0267 0.7500 0.7778 0.7500 0.6667 0.5278 0.3333 0.0833 0.0625 0.2031 0.3125 0.3906 0.4375 0.4531 0.6612 0.9572 1.1111 1.3517 1.4326 1.4261 1.3166 1.5216 1.7211 1.7551 1.8480 1.8163 1.6599 1.3788 1.0725 0.8744 0.6650 1.0044 1.2125 1.4494 1.5850 1.6094 1.5225 1.3244 1.0150 0.5944 0.0625 0.0000 0.0000 0.0000 0.0000 0.0000 0.0000 0.0833 0.3333 0.5278 0.7867 1.0200 1.1778 1.2600 1.2667 1.1978 1.0533 0.8333 0.7600 0.7500 0.7356 0.6700 0.6000 0.5100 0.4000 0.2700 0.3075 0.4927 0.7666 0.9684 1.0982 1.1559 1.1416 1.2452 1.2975 1.4006 1.4525 1.4531 1.4025 1.3006 1.1475 0.9900 1.0000 0.9900 0.9600 0.9100 0.9500 1.1411 1.6104 2.2754 2.7548 3.0488 3.1573 3.2902 3.2577 3.0596 2.6960 2.4870 2.2324 1.8923 1.4667 1.2267 1.1214 0.9467 1.0250 1.2390 1.5052 1.6304 1.6979 1.6798 1.5762 1.3871 1.1126 1.0247 1.1636 1.2222 1.2006 1.0988 0.9167 1.1289 1.3256 1.3867 1.3122 1.1022 0.8400 0.7200 0.5200 0.2400 0.0000 0.0000 0.0000 0.0204 0.0000 0.0000 0.0000 0.0000 0.0000 0.0000 0.0000 0.0000 0.0000 0.1728 0.3580 0.5185 0.6543 0.7654 0.8519 0.9136 0.9806 1.1230 1.4081 1.7042 2.2044 2.6806 3.1034 3.3093 3.2986 3.0711 2.6638 2.2374 1.9388 1.6182 1.2856 0.9008 0.5140 0.1020
0.9600 1.0000 0.9600 0.8400 0.6400 0.3600 0.0000 0.0000 0.0000 0.0000 0.0000 0.2041 0.4286 0.6122 0.7551 0.9592 1.2449 1.4490 1.5714 1.6122 1.5714 1.4490 1.2449 0.9592 0.6531 0.5502 0.7265 0.7820 0.8800 1.0000 1.0400 1.2222 1.3522 1.3467 1.2056 0.9289 0.9167 0.8889 0.8056 0.6667 0.4722 0.2847 0.2344 0.3750 0.4844 0.5625 0.6094 0.6250 0.6094 0.6645 0.8119 0.9696 1.0505 1.0546 1.0826 1.4476 1.6879 1.9056 1.9985 1.9668 1.8104 1.5293 1.1235 0.6925 0.3631 0.5825 0.9106 1.1575 1.2931 1.3175 1.2306 1.0325 0.7231 0.3025 0.0000 0.0000 0.0000 0.0000 0.0000 0.0000 0.0000 0.0000 0.1389 0.3733 0.6822 0.9156 1.0733 1.1556 1.1622 1.0933 0.9489 0.9494 1.0375 1.0744 1.0600 0.9944 0.8775 0.7094 0.4900 0.3600 0.5030 0.6790 0.9129 1.1148 1.2446 1.3023 1.2879 1.3615 1.3730 1.2925 1.3444 1.3450 1.2944 1.1925 1.0394 0.9600 0.9700 0.9600 0.9300 0.8800 0.8500 0.9547 1.4452 1.8702 2.3496 2.6436 2.7821 2.9150 2.8825 2.6844 2.5608 2.3918 2.1372 1.7971 1.3838 1.0826 0.9773 0.9863 1.1111 1.3250 1.5135 1.6364 1.7039 1.6858 1.6122 1.4732 1.2686 1.3040 1.2593 1.3179 1.2963 1.1944 1.0123 1.0122 1.2089 1.2700 1.1956 0.9856 0.6400 0.5200 0.3200 0.0400 0.0000 0.0000 0.0000 0.0000 0.0000 0.0000 0.0000 0.0000 0.0000 0.0000 0.0000 0.0000 0.0000 0.2099 0.3951 0.5556 0.6914 0.8025 0.8889 0.9506 0.9877 1.0100 1.3420 1.5981 1.8183 2.3266 2.6993 2.8753 2.8645 2.6370 2.2227 2.1263 2.1377 1.9771 1.7645 1.4197 0.9029 0.2441
0.8400 0.8800 0.8400 0.7200 0.5200 0.2400 0.0000 0.0000 0.0000 0.0000 0.0000 0.1020 0.3265 0.5102 0.6531 0.7551 1.0000 1.2041 1.3265 1.3673 1.3265 1.2041 1.0000 0.7143 0.5102 0.3673 0.5437 0.6400 0.8400 0.9600 1.0000 1.2656 1.3956 1.3900 1.2489 0.9722 1.0000 0.9722 0.8889 0.7500 0.5556 0.5087 0.3750 0.5156 0.6250 0.7031 0.7500 0.7656 0.7500 0.8019 0.8843 0.9107 0.9116 0.9157 0.9043 1.3714 1.7137 1.9314 2.0243 1.9926 1.8362 1.5551 1.1493 0.6188 0.0500 0.1494 0.5075 0.7544 0.8900 0.9144 0.8275 0.6294 0.3200 0.0400 0.0000 0.0000 0.0000 0.0000 0.0000 0.0000 0.0000 0.0000 0.0000 0.1933 0.5022 0.7356 0.8933 0.9756 0.9822 0.9758 1.0831 1.2225 1.3106 1.3475 1.3331 1.2675 1.1506 0.9825 0.7631 0.6762 0.6473 0.8233 0.9872 1.1891 1.3189 1.3766 1.3622 1.3858 1.3973 1.3168 1.1850 1.1856 1.1350 1.0331 0.8800 0.9100 0.9200 0.9100 0.8800 0.8300 0.7600 0.8104 1.2145 1.5995 1.8789 2.0529 2.2414 2.3743 2.4618 2.4637 2.3801 2.2111 1.9565 1.6164 1.1908 0.8895 0.8659 1.0021 1.2016 1.4555 1.6596 1.7669 1.8244 1.8163 1.7428 1.6037 1.4269 1.4623 1.3767 1.3333 1.3117 1.2099 1.0278 1.0000 0.9567 1.0178 0.9433 0.7333 0.3878 0.2400 0.0400 0.0000 0.0000 0.0000 0.0000 0.0000 0.0000 0.0000 0.0000 0.0000 0.0000 0.0000 0.0000 0.0000 0.0123 0.2222 0.4074 0.5679 0.7037 0.8148 0.9012 0.9630 1.0000 1.0280 1.2500 1.4561 1.6362 2.0057 2.2585 2.4345 2.4137 2.3162 2.1419 2.3531 2.4846 2.4840 2.3113 1.9666 1.4498 0.7609
0.6400 0.6800 0.6400 0.5200 0.3200 0.0400 0.0000 0.0000 0.0000 0.0000 0.0000 0.0000 0.1837 0.3673 0.5102 0.6122 0.6735 0.8776 1.0000 1.0408 1.0000 0.8932 0.6735 0.4286 0.3265 0.1837 0.2400 0.5200 0.7200 0.8400 0.9078 1.1733 1.3033 1.2978 1.1567 1.0000 1.0278 1.0000 0.9167 0.7778 0.6927 0.6458 0.5122 0.6250 0.7344 0.8125 0.8594 0.8750 0.8841 1.0224 1.1047 1.1312 1.1017 1.0162 0.9148 1.2725 1.6148 1.8325 1.9254 1.8937 1.7373 1.4562 1.0504 0.5699 0.0247 0.0000 0.0400 0.2400 0.3756 0.4000 0.3600 0.2400 0.0400 0.0000 0.0000 0.0000 0.0000 0.0000 0.0000 0.0000 0.0000 0.0000 0.0000 0.1600 0.3300 0.4800 0.6378 0.7200 0.8725 1.1144 1.3050 1.4444 1.5325 1.5694 1.5550 1.4894 1.3725 1.2044 1.0870 1.0409 0.9027 0.8756 0.9895 1.1913 1.3211 1.3788 1.3645 1.3181 1.3296 1.2490 1.0764 0.9750 0.9244 0.8225 0.8100 0.8400 0.8500 0.8400 0.8100 0.7600 0.6900 0.6100 0.9153 1.2633 1.5427 1.7167 1.9352 2.1081 2.1956 2.1975 2.1139 1.9448 1.6903 1.3502 0.9246 0.5863 0.7221 1.0665 1.4697 1.7549 1.9590 2.0663 2.0769 1.9907 1.8478 1.6687 1.4641 1.4996 1.4140 1.2685 1.2469 1.1451 1.0000 0.9722 0.8889 0.7500 0.5556 0.3456 0.0000 0.0000 0.0000 0.0000 0.0000 0.0000 0.0000 0.0000 0.0000 0.0000 0.0000 0.0000 0.0000 0.0000 0.0000 0.0000 0.0000 0.2099 0.3951 0.5556 0.6914 0.8025 0.8889 0.9506 0.9877 1.0000 1.2220 1.3881 1.5187 1.8382 2.0609 2.1969 2.2162 2.1587 2.3444 2.6879 2.8594 2.8588 2.6861 2.3414 1.8246 1.1357
0.3600 0.4000 0.3600 0.2400 0.0400 0.0000 0.0000 0.0000 0.0000 0.0000 0.0000 0.0000 0.0000 0.1837 0.3265 0.4286 0.4898 0.5102 0.7012 0.8202 0.8262 0.7194 0.4997 0.3916 0.2114 0.0000 0.0400 0.3200 0.5200 0.6400 0.6800 0.9456 1.0756 1.0700 0.9289 0.9722 1.0000 0.9722 0.8889 0.7500 0.7431 0.6962 0.5625 0.7031 0.8125 0.8906 0.9375 0.9531 1.0486 1.1869 1.2897 1.2957 1.2662 1.1807 1.0394 1.1289 1.4212 1.6089 1.7019 1.6701 1.5437 1.3126 0.9768 0.5363 0.1111 0.0000 0.0000 0.0000 0.0000 0.0400 0.0000 0.0000 0.0000 0.0000 0.0000 0.0000 0.0000 0.0000 0.0000 0.0000 0.0000 0.0000 0.0000 0.1900 0.3600 0.5100 0.6400 0.7500 1.0431 1.2850 1.4756 1.6150 1.7031 1.7400 1.7256 1.6600 1.5431 1.3750 1.3597 1.3136 1.1754 0.9451 0.9196 1.1215 1.2513 1.3090 1.2946 1.2082 1.1697 1.0892 0.9166 0.7131 0.6625 0.6700 0.7200 0.7500 0.7600 0.7500 0.7200 0.6700 0.6000 0.5100 0.6341 0.8586 1.1010 1.3250 1.5834 1.7564 1.8438 1.8458 1.7622 1.5931 1.3385 0.9984 0.5728 0.4430 0.9822 1.5335 1.9067 2.1919 2.3491 2.4183 2.5195 2.5533 2.4104 2.0907 1.7036 1.4557 1.3301 1.1235 1.1019 1.0000 0.9167 0.8889 0.8056 0.6667 0.4722 0.2222 0.0000 0.0000 0.0000 0.0000 0.0000 0.0000 0.0000 0.0000 0.0000 0.0000 0.0000 0.0000 0.0000 0.0000 0.0000 0.0000 0.0000 0.1728 0.3580 0.5185 0.6543 0.7654 0.8519 0.9136 0.9506 0.9630 1.1381 1.3042 1.4144 1.7339 1.9566 2.0826 2.1419 2.2043 2.5675 2.8906 3.0621 3.0615 2.8888 2.5441 2.0273 1.3853
0.0000 0.0400 0.0000 0.0000 0.0000 0.0000 0.0000 0.0000 0.0000 0.0000 0.0000 0.0000 0.0000 0.0000 0.1020 0.2041 0.3278 0.4888 0.5778 0.5947 0.5395 0.4735 0.4375 0.3906 0.3125 0.2031 0.0625 0.0400 0.2400 0.3600 0.4000 0.5822 0.7122 0.7067 0.8056 0.8889 0.9167 0.8889 0.8056 0.6767 0.7066 0.6597 0.6094 0.7500 0.8594 0.9375 0.9844 1.1020 1.3613 1.5608 1.6792 1.6696 1.5789 1.3914 1.1480 0.9906 1.2830 1.4706 1.5536 1.5319 1.4054 1.1743 0.8385 0.3980 0.1728 0.0000 0.0000 0.0000 0.0000 0.0000 0.0000 0.0000 0.0000 0.0000 0.0000 0.0000 0.0000 0.0000 0.0000 0.0000 0.0000 0.0000 0.0100 0.2000 0.3700 0.5200 0.6500 0.8694 1.1625 1.4044 1.5950 1.7344 1.8225 1.8594 1.8450 1.7794 1.6625 1.4944 1.5403 1.4942 1.3560 1.1257 0.9284 0.9796 1.1094 1.1671 1.1527 1.0663 0.9178 0.8373 0.6647 0.4000 0.4900 0.5600 0.6100 0.6400 0.6500 0.6400 0.6100 0.5600 0.4900 0.4000 0.3920 0.4965 0.6402 0.8878 1.1462 1.3192 1.4066 1.4085 1.3250 1.1559 0.9013 0.6237 0.5277 0.8420 1.6212 2.2024 2.5757 2.7409 2.7381 3.0073 3.1085 3.0017 2.7962 2.4765 1.9801 1.5308 1.1652 0.9186 0.8765 0.7747 0.7778 0.7500 0.6667 0.5278 0.3333 0.0833 0.0000 0.0000 0.0000 0.0000 0.0000 0.0000 0.0000 0.0000 0.0000 0.0000 0.0000 0.0000 0.0000 0.0000 0.0000 0.0000 0.0000 0.1111 0.2963 0.4568 0.5926 0.7037 0.7901 0.8519 0.8889 0.9012 0.9983 1.1644 1.2745 1.5328 1.7555 1.9936 2.2749 2.4386 2.8635 3.1866 3.2968 3.1942 2.9195 2.5747 2.0579 1.4941
0.0000 0.0000 0.0000 0.0000 0.0000 0.0000 0.0000 0.0000 0.0000 0.0000 0.0000 0.0000 0.0000 0.0000 0.0000 0.0625 0.2344 0.3954 0.4844 0.5625 0.6094 0.6250 0.6094 0.5625 0.4844 0.3750 0.2344 0.0625 0.0000 0.0000 0.0400 0.0833 0.3333 0.5278 0.6667 0.7900 0.8878 0.9100 0.8567 0.7434 0.7733 0.6965 0.7350 0.8056 0.8750 0.9531 1.1837 1.4515 1.8259 2.0724 2.1908 2.1812 2.0435 1.7779 1.3843 1.0033 1.0400 1.2277 1.3106 1.2889 1.1625 0.9314 0.5956 0.3951 0.2099 0.0000 0.0000 0.0000 0.0000 0.0000 0.0000 0.0000 0.0000 0.0000 0.0000 0.0000 0.0000 0.0000 0.0000 0.0000 0.0000 0.0000 0.0000 0.1900 0.3600 0.5100 0.6400 0.9375 1.2306 1.4725 1.6631 1.8025 1.8906 1.9275 1.9131 1.8475 1.7306 1.5829 1.6288 1.5827 1.4445 1.2142 0.9388 1.0000 1.0204 1.0000 0.9388 0.8524 0.6939 0.5402 0.4457 0.2904 0.3600 0.4300 0.5078 0.5100 0.5200 0.5100 0.4800 0.4300 0.3600 0.2700 0.1600 0.2137 0.3673 0.5502 0.7222 0.8335 0.8839 0.8858 0.8022 0.6702 0.5398 0.4980 0.8981 1.3794 2.0822 2.6634 3.0367 3.2019 3.3991 3.4283 3.4895 3.3827 3.0679 2.6856 2.1892 1.5160 1.0393 0.5926 0.5710 0.5556 0.5833 0.5556 0.4722 0.3333 0.1389 0.0000 0.0000 0.0000 0.0000 0.0000 0.0000 0.0000 0.0000 0.0000 0.0000 0.0000 0.0000 0.0000 0.0000 0.0000 0.0000 0.0000 0.0000 0.0247 0.2099 0.3704 0.5062 0.6173 0.7037 0.7654 0.8025 0.8148 0.8025 0.9686 1.0787 1.2349 1.6414 2.0302 2.3115 2.4352 2.9465 3.2974 3.3799 3.2773 2.9617 2.4333 1.9165 1.4620
0.0000 0.0000 0.0000 0.0000 0.0000 0.0000 0.0000 0.0000 0.0000 0.0000 0.0000 0.0000 0.0000 0.0000 0.0000 0.2031 0.3750 0.5156 0.6250 0.7031 0.7704 0.7656 0.7500 0.7031 0.6250 0.5156 0.3750 0.2031 0.0000 0.0000 0.0000 0.0000 0.1389 0.3433 0.5922 0.7656 0.8633 0.8856 0.8322 0.7033 0.7333 0.7675 0.8894 0.9600 0.9794 1.1937 1.5548 1.8350 2.2095 2.4559 2.5743 2.5647 2.4271 2.1614 1.7678 1.2462 1.0000 1.0000 0.9630 0.9412 0.8148 0.7037 0.5679 0.4278 0.2222 0.0123 0.0000 0.0000 0.0000 0.0000 0.0000 0.0000 0.0000 0.0000 0.0000 0.0000 0.0000 0.0000 0.0000 0.0000 0.0000 0.0000 0.0000 0.1600 0.3300 0.4800 0.6100 0.9544 1.2475 1.4894 1.6800 1.8194 1.9075 1.9444 1.9300 1.8644 1.7475 1.5794 1.6253 1.5792 1.4410 1.2107 0.9184 0.9796 1.0000 0.9796 0.9184 0.8163 0.6735 0.4898 0.2753 0.2033 0.4322 0.5856 0.6633 0.6656 0.5922 0.4433 0.3300 0.2800 0.2100 0.1404 0.0100 0.0000 0.1837 0.3265 0.4286 0.4898 0.5102 0.4998 0.4286 0.3265 0.3868 0.7244 1.3481 1.8294 2.3722 2.9164 3.2896 3.4548 3.7721 3.8013 3.6625 3.5556 3.2408 2.7180 2.2215 1.5483 0.8233 0.2068 0.2222 0.3056 0.3333 0.3056 0.2222 0.0833 0.0000 0.0000 0.0000 0.0000 0.0000 0.0000 0.0000 0.0000 0.0000 0.0000 0.0000 0.0000 0.0000 0.0000 0.0000 0.0000 0.0000 0.0000 0.0000 0.0000 0.0988 0.2593 0.3951 0.5062 0.6326 0.6543 0.6914 0.7037 0.6914 0.7168 0.8270 1.0648 1.4705 1.9093 2.2739 2.6229 3.1223 3.4732 3.5556 3.3697 2.9153 2.3035 1.7437 1.3300
0.0000 0.0000 0.0000 0.0000 0.0000 0.0000 0.0000 0.0000 0.0000 0.0000 0.0000 0.0000 0.0000 0.0000 0.1094 0.3125 0.4844 0.7270 0.9385 1.0778 1.1451 1.1403 1.0635 0.9145 0.7344 0.6250 0.4844 0.3125 0.1094 0.0000 0.0000 0.0000 0.0456 0.2433 0.4922 0.6656 0.7633 0.7856 0.7322 0.6033 0.6975 0.8706 0.9925 1.0631 1.2470 1.6115 1.8527 2.0906 2.4650 2.7114 2.8298 2.8202 2.6826 2.4170 2.0233 1.5486 1.1645 0.9877 0.9506 0.8889 0.9045 0.8954 0.8209 0.6808 0.4752 0.2041 0.1020 0.0000 0.0000 0.0000 0.0000 0.0000 0.0000 0.0000 0.0000 0.0000 0.0000 0.0000 0.0000 0.0000 0.0000 0.0000 0.0000 0.1100 0.2800 0.4300 0.5756 0.9200 1.2131 1.4550 1.6456 1.7850 1.8731 1.9100 1.8956 1.8300 1.7131 1.5450 1.5297 1.4836 1.3454 1.1151 0.8728 0.9184 0.9388 0.9184 0.8571 0.7551 0.6122 0.4286 0.3430 0.3333 0.5122 0.6656 0.7433 0.7456 0.6722 0.5233 0.4009 0.3141 0.3053 0.2857 0.2653 0.2041 0.1020 0.1020 0.2041 0.2653 0.2857 0.2653 0.2041 0.2114 0.3125 1.0319 1.6556 2.1369 2.5777 2.9984 3.3346 3.5398 3.8570 3.8862 3.6274 3.5206 3.2058 2.6830 2.0771 1.4039 0.6408 0.0400 0.0000 0.0000 0.0278 0.0000 0.0000 0.0000 0.0000 0.0000 0.0000 0.0000 0.0000 0.0000 0.0000 0.0000 0.0000 0.0000 0.0000 0.0000 0.0000 0.0000 0.0000 0.0000 0.0000 0.0000 0.0000 0.0000 0.0000 0.1635 0.4993 0.7304 0.8568 0.8785 0.7956 0.6079 0.5556 0.5185 0.6213 0.9000 1.1920 1.7697 2.2825 2.7302 3.0296 3.3805 3.4630 3.2893 2.8226 2.2091 1.5320 1.2000
0.0000 0.0000 0.0000 0.0000 0.0000 0.0000 0.0000 0.0000 0.0000 0.0000 0.0000 0.0000 0.0000 0.0000 0.1875 0.3906 0.7462 1.0297 1.2411 1.3804 1.4477 1.4429 1.3661 1.2172 1.0062 0.7031 0.5625 0.3906 0.1875 0.1094 0.1875 0.2444 0.4100 0.5244 0.5875 0.5994 0.5878 0.6100 0.6400 0.6500 0.7494 0.9225 1.0444 1.1150 1.5416 1.9265 2.1472 2.2651 2.5925 2.8389 2.9573 2.9477 2.8101 2.5445 2.1508 1.7542 1.3702 0.9506 0.9136 1.0633 1.0920 1.0829 1.0083 0.8682 0.6626 0.4286 0.3265 0.1837 0.0000 0.0000 0.0000 0.0000 0.0000 0.0000 0.0123 0.0000 0.0000 0.0000 0.0000 0.0000 0.0000 0.0000 0.0000 0.0400 0.2100 0.3600 0.4900 0.8344 1.1275 1.3694 1.5600 1.6994 1.7875 1.8244 1.8100 1.7444 1.6275 1.4594 1.3420 1.2959 1.1577 0.9274 0.7951 0.8163 0.8367 0.8163 0.7551 0.6531 0.5102 0.4099 0.4354 0.5278 0.6667 0.7500 0.7778 0.7500 0.6767 0.7115 0.6599 0.5119 0.4898 0.5102 0.4898 0.4286 0.3265 0.1837 0.0000 0.0000 0.0204 0.0000 0.0000 0.1875 0.4306 1.1969 1.8206 2.3019 2.6406 3.0205 3.2580 3.3368 3.6540 3.6832 3.4244 3.2776 2.9627 2.4799 1.9960 1.4427 0.7600 0.3600 0.2400 0.0400 0.0000 0.0000 0.0000 0.0000 0.0000 0.0000 0.0000 0.0000 0.0000 0.0000 0.0000 0.0000 0.0000 0.0000 0.0000 0.0000 0.0000 0.0000 0.0000 0.0000 0.0000 0.0000 0.0000 0.0000 0.0400 0.3200 0.6188 0.8499 0.9763 0.9980 0.9151 0.7274 0.4351 0.3580 0.5004 0.6384 1.0637 1.6059 2.2013 2.6738 3.0196 3.1922 3.3117 3.1381 2.8119 2.2647 1.5985 0.9947
0.0000 0.0000 0.0000 0.0000 0.0000 0.0000 0.0000 0.0000 0.0000 0.0000 0.0000 0.0000 0.0000 0.0000 0.2344 0.6212 0.9767 1.2602 1.4716 1.6110 1.7183 1.7835 1.7566 1.6377 1.4267 1.1237 0.7694 0.6100 0.4775 0.3125 0.3906 0.5575 0.7231 0.8375 0.9006 0.9125 0.8731 0.7825 0.7500 0.7600 0.7500 0.9231 1.1470 1.4291 1.9781 2.3630 2.5838 2.6404 2.6940 2.8384 2.9568 2.9472 2.8096 2.5439 2.1503 1.8631 1.5624 1.2205 1.3411 1.4908 1.5195 1.4271 1.2136 0.9902 0.7846 0.6122 0.5102 0.3673 0.1837 0.0000 0.0247 0.1111 0.1728 0.2099 0.2222 0.2099 0.1728 0.1111 0.0247 0.0000 0.0000 0.0000 0.0000 0.0000 0.1200 0.2700 0.4000 0.6975 0.9906 1.2325 1.4231 1.5625 1.6506 1.6875 1.6731 1.6075 1.4906 1.3225 1.1031 1.0562 1.1180 1.0577 1.0122 1.0335 0.9339 0.7135 0.6122 0.5102 0.3673 0.4059 0.4722 0.6667 0.8056 0.8889 0.9167 0.8889 0.9892 1.0340 0.9824 0.8345 0.6735 0.6939 0.6735 0.6122 0.5102 0.3673 0.1837 0.0000 0.0000 0.0000 0.0000 0.2344 0.4531 1.2194 1.8431 2.3244 2.6631 2.8594 3.0968 3.1509 3.2617 3.2292 2.9333 2.8265 2.5517 2.3459 1.8768 1.4100 0.9356 0.6400 0.5200 0.3200 0.0400 0.0000 0.0000 0.0000 0.0000 0.0000 0.0000 0.0000 0.0000 0.0000 0.0123 0.0000 0.0000 0.0000 0.0000 0.0000 0.0000 0.0000 0.0000 0.0000 0.0000 0.0000 0.0000 0.0000 0.2400 0.5200 0.7200 0.8647 0.9911 1.0128 0.9299 0.7422 0.4499 0.1728 0.3764 0.5145 1.0857 1.6485 2.1938 2.6506 2.9352 3.1147 3.1123 2.9893 2.7652 2.3200 1.7738 1.1699
0.0000 0.0000 0.0000 0.0000 0.0000 0.0000 0.0000 0.0000 0.0000 0.0000 0.0000 0.0000 0.0000 0.0156 0.3520 0.7797 1.1352 1.4187 1.6401 1.8895 2.0467 2.1120 2.0851 1.9662 1.7552 1.4522 1.1195 0.9675 0.8350 0.6200 0.6125 0.8194 0.9950 1.0994 1.1625 1.1744 1.1350 1.0444 0.9025 0.8500 0.8400 1.0562 1.3209 1.7015 2.2505 2.6354 2.8562 2.9128 2.8300 2.8936 2.8283 2.8187 2.6811 2.4154 2.1624 2.0141 1.8245 1.5846 1.6475 1.7972 1.8259 1.7335 1.5200 1.1855 0.8410 0.7551 0.6531 0.5102 0.3265 0.2008 0.2099 0.2963 0.3580 0.3951 0.4074 0.3951 0.3580 0.2963 0.2099 0.0988 0.0000 0.0000 0.0000 0.0000 0.0100 0.1600 0.2900 0.5094 0.8025 1.0444 1.2350 1.3744 1.4625 1.4994 1.4850 1.4194 1.3025 1.1344 0.9550 0.9644 1.0262 1.0759 1.1086 1.1298 1.0302 0.8098 0.4686 0.3265 0.1837 0.3056 0.5556 0.7500 0.8889 0.9722 1.0000 1.0743 1.2154 1.2602 1.2086 1.0607 0.8163 0.8367 0.8163 0.7551 0.6531 0.5102 0.3265 0.1020 0.0000 0.0000 0.0156 0.2500 0.4531 1.0994 1.7231 2.2044 2.5431 2.7394 2.7931 2.8064 2.7172 2.6847 2.5088 2.3897 2.3272 2.1214 1.6931 1.3944 0.9200 0.8400 0.7200 0.5200 0.2400 0.0000 0.0000 0.0000 0.0000 0.0000 0.0247 0.1111 0.1728 0.2099 0.2222 0.2099 0.1728 0.1111 0.0247 0.0000 0.0000 0.0000 0.0000 0.0000 0.0000 0.0000 0.0000 0.0000 0.3600 0.6400 0.8400 0.9600 1.0000 0.9600 0.8400 0.6523 0.3600 0.0204 0.2857 0.5202 1.1994 1.8857 2.4680 2.9093 3.2094 3.3685 3.3866 3.2635 2.9994 2.5843 2.0481 1.3608
0.0000 0.0000 0.0000 0.0156 0.0000 0.0000 0.0000 0.0000 0.0000 0.0000 0.0000 0.0000 0.0000 0.0000 0.4385 0.8661 1.2216 1.5351 1.8765 2.1259 2.2832 2.3484 2.3215 2.2026 1.9916 1.6886 1.4966 1.2425 1.1500 1.0050 1.1331 1.2500 1.3956 1.5000 1.5331 1.4950 1.3856 1.2550 1.1131 0.9200 1.0937 1.2473 1.4027 1.8097 2.3588 2.7437 2.9644 3.0211 2.9136 2.8207 2.7554 2.5622 2.4245 2.2683 2.1611 2.1239 1.9343 1.7965 1.8329 1.9826 2.0113 1.9189 1.7054 1.3709 1.0017 0.8571 0.7551 0.6122 0.5520 0.4633 0.3704 0.4568 0.5185 0.5556 0.5679 0.5556 0.5185 0.4568 0.3704 0.2593 0.1235 0.0000 0.0000 0.0000 0.0000 0.0423 0.1600 0.2700 0.5631 0.8050 0.9956 1.1350 1.2231 1.2600 1.2456 1.1800 1.0631 0.8950 0.9156 0.9250 0.9231 0.9420 1.0841 1.1053 1.0057 0.7853 0.4441 0.1020 0.0278 0.3333 0.5833 0.7778 0.9167 1.0000 1.0278 1.2041 1.3452 1.3900 1.3384 1.1905 0.9461 0.9388 0.9184 0.8571 0.7551 0.6122 0.4286 0.2041 0.0000 0.0000 0.0000 0.2344 0.4375 0.8369 1.4606 1.9419 2.2806 2.4769 2.5306 2.4419 2.2106 1.8769 1.9010 1.7819 1.9006 1.7969 1.4706 1.1875 1.0000 0.9600 0.8400 0.6400 0.3600 0.0000 0.0400 0.0000 0.0000 0.0988 0.2099 0.2963 0.3580 0.3951 0.4074 0.3951 0.3580 0.2963 0.2099 0.0988 0.0000 0.0000 0.0000 0.0000 0.0000 0.0000 0.0000 0.0400 0.4000 0.6800 0.8800 1.0000 1.0400 1.0000 0.8800 0.6800 0.4000 0.0400 0.2653 0.5176 1.2956 2.0189 2.6012 3.0424 3.3426 3.5017 3.5197 3.3967 3.1326 2.7275 2.1812 1.4940
0.1094 0.1875 0.2344 0.2500 0.2344 0.1875 0.1094 0.0000 0.0000 0.0000 0.0000 0.0000 0.0000 0.0000 0.4528 0.8804 1.2460 1.6795 2.0209 2.2702 2.4275 2.4927 2.4659 2.3470 2.1360 1.9423 1.7603 1.5550 1.5125 1.4144 1.5925 1.7094 1.7350 1.8294 1.8625 1.8244 1.7150 1.5344 1.2825 1.1814 1.2865 1.4402 1.5487 1.8151 2.3029 2.6878 2.9086 2.9652 2.8577 2.6161 2.5138 2.2797 2.1806 2.0869 2.1186 2.0813 1.8918 1.8764 1.9128 2.0469 2.0756 1.9832 1.7697 1.4722 1.2018 0.9184 0.8163 0.7722 0.7491 0.6604 0.5062 0.5926 0.6543 0.6914 0.7037 0.6914 0.6543 0.5926 0.5062 0.3951 0.2593 0.1235 0.1111 0.1728 0.2099 0.2222 0.2199 0.2928 0.3836 0.5391 0.7050 0.8444 0.9325 0.9694 0.9550 0.8894 0.7725 0.6044 0.7450 0.8744 0.9025 0.9600 1.0000 0.9600 0.8604 0.6400 0.3600 0.0000 0.0000 0.3056 0.5556 0.7500 0.8889 0.9722 1.0000 1.2375 1.3787 1.4235 1.3719 1.2239 0.9796 1.0000 0.9796 0.9184 0.8163 0.6735 0.4898 0.2653 0.0000 0.0000 0.0000 0.1875 0.3906 0.6719 1.0556 1.5369 1.8756 2.0719 2.1256 2.0369 1.8056 1.6719 1.5156 1.3369 1.4556 1.3519 1.1925 1.1094 1.0400 1.0000 0.8800 0.7200 0.6400 0.4000 0.4000 0.3600 0.3635 0.2993 0.3704 0.4568 0.5185 0.5556 0.5679 0.5556 0.5185 0.4568 0.3704 0.2593 0.1235 0.0000 0.0000 0.0000 0.0000 0.0000 0.0000 0.0000 0.3600 0.6400 0.8400 0.9600 1.0000 0.9600 0.8400 0.6400 0.3600 0.0000 0.2041 0.4533 1.2877 2.0110 2.5933 3.0345 3.3347 3.4938 3.5118 3.3888 3.1247 2.7196 2.1733 1.5473
0.3125 0.3906 0.4375 0.4531 0.4375 0.3906 0.3125 0.2031 0.0625 0.0000 0.0000 0.0000 0.0000 0.0204 0.3951 0.8227 1.2983 1.7317 2.0732 2.3225 2.4798 2.5450 2.5386 2.3992 2.1883 2.1027 2.0407 1.8354 1.7725 1.7525 1.9606 2.0775 2.1031 2.0875 2.1206 2.0825 1.9731 1.7925 1.5406 1.4216 1.4186 1.5722 1.6651 1.9315 2.2079 2.5147 2.7042 2.7452 2.6377 2.4129 2.2653 2.1035 1.9025 1.8087 1.9238 1.8865 1.7174 1.8040 1.8405 1.9902 2.0188 1.9264 1.7500 1.5760 1.3056 0.9388 0.8614 0.9038 0.8806 0.7919 0.6377 0.7037 0.7654 0.8025 0.8148 0.8025 0.7654 0.7037 0.6173 0.5062 0.4691 0.4198 0.3210 0.3580 0.3951 0.4074 0.3951 0.3580 0.3363 0.3824 0.4619 0.5025 0.5906 0.6275 0.6131 0.5475 0.4306 0.3525 0.6031 0.7425 0.8800 1.0000 1.0400 1.0000 0.8800 0.6800 0.4000 0.0400 0.0000 0.2222 0.4722 0.6667 0.8056 0.8889 0.9371 1.1746 1.3158 1.3605 1.3090 1.1610 1.0000 1.0204 1.0000 0.9388 0.8367 0.6939 0.5102 0.2857 0.0204 0.0000 0.0000 0.1094 0.3125 0.4844 0.8281 1.1094 1.3281 1.5244 1.5781 1.6094 1.5781 1.4844 1.3281 1.1094 1.1881 1.1244 1.0431 0.9600 1.0000 0.9600 0.8800 0.9600 0.8800 0.6400 0.6800 0.7388 0.7793 0.7151 0.5462 0.5926 0.6543 0.6914 0.7037 0.6914 0.6543 0.5926 0.5062 0.3951 0.2593 0.0988 0.0000 0.0000 0.0000 0.0000 0.0000 0.0000 0.2400 0.5200 0.7200 0.8400 0.8800 0.8400 0.7200 0.5200 0.2400 0.0000 0.1020 0.4376 1.1387 1.8621 2.4444 2.8856 3.1857 3.3448 3.3629 3.2399 2.9758 2.5706 2.0244 1.5837
0.4844 0.5625 0.6094 0.6250 0.6094 0.5625 0.4844 0.3750 0.2344 0.0625 0.0000 0.0000 0.0000 0.0000 0.2653 0.7329 1.2585 1.6920 2.0334 2.3848 2.6441 2.7705 2.7641 2.6248 2.3626 2.3418 2.1778 1.9725 1.9300 2.0294 2.2375 2.3544 2.3800 2.3144 2.3075 2.2694 2.1600 1.9794 1.7275 1.6697 1.4998 1.6435 1.7363 2.0652 2.3177 2.6305 2.8201 2.8454 2.7067 2.4038 2.1368 1.8763 1.5276 1.4616 1.5766 1.5394 1.3906 1.5793 1.6626 1.8124 1.8410 1.8350 1.7574 1.5833 1.3129 0.9461 0.9274 0.9698 0.9466 0.8579 0.7037 0.7901 0.8519 0.8889 0.9012 0.8889 0.8519 0.7901 0.7037 0.7160 0.7160 0.6667 0.5679 0.5185 0.5556 0.5679 0.5556 0.5185 0.4568 0.3704 0.2593 0.2328 0.1975 0.2344 0.2500 0.2744 0.1875 0.1094 0.3600 0.6400 0.8400 0.9600 1.0000 0.9600 0.8400 0.6400 0.3600 0.0000 0.0000 0.0833 0.3333 0.5278 0.6667 0.7500 0.7778 1.0153 1.1565 1.2012 1.1497 1.0017 0.9796 1.0000 0.9796 0.9184 0.8163 0.6735 0.4898 0.2653 0.0000 0.0000 0.0000 0.0000 0.2031 0.3750 0.5781 0.8594 1.0781 1.2344 1.3281 1.3594 1.3281 1.2344 1.0781 0.8594 0.8181 0.7544 0.7825 0.8400 0.8800 0.8500 0.9600 1.0400 0.9600 0.8400 0.9047 1.0499 1.0904 1.0262 0.8573 0.7037 0.7654 0.8025 0.8148 0.8025 0.7654 0.7037 0.6173 0.5062 0.3827 0.2099 0.0247 0.0000 0.0000 0.0000 0.0000 0.0000 0.0400 0.3200 0.5200 0.6400 0.6800 0.6400 0.5200 0.3200 0.0400 0.0000 0.0000 0.3565 0.8487 1.5721 2.1543 2.5956 2.8957 3.0548 3.0729 2.9498 2.6857 2.2806 1.7752 1.5754
0.6250 0.7031 0.7500 0.7656 0.7500 0.7031 0.6250 0.5156 0.3750 0.2031 0.0000 0.0000 0.0000 0.0000 0.2041 0.6011 1.1266 1.5601 2.0852 2.4774 2.7367 2.8632 2.8567 2.7174 2.5808 2.5601 2.3553 2.0275 2.1256 2.2150 2.4231 2.5400 2.5656 2.5000 2.4231 2.3850 2.2756 2.0950 1.8635 1.8057 1.6358 1.7164 1.9499 2.2007 2.4531 2.5823 2.7718 2.7972 2.6584 2.3555 2.0985 1.6974 1.2615 1.0609 1.1142 1.0399 1.0748 1.2023 1.4008 1.6122 1.7273 1.7460 1.6684 1.4943 1.2239 0.8571 0.9279 0.9703 0.9471 0.8584 0.7654 0.8519 0.9136 0.9506 0.9630 0.9506 0.9136 0.8519 0.8642 0.9136 0.9136 0.8642 0.7654 0.6543 0.6914 0.7037 0.6914 0.6543 0.5926 0.5062 0.3951 0.2593 0.1388 0.2400 0.3756 0.4000 0.3600 0.2400 0.2800 0.5200 0.7200 0.8400 0.8800 0.8400 0.7200 0.5200 0.2400 0.0000 0.0000 0.0000 0.1389 0.3333 0.4722 0.5556 0.5833 0.7596 0.9008 0.9456 0.8940 0.8571 0.9184 0.9388 0.9340 0.8571 0.7551 0.6122 0.4286 0.2041 0.0000 0.0000 0.0000 0.0000 0.0625 0.2344 0.3750 0.5469 0.7656 0.9219 1.0156 1.0469 1.0156 0.9219 0.7656 0.5469 0.3056 0.4225 0.6300 0.8000 0.8700 0.8400 1.0700 1.1200 0.9900 1.0000 1.1111 1.2563 1.2968 1.2326 1.0637 0.7901 0.8519 0.8889 0.9012 0.8889 0.8765 0.9012 0.8765 0.8025 0.6790 0.5062 0.2840 0.1111 0.0247 0.0000 0.0000 0.0000 0.0000 0.0400 0.2400 0.3600 0.4000 0.3600 0.2400 0.0400 0.0000 0.0000 0.0000 0.2099 0.5787 1.1410 1.7233 2.1645 2.4646 2.6237 2.6418 2.5188 2.2547 1.8495 1.6389 1.5225
0.7344 0.8125 0.8594 0.8750 0.8594 0.8125 0.7344 0.6250 0.4844 0.3125 0.1094 0.0000 0.0000 0.0000 0.1020 0.4865 0.9027 1.5199 2.0449 2.4372 2.6965 2.8229 2.8165 2.7172 2.6149 2.5942 2.3894 2.2730 2.2500 2.3394 2.5175 2.6344 2.6600 2.5944 2.4675 2.4294 2.3200 2.1394 1.8875 1.8297 1.7223 1.8778 2.0713 2.2127 2.4652 2.5944 2.6002 2.5848 2.4460 2.1732 1.9161 1.5150 0.9697 0.7270 0.7378 0.8472 0.8698 0.9076 1.2154 1.4269 1.5420 1.5607 1.4830 1.3090 1.0385 0.7551 0.8629 0.9053 0.8821 0.7934 0.8025 0.8889 0.9506 0.9877 1.0000 0.9877 0.9506 0.9136 1.0123 1.0617 1.0617 1.0123 0.9136 0.7654 0.8025 0.8148 0.8025 0.7654 0.7037 0.6173 0.5062 0.4104 0.5299 0.5447 0.6400 0.6800 0.6400 0.5200 0.3600 0.3600 0.5200 0.6400 0.6800 0.6400 0.5200 0.3356 0.0400 0.0000 0.0000 0.0000 0.0000 0.0833 0.2222 0.3056 0.3333 0.4076 0.5488 0.5935 0.6531 0.8645 1.0038 1.0711 1.0663 0.9895 0.8406 0.6196 0.3265 0.1020 0.0000 0.0000 0.0000 0.0000 0.0000 0.0625 0.2031 0.3125 0.3906 0.5469 0.6406 0.6719 0.6406 0.5469 0.3906 0.1819 0.1200 0.2500 0.5200 0.6900 0.7600 0.7700 1.0000 1.0500 1.1600 1.2100 1.3328 1.3680 1.3985 1.3343 1.1654 0.8919 0.9136 0.9506 0.9630 1.0494 1.1235 1.1481 1.1235 1.0494 0.9259 0.7531 0.5309 0.2963 0.2099 0.0988 0.0000 0.0000 0.0000 0.0000 0.0000 0.0000 0.0400 0.0000 0.0000 0.0000 0.0000 0.0000 0.0123 0.2222 0.4074 0.6799 1.1511 1.5923 1.8925 2.0516 2.0696 1.9466 1.7233 1.6130 1.5412 1.4248
0.8125 0.8906 0.9375 0.9531 0.9375 0.8906 0.8125 0.7031 0.5625 0.3906 0.1875 0.0000 0.0000 0.0000 0.0000 0.3737 0.8294 1.3467 1.8718 2.2640 2.5234 2.6498 2.6434 2.6140 2.5118 2.4442 2.4208 2.4690 2.4052 2.3925 2.5206 2.6375 2.6631 2.5975 2.4406 2.4025 2.2931 2.1125 1.8606 1.7516 1.8217 1.9772 2.1007 2.2421 2.3540 2.4832 2.4890 2.3715 2.1307 1.8466 1.5896 1.1885 0.7656 0.4844 0.4583 0.5677 0.5903 0.6667 0.9460 1.1451 1.2702 1.2789 1.2012 1.0272 0.7568 0.6246 0.7324 0.7748 0.7516 0.7037 0.8148 0.9012 0.9630 1.0000 1.0123 1.0000 0.9630 1.0123 1.1111 1.1605 1.1605 1.1111 1.0123 0.8642 0.8889 0.9012 0.8889 0.8519 0.7901 0.7037 0.5926 0.6968 0.8163 0.8311 0.8400 0.8800 0.8400 0.7200 0.5200 0.2800 0.2400 0.3600 0.5094 0.5475 0.4744 0.2900 0.2344 0.1875 0.1094 0.0000 0.0000 0.0000 0.0000 0.0000 0.0278 0.0000 0.1837 0.4298 0.7133 0.9247 1.0641 1.1314 1.1266 1.0497 0.9008 0.6798 0.3868 0.0625 0.0000 0.0000 0.0000 0.0000 0.0000 0.0000 0.0000 0.1094 0.1875 0.2344 0.2500 0.2344 0.2031 0.1094 0.0300 0.1600 0.2700 0.3600 0.4300 0.4800 0.5500 0.5200 0.8700 1.1200 1.2700 1.3200 1.4799 1.5151 1.4256 1.3314 1.1625 0.8889 0.9506 0.9877 1.1235 1.2469 1.3210 1.3457 1.3210 1.2469 1.1235 0.9506 0.7284 0.4568 0.3704 0.2593 0.1235 0.0000 0.0000 0.0000 0.0000 0.0000 0.0000 0.0000 0.0000 0.0000 0.0000 0.0000 0.0000 0.2099 0.3951 0.5556 0.7214 0.9625 1.1949 1.3384 1.4177 1.4800 1.4977 1.4706 1.3989 1.2825
0.8594 0.9375 0.9844 1.0000 0.9844 0.9375 0.8594 0.7500 0.6094 0.4375 0.2344 0.0000 0.0000 0.0000 0.0100 0.2000 0.7578 1.2751 1.6908 2.0049 2.2173 2.3438 2.3373 2.4049 2.3808 2.3445 2.5047 2.5529 2.4891 2.3744 2.4325 2.5494 2.5750 2.5094 2.3525 2.3444 2.3050 2.1744 1.9525 1.8508 1.9990 2.1246 2.1481 2.2195 2.2288 2.2486 2.2545 2.1370 1.8962 1.6821 1.4047 1.0239 0.7031 0.4219 0.2278 0.3125 0.5462 0.7921 0.9378 1.1669 1.2549 1.2019 1.0078 0.7591 0.5298 0.4286 0.5364 0.5787 0.5556 0.6914 0.8025 0.8889 0.9506 0.9877 1.0000 0.9877 0.9506 1.0617 1.1605 1.2099 1.2099 1.1605 1.0617 0.9136 0.9506 0.9630 0.9506 0.9136 0.8519 0.7654 0.6543 0.8785 0.9980 1.0128 0.9600 1.0000 0.9600 0.8400 0.6400 0.3600 0.0625 0.2031 0.3925 0.3906 0.4375 0.4531 0.4375 0.3906 0.3125 0.2031 0.0625 0.0000 0.0000 0.0000 0.0000 0.0000 0.0625 0.4180 0.7115 0.9129 1.0523 1.1196 1.1148 1.0379 0.8890 0.6680 0.3750 0.2344 0.0625 0.0000 0.0000 0.0000 0.0000 0.0000 0.0000 0.0000 0.0000 0.0000 0.0156 0.0000 0.0000 0.0100 0.1600 0.2900 0.4000 0.4900 0.5600 0.6100 0.6400 0.6500 0.8800 1.1300 1.2800 1.3423 1.5022 1.5374 1.4479 1.2337 1.0548 0.9012 0.9630 1.0988 1.2716 1.3951 1.4691 1.4938 1.4691 1.3951 1.2716 1.0988 0.8765 0.6049 0.5062 0.3951 0.2593 0.0988 0.0000 0.0000 0.0000 0.0000 0.0000 0.0000 0.0000 0.0000 0.0000 0.0000 0.0000 0.1728 0.3580 0.6279 0.8418 1.0098 1.2219 1.3580 1.4281 1.4023 1.3106 1.2836 1.2119 1.0954
0.8750 0.9531 1.0000 1.0156 1.0000 0.9531 0.8750 0.7656 0.6250 0.4531 0.2500 0.0156 0.0000 0.0000 0.0000 0.1900 0.6253 1.1018 1.5176 1.8316 2.0441 2.1549 2.1641 2.2616 2.2784 2.3163 2.4766 2.5248 2.4609 2.2850 2.3031 2.3700 2.3956 2.3400 2.2931 2.3450 2.3056 2.1750 1.9531 1.8275 2.0443 2.1698 2.1633 2.2347 2.1941 2.0414 1.8966 1.7791 1.5883 1.4142 1.1368 0.7969 0.5781 0.3956 0.2199 0.4163 0.6514 0.8973 1.0430 1.0884 1.1356 1.0826 0.8885 0.6645 0.4753 0.3241 0.2849 0.3580 0.5185 0.6543 0.7654 0.8519 0.9136 0.9506 0.9630 0.9506 0.9136 1.0617 1.1605 1.2099 1.2099 1.1605 1.0617 0.9506 0.9877 1.0000 0.9877 0.9506 0.8889 0.8181 0.7314 0.9556 1.0751 1.0899 1.0000 1.0400 1.0000 0.8800 0.7078 0.5025 0.5144 0.7350 0.8844 0.9225 0.8494 0.6650 0.6094 0.5625 0.4844 0.3750 0.2344 0.0625 0.0000 0.0000 0.0400 0.1100 0.3631 0.5650 0.8177 1.0191 1.1284 1.1457 1.0709 0.9541 0.8052 0.6250 0.5156 0.3750 0.2031 0.0000 0.0000 0.0000 0.0000 0.0000 0.0000 0.0000 0.0000 0.0000 0.0000 0.0000 0.0000 0.1200 0.2700 0.4000 0.5100 0.6000 0.6700 0.7200 0.7500 0.7600 0.7900 1.0400 1.1900 1.2400 1.3999 1.4351 1.3456 1.1314 0.8425 0.8889 0.9753 1.1975 1.3704 1.4938 1.5679 1.5926 1.5679 1.4938 1.3704 1.1975 0.9753 0.7037 0.6173 0.5062 0.3704 0.2099 0.0247 0.0000 0.0000 0.0000 0.0000 0.0000 0.0000 0.0000 0.0000 0.0000 0.0000 0.1736 0.4994 0.7693 1.0232 1.2512 1.4032 1.5194 1.5895 1.5637 1.4420 1.2244 1.0201 0.8637
0.8594 0.9375 0.9844 1.0000 0.9844 0.9375 0.8594 0.7500 0.6094 0.4375 0.2344 0.0000 0.0000 0.0000 0.0000 0.1804 0.6157 0.9902 1.3039 1.5567 1.7692 1.8800 1.9604 2.1600 2.2788 2.3167 2.3364 2.3846 2.3207 2.1448 2.1425 2.0994 2.1550 2.2194 2.2025 2.2544 2.2150 2.0844 1.8625 1.9244 1.9575 2.0830 2.0765 2.1379 2.0973 1.9446 1.6798 1.4229 1.2640 1.0430 0.7656 0.6094 0.5610 0.5236 0.5304 0.7268 0.8785 0.9856 1.0479 1.0933 1.0385 0.9668 0.8504 0.7097 0.4835 0.2700 0.2711 0.3263 0.4568 0.5926 0.7037 0.7901 0.8519 0.8889 0.9012 0.8889 0.8642 1.0123 1.1111 1.1605 1.1605 1.1111 1.0123 0.9630 1.0000 1.0123 1.1094 1.1505 1.1356 1.0648 0.9381 1.1154 1.1568 1.0622 0.9723 1.0833 1.1822 1.1456 1.0133 1.1887 1.1172 1.2390 1.3050 1.3431 1.2700 1.0856 0.7900 0.7031 0.6250 0.5156 0.3750 0.2031 0.0100 0.1200 0.2100 0.3894 0.6425 0.8444 0.9950 1.0944 1.1425 1.1598 1.0850 0.9794 0.8225 0.7344 0.6250 0.4844 0.3125 0.1094 0.0000 0.0000 0.0000 0.0000 0.0000 0.0000 0.0000 0.0000 0.0000 0.0000 0.0400 0.2100 0.3600 0.4900 0.6000 0.6900 0.7600 0.8100 0.8400 0.8500 0.8400 0.8500 1.0000 1.0500 1.1728 1.2080 1.1185 0.9043 0.8054 0.8519 1.0247 1.2469 1.4198 1.5432 1.6173 1.6420 1.6173 1.5432 1.4198 1.2469 1.0247 0.7901 0.7037 0.5926 0.4568 0.2963 0.1111 0.0000 0.0000 0.0000 0.0000 0.0000 0.0000 0.0000 0.0000 0.0000 0.0625 0.2591 0.5949 0.9747 1.3065 1.5067 1.6587 1.7348 1.7350 1.6592 1.5075 1.2898 0.9762 0.7373
0.8125 0.8906 0.9375 0.9531 0.9375 0.8906 0.8125 0.7031 0.5625 0.3906 0.1875 0.0000 0.0000 0.0000 0.0000 0.1100 0.5453 0.9198 1.2335 1.4863 1.6784 1.8096 1.8800 2.0796 2.1984 2.2363 2.1935 2.1323 2.0684 1.8925 1.9106 1.8675 1.9231 1.9875 2.0206 2.0725 2.0331 1.9025 1.8056 1.9300 1.9631 1.9050 1.8577 1.9291 1.8884 1.7357 1.4709 1.2141 1.0552 0.8750 0.7656 0.7238 0.7224 0.8051 0.8118 0.9926 1.1443 1.2514 1.3137 1.3314 1.3043 1.2326 1.1162 0.9551 0.7493 0.4988 0.3147 0.3699 0.3804 0.5062 0.6173 0.7037 0.7654 0.8025 0.8148 0.8025 0.7654 0.9136 1.0123 1.0617 1.0617 1.0123 0.9136 0.9506 1.0502 1.2031 1.3002 1.3412 1.3264 1.2556 1.1289 1.1862 1.2276 1.1330 1.0414 1.2133 1.3122 1.2756 1.4527 1.6281 1.6766 1.7983 1.7533 1.6525 1.5794 1.3950 1.0994 0.8125 0.7344 0.6250 0.4844 0.3425 0.2694 0.2700 0.3600 0.6175 0.8706 1.0725 1.2231 1.3225 1.3706 1.3675 1.3131 1.2075 1.0506 0.8425 0.7031 0.5625 0.3906 0.1875 0.0000 0.0000 0.0000 0.0000 0.0000 0.0000 0.0000 0.0000 0.0000 0.0000 0.1100 0.2800 0.4300 0.5600 0.6700 0.7600 0.8300 0.8800 0.9100 0.9200 0.9100 0.8800 0.8300 0.7600 0.8211 0.8563 0.8868 0.8726 0.8137 0.7901 1.0247 1.2469 1.4198 1.5432 1.6173 1.6420 1.6173 1.5432 1.4198 1.2469 1.0247 0.8519 0.7654 0.6543 0.5185 0.3580 0.1728 0.0000 0.0000 0.0000 0.0000 0.0000 0.0000 0.0000 0.0000 0.0000 0.2031 0.4883 0.9966 1.4598 1.7915 1.9917 2.0604 1.9977 1.9145 1.8387 1.6870 1.4593 1.1557 0.7762
0.7344 0.8125 0.8594 0.8750 0.8594 0.8125 0.7344 0.6250 0.4844 0.3125 0.1094 0.0100 0.0000 0.0000 0.0000 0.0400 0.4141 0.7886 1.1022 1.3551 1.5471 1.6784 1.7488 1.9184 2.0371 2.0751 2.0322 1.9086 1.7041 1.5894 1.6075 1.6744 1.7000 1.6444 1.7475 1.7994 1.7600 1.7700 1.7200 1.8444 1.8775 1.8194 1.7000 1.6694 1.5675 1.4148 1.2700 1.1044 0.9375 0.8594 0.7747 0.8193 0.9279 1.0105 1.0173 1.2137 1.3654 1.4725 1.5348 1.5525 1.5254 1.4537 1.3373 1.1762 0.9704 0.7199 0.4247 0.3688 0.3793 0.3951 0.5062 0.5926 0.6543 0.6914 0.7037 0.6914 0.6543 0.7654 0.8642 0.9136 0.9136 0.8642 0.8519 0.9761 1.1850 1.3380 1.4350 1.4761 1.4612 1.3904 1.2637 1.1210 1.1624 1.1512 1.2077 1.2703 1.3067 1.2700 1.6453 1.8206 2.0692 2.1909 2.1458 1.9340 1.7775 1.5931 1.2975 0.8906 0.8125 0.7031 0.5725 0.5506 0.4775 0.4000 0.4900 0.7944 1.0475 1.2494 1.4000 1.4994 1.5475 1.5567 1.4900 1.3844 1.2275 1.0194 0.7600 0.6094 0.4375 0.2344 0.0000 0.0000 0.0000 0.0000 0.0000 0.0000 0.0000 0.0000 0.0000 0.0000 0.1600 0.3300 0.4800 0.6100 0.7200 0.8100 0.8800 0.9300 0.9600 0.9700 0.9600 0.9300 0.8800 0.8100 0.7447 0.8199 0.8504 0.8362 0.7773 0.7037 0.9753 1.1975 1.3704 1.4938 1.5679 1.5926 1.5679 1.4938 1.3704 1.1975 0.9753 0.8889 0.8025 0.6914 0.5556 0.3951 0.2099 0.0000 0.0000 0.0000 0.0000 0.0000 0.0000 0.0000 0.0000 0.1094 0.4614 0.9777 1.3872 1.8134 2.1451 2.3453 2.4140 2.3512 2.1569 1.9423 1.7906 1.5629 1.2593 0.8797
0.6250 0.7031 0.7500 0.7656 0.7500 0.7031 0.6250 0.5556 0.4850 0.3631 0.1900 0.2000 0.1900 0.1600 0.1100 0.0400 0.2220 0.5965 0.9102 1.1631 1.3551 1.4863 1.5567 1.6763 1.7951 1.8331 1.7902 1.6665 1.4620 1.3400 1.3200 1.3900 1.4156 1.4000 1.4800 1.5600 1.6300 1.6400 1.5900 1.6675 1.7006 1.6425 1.5731 1.5425 1.4906 1.4275 1.3131 1.1722 0.9306 0.8125 0.8142 0.8988 1.0574 1.1401 1.1937 1.3901 1.5419 1.6489 1.7112 1.7289 1.7019 1.6457 1.5137 1.3526 1.1468 0.8963 0.6011 0.3600 0.3335 0.2993 0.3704 0.4568 0.5185 0.5556 0.5679 0.5556 0.5185 0.5679 0.6667 0.7160 0.7160 0.7037 0.7901 1.0550 1.2639 1.4169 1.5139 1.5550 1.5401 1.4693 1.3426 1.1599 0.9613 1.0890 1.2072 1.2698 1.1656 1.1689 1.5910 2.0064 2.2949 2.4167 2.3716 2.1597 1.8644 1.6800 1.3844 0.9775 0.8594 0.7500 0.7294 0.7075 0.6344 0.5100 0.6156 0.9200 1.1731 1.3997 1.6367 1.7978 1.8830 1.8922 1.8255 1.6828 1.4642 1.1697 0.8856 0.6250 0.4531 0.2500 0.0156 0.0000 0.0000 0.0000 0.0000 0.0000 0.0000 0.0000 0.0000 0.0000 0.1900 0.3600 0.5100 0.6400 0.7500 0.8400 0.9100 0.9600 0.9900 1.0000 0.9900 0.9600 0.9100 0.8400 0.7500 0.7388 0.7693 0.7551 0.6962 0.6049 0.8765 1.0988 1.2716 1.3951 1.4691 1.4938 1.4691 1.3951 1.2716 1.0988 0.9630 0.9012 0.8148 0.7037 0.5679 0.4074 0.2222 0.0123 0.0000 0.0000 0.0000 0.0000 0.0000 0.0000 0.0000 0.2708 0.8440 1.3603 1.7698 2.0881 2.3672 2.5674 2.6361 2.5733 2.3790 2.0532 1.8182 1.5905 1.2869 0.9074
0.4844 0.5625 0.6094 0.6250 0.6094 0.5725 0.6044 0.5850 0.5144 0.3925 0.3600 0.3700 0.3600 0.3300 0.2800 0.2100 0.1300 0.3537 0.6573 0.9102 1.1022 1.2335 1.3039 1.3535 1.4722 1.5102 1.4673 1.3437 1.1800 1.1600 1.2100 1.2800 1.2900 1.4000 1.4800 1.5200 1.5200 1.4800 1.4000 1.3994 1.4325 1.4044 1.4550 1.5438 1.7047 1.7651 1.7248 1.5838 1.3423 1.0801 1.0201 1.0018 1.1110 1.1937 1.3254 1.5219 1.6736 1.7806 1.9523 2.0481 2.0680 2.0119 1.8798 1.6718 1.3879 1.0280 0.7328 0.4300 0.2800 0.2088 0.2099 0.2963 0.3580 0.3951 0.4074 0.3951 0.3580 0.3210 0.4198 0.4691 0.5062 0.6173 0.8131 1.0779 1.2868 1.4398 1.5368 1.5779 1.5631 1.4923 1.3655 1.1829 0.9443 0.9552 1.0399 1.1025 0.9983 0.9878 1.6100 2.0653 2.3817 2.4756 2.4306 2.2187 1.8400 1.6556 1.3600 0.9531 0.8750 0.8056 0.8350 0.8131 0.7400 0.6156 0.6900 0.9944 1.3463 1.6593 1.8963 2.0574 2.1426 2.1518 2.0851 1.9424 1.7238 1.4293 1.0588 0.6494 0.4375 0.2344 0.0000 0.0000 0.0000 0.0000 0.0000 0.0000 0.0000 0.0000 0.0000 0.0100 0.2000 0.3978 0.5200 0.6500 0.7600 0.8500 0.9200 0.9700 1.0000 1.0100 1.0000 0.9700 0.9200 0.8500 0.7600 0.6500 0.6435 0.6293 0.5704 0.4668 0.7284 0.9506 1.1235 1.2469 1.3210 1.3457 1.3210 1.2469 1.1235 0.9877 0.9506 0.8889 0.8025 0.6914 0.5556 0.3951 0.2099 0.0000 0.0000 0.0000 0.0000 0.0000 0.0000 0.0000 0.0000 0.4966 1.2291 1.8235 2.2799 2.5983 2.7785 2.8455 2.8360 2.6639 2.4696 2.1438 1.7699 1.5422 1.2386 0.8591
0.3125 0.3906 0.4375 0.4531 0.4675 0.5506 0.5825 0.5631 0.4925 0.4800 0.5100 0.5200 0.5100 0.5200 0.4300 0.3600 0.2700 0.1900 0.3737 0.5965 0.7886 0.9198 0.9902 0.9998 1.0686 1.1065 1.0637 0.9400 0.9600 0.9400 1.0400 1.1100 1.2400 1.3600 1.4400 1.4800 1.4800 1.4400 1.3600 1.2400 1.2831 1.3050 1.5932 1.8548 2.0157 2.0760 2.0357 1.8948 1.6532 1.3410 1.3181 1.3498 1.2862 1.1714 1.4125 1.6089 1.8231 2.0708 2.2425 2.3383 2.3581 2.3020 2.1700 1.9620 1.6781 1.3182 0.8824 0.4800 0.3300 0.1600 0.0247 0.1111 0.1728 0.2099 0.2222 0.2099 0.1728 0.1111 0.1235 0.2593 0.3951 0.5062 0.7801 1.0449 1.2539 1.4068 1.5039 1.5449 1.5301 1.4716 1.3326 1.1499 0.9390 1.0365 1.1458 1.1684 1.1042 1.0833 1.7244 2.2631 2.5794 2.6733 2.5449 2.1942 1.7322 1.5200 1.2244 0.9375 0.8594 0.8600 0.8894 0.8675 0.7944 0.6700 0.7600 1.1410 1.5299 1.8429 2.0799 2.2410 2.3262 2.3754 2.2687 2.1260 1.9074 1.6129 1.2424 0.7960 0.3906 0.1875 0.0000 0.0000 0.0000 0.0400 0.0000 0.0000 0.0000 0.0000 0.0833 0.2222 0.4956 0.6933 0.8156 0.8622 0.8333 0.8400 0.9100 0.9600 0.9900 1.0000 0.9900 0.9600 0.9100 0.8400 0.7500 0.6400 0.5100 0.4588 0.3999 0.2963 0.5309 0.7531 0.9259 1.0494 1.1235 1.1481 1.1235 1.0494 0.9630 0.9506 0.9136 0.8519 0.7654 0.6543 0.5185 0.3580 0.1728 0.0000 0.0000 0.0000 0.0000 0.0000 0.0000 0.0000 0.0781 0.8687 1.6012 2.1956 2.6520 2.9703 3.1506 3.1928 3.0970 2.8631 2.4912 2.1029 1.6456 1.4550 1.2131 0.9200
0.1094 0.1875 0.2344 0.2600 0.3944 0.4775 0.5094 0.4900 0.5600 0.6100 0.6800 0.8900 1.0000 1.0100 0.9200 0.7423 0.4400 0.2900 0.1700 0.2320 0.4141 0.5609 0.6157 0.6253 0.5841 0.6220 0.6200 0.6800 0.7000 0.6800 0.8100 1.0000 1.1600 1.2800 1.3600 1.4000 1.4000 1.3600 1.2800 1.1600 1.0625 1.4413 1.8035 2.0651 2.2261 2.2864 2.2461 2.1052 1.8636 1.5338 1.5108 1.5725 1.5089 1.4606 1.4548 1.7137 2.0373 2.2850 2.4567 2.5525 2.5723 2.5162 2.3842 2.1762 1.8923 1.5324 1.0966 0.5848 0.3600 0.1900 0.0000 0.0000 0.0000 0.0000 0.0123 0.0000 0.0000 0.0000 0.0000 0.1235 0.2593 0.3704 0.6912 0.9560 1.1649 1.3426 1.5260 1.6289 1.6510 1.5926 1.4535 1.2338 0.9705 1.0802 1.1649 1.1875 1.2622 1.3056 1.6997 2.2384 2.5547 2.6487 2.5203 2.1695 1.5964 1.2731 0.9775 0.8906 0.8125 0.8631 0.8925 0.8706 0.7975 0.7200 0.9088 1.2486 1.6376 1.9505 2.2276 2.5887 2.7939 2.8431 2.7364 2.4737 2.0551 1.7205 1.3501 0.9036 0.4113 0.1094 0.0400 0.2400 0.3600 0.4000 0.3600 0.2400 0.0400 0.1389 0.3333 0.4722 0.7156 0.9133 1.0356 1.0822 1.0533 0.9489 0.8800 0.9300 0.9600 0.9700 0.9600 0.9300 0.8800 0.8100 0.7200 0.6100 0.4800 0.3300 0.1847 0.1111 0.2840 0.5062 0.6790 0.8025 0.8765 0.9012 0.8765 0.8889 0.9012 0.8889 0.8519 0.7901 0.7037 0.5926 0.4568 0.2963 0.1111 0.0000 0.0000 0.0000 0.0000 0.0000 0.0000 0.0625 0.2622 1.1027 1.8352 2.4297 2.8860 3.2044 3.3847 3.4269 3.3310 3.0972 2.7252 2.2152 1.7078 1.4894 1.2475 0.9544
0.0000 0.0000 0.0000 0.1512 0.2700 0.4000 0.5100 0.6000 0.6700 0.7600 1.0700 1.3047 1.5011 1.5728 1.5199 1.3422 1.0399 0.6128 0.4905 0.3322 0.2744 0.3600 0.4148 0.3775 0.3094 0.2200 0.3200 0.3800 0.4000 0.4400 0.6800 0.8800 1.0400 1.1600 1.2400 1.2800 1.2800 1.2400 1.1600 1.0400 1.1975 1.5510 1.9132 2.1748 2.3358 2.3961 2.3558 2.2149 1.9733 1.6311 1.6082 1.6699 1.7157 1.7299 1.6500 1.8520 2.1756 2.4233 2.5950 2.6908 2.7106 2.6545 2.5225 2.3145 2.0306 1.6707 1.2349 0.7231 0.3700 0.2000 0.0100 0.0000 0.0000 0.0000 0.0000 0.0000 0.0000 0.0000 0.0000 0.0000 0.0988 0.2255 0.5463 0.8111 1.1188 1.3929 1.5664 1.6692 1.6914 1.6173 1.4938 1.3111 1.1713 1.1977 1.1960 1.2031 1.3889 1.4323 1.6927 1.9914 2.3077 2.4017 2.2733 1.9225 1.4327 0.9983 0.8594 0.8125 0.7344 0.8150 0.8444 0.8225 0.7494 0.7747 1.0499 1.2804 1.6693 2.0223 2.5393 2.9004 3.1056 3.1548 3.0481 2.7854 2.3668 1.7923 1.3818 0.9354 0.4130 0.0647 0.3200 0.5200 0.6400 0.6800 0.6400 0.5200 0.4033 0.3733 0.5278 0.6667 0.8600 1.0578 1.1800 1.2267 1.1978 1.0933 0.9133 0.8800 0.9100 0.9200 0.9100 0.8800 0.8300 0.7600 0.6700 0.5600 0.4300 0.2800 0.1100 0.0000 0.0247 0.2099 0.3827 0.5062 0.6173 0.7037 0.7654 0.8025 0.8148 0.8025 0.7654 0.7037 0.6173 0.5062 0.3704 0.2099 0.0247 0.0000 0.0000 0.0000 0.0000 0.0000 0.0000 0.2031 0.3750 1.1987 1.9312 2.5256 2.9820 3.3003 3.4806 3.5228 3.4270 3.1931 2.8212 2.3112 1.7031 1.4725 1.2306 0.9375
0.1094 0.1875 0.2744 0.4600 0.5944 0.6775 0.7094 0.6900 0.7700 1.0500 1.4588 1.7799 1.9763 2.0480 1.9951 1.8174 1.5776 1.2911 0.9688 0.8105 0.5763 0.4531 0.4375 0.3906 0.3225 0.2031 0.0725 0.1200 0.2100 0.2800 0.5200 0.7200 0.8800 1.0000 1.0800 1.1200 1.1200 1.0800 1.0000 1.0494 1.4098 1.7007 1.9223 2.1839 2.3449 2.4052 2.3649 2.2240 1.9824 1.6402 1.5802 1.7826 1.8909 1.9051 1.9346 1.9637 2.2380 2.4856 2.6573 2.7531 2.7730 2.7169 2.5848 2.3768 2.0929 1.7330 1.2972 0.8225 0.4694 0.1900 0.0000 0.0000 0.0000 0.0000 0.0000 0.0000 0.0000 0.0000 0.0000 0.0000 0.0000 0.0647 0.4555 0.8938 1.2685 1.5426 1.7160 1.7889 1.7610 1.6326 1.5399 1.4560 1.3162 1.2037 1.2020 1.3110 1.3733 1.4167 1.5833 1.8420 1.9583 1.9323 1.8039 1.4531 1.2222 0.9878 0.7500 0.7031 0.6350 0.7156 0.7450 0.7231 0.6500 0.8711 1.1463 1.3768 1.6251 2.1781 2.6951 3.0562 3.2614 3.3106 3.2039 2.9412 2.5226 1.9481 1.3376 0.8912 0.3688 0.3511 0.5200 0.7200 0.8400 0.8800 0.8400 0.7200 0.7422 0.7122 0.6667 0.8056 0.9289 1.1267 1.2489 1.2956 1.2667 1.1622 0.9822 0.8100 0.8400 0.8500 0.8400 0.8100 0.7600 0.6900 0.6000 0.4900 0.3600 0.2100 0.0400 0.0000 0.0000 0.1088 0.2593 0.3951 0.5062 0.5926 0.6543 0.6914 0.7037 0.6914 0.6543 0.5926 0.5062 0.3951 0.2593 0.0988 0.0000 0.0000 0.0000 0.0000 0.0000 0.0000 0.1094 0.3125 0.4944 1.1566 1.8891 2.4835 2.9399 3.2583 3.4385 3.4808 3.3849 3.1910 3.0191 2.6291 2.1044 1.7644 1.4025 0.9094
0.3125 0.3906 0.5475 0.7331 0.9075 1.0606 1.1425 1.1531 1.0925 1.5535 1.9693 2.2404 2.3668 2.3985 2.3456 2.2304 2.0999 1.8135 1.3712 1.2129 0.9786 0.7485 0.6094 0.5625 0.4844 0.3750 0.2344 0.0625 0.0400 0.1100 0.3200 0.5200 0.6800 0.8000 0.8800 0.9200 0.9200 0.9300 0.9600 1.1922 1.5526 1.8436 2.0652 2.2174 2.3002 2.3137 2.2734 2.1325 1.9378 1.7037 1.6914 1.8637 1.9720 1.9862 2.0938 2.1230 2.2244 2.4720 2.6437 2.7395 2.7594 2.7032 2.5712 2.3632 2.0793 1.7194 1.2836 0.8706 0.5175 0.1600 0.0000 0.0000 0.0000 0.0000 0.0000 0.0000 0.0000 0.0000 0.0000 0.0100 0.1200 0.2100 0.5663 0.9799 1.3176 1.5916 1.7651 1.8749 1.9089 1.8668 1.7489 1.5549 1.4051 1.2093 1.0965 1.2888 1.3140 1.3056 1.4722 1.5903 1.7066 1.6806 1.5122 1.3125 1.1649 0.9306 0.6094 0.5625 0.4844 0.5650 0.5944 0.5725 0.6400 0.9228 1.1980 1.4285 1.6143 2.1779 2.6950 3.0561 3.2612 3.3105 3.2037 2.9411 2.5225 1.9479 1.2174 0.7710 0.3580 0.5328 0.6400 0.8400 0.9600 1.0000 0.9600 0.8400 0.9456 0.9156 0.7500 0.8889 0.9722 1.1200 1.2422 1.2889 1.2600 1.1556 0.9756 0.7200 0.7500 0.7600 0.7500 0.7200 0.6700 0.6000 0.5100 0.4000 0.2700 0.1600 0.1100 0.1600 0.1900 0.2000 0.3135 0.4193 0.4804 0.4968 0.5185 0.5556 0.5679 0.5556 0.5185 0.4568 0.3704 0.2593 0.1235 0.0000 0.0000 0.0000 0.0000 0.0000 0.0000 0.0000 0.1875 0.4110 0.6025 0.9765 1.7090 2.3034 2.7598 3.0781 3.2584 3.3006 3.2448 3.2909 3.1190 2.7290 2.3431 1.9250 1.5631 1.0700
0.4844 0.5625 0.7794 1.0750 1.2994 1.4525 1.5344 1.5450 1.6231 2.0118 2.3651 2.6362 2.7626 2.7043 2.5814 2.5968 2.4664 2.1799 1.7376 1.5393 1.3051 1.0249 0.8488 0.7031 0.6250 0.5156 0.3750 0.2031 0.0000 0.0000 0.1100 0.2800 0.4400 0.5600 0.6700 0.7600 0.8300 0.8800 0.9100 1.2657 1.6260 1.9170 2.1386 2.2909 2.3737 2.3872 2.3312 2.2216 2.0112 1.8272 1.7284 1.8507 1.9590 1.9732 2.1277 2.1569 2.1348 2.3825 2.5542 2.6500 2.6698 2.6137 2.4817 2.2737 1.9897 1.6299 1.1941 0.8675 0.5144 0.1100 0.0000 0.0000 0.0000 0.0000 0.0000 0.0000 0.0000 0.0000 0.0300 0.1600 0.2700 0.3847 0.7493 1.1629 1.5005 1.7623 1.9481 2.0579 2.0918 2.0498 1.9318 1.7379 1.4681 1.2423 1.0183 1.0995 1.1248 1.1080 1.2500 1.3056 1.3125 1.2865 1.2292 1.1684 1.0208 0.7865 0.4653 0.3906 0.3125 0.3631 0.3925 0.4800 0.6100 0.9299 1.2051 1.4356 1.6614 2.1625 2.5389 2.9000 3.1052 3.1544 3.0477 2.7850 2.3664 1.7918 1.0614 0.7156 0.4351 0.6099 0.6800 0.8800 1.0000 1.0400 1.0000 0.9078 1.0133 0.9833 0.8178 0.9371 1.0000 1.0378 1.1600 1.2067 1.1778 1.0733 0.8933 0.6378 0.6400 0.6500 0.6400 0.6100 0.5600 0.4900 0.4000 0.3000 0.2800 0.2200 0.2800 0.3300 0.3600 0.3700 0.3600 0.4288 0.4899 0.5063 0.4780 0.4051 0.4074 0.3951 0.3580 0.2963 0.2099 0.0988 0.0000 0.0000 0.0000 0.0000 0.0000 0.0000 0.1020 0.2441 0.7397 1.0832 1.2747 1.4741 1.7328 2.0252 2.4416 2.7599 2.9402 2.9824 3.1266 3.1727 3.0008 2.7219 2.4194 1.9544 1.5925 1.2400
0.6250 0.7331 1.1000 1.3956 1.6200 1.7731 1.8550 1.8903 2.0149 2.4035 2.6162 2.8873 3.0137 2.9954 2.9418 2.8373 2.6768 2.3904 1.9481 1.7898 1.5555 1.2454 1.0693 0.8372 0.7344 0.6250 0.4844 0.3125 0.1094 0.0000 0.0400 0.2100 0.3600 0.4900 0.6000 0.6900 0.7600 0.8100 0.8400 1.2698 1.6301 1.9211 2.1427 2.2949 2.4872 2.5787 2.5697 2.4600 2.2497 2.0887 1.8872 1.7437 1.8520 1.8818 2.0363 2.0655 1.9693 2.2170 2.3887 2.4845 2.5043 2.4482 2.3162 2.1082 1.8243 1.4644 1.1150 0.8131 0.4600 0.0556 0.0000 0.0000 0.0000 0.0000 0.0000 0.0000 0.0000 0.0100 0.1600 0.2900 0.4000 0.6011 0.8563 1.2699 1.6076 1.8693 2.0551 2.1650 2.1989 2.1569 2.0389 1.8450 1.5751 1.2293 0.9676 0.9655 0.8519 0.8611 0.9167 0.9722 1.0000 0.9722 0.9983 0.9375 0.7899 0.5556 0.2344 0.1875 0.1094 0.1100 0.2800 0.4300 0.5723 0.8922 1.1674 1.3979 1.5837 2.0848 2.4612 2.7130 2.8400 2.8423 2.7356 2.4730 2.1012 1.6048 0.9837 0.6779 0.4074 0.5822 0.6523 0.8400 0.9600 1.0000 0.9600 0.8400 1.0476 1.1196 1.0153 1.1746 1.2375 1.2041 1.1043 1.0489 1.0200 0.9156 0.7356 0.4800 0.5100 0.5200 0.5100 0.4800 0.4300 0.3600 0.3000 0.3200 0.3000 0.3600 0.4300 0.4800 0.5100 0.5200 0.5100 0.4800 0.4547 0.4711 0.4428 0.3977 0.2522 0.2099 0.1728 0.1111 0.0247 0.0000 0.0000 0.0000 0.0000 0.0000 0.0000 0.1837 0.3665 0.7642 1.2598 1.6033 1.7948 1.9442 2.0015 2.0326 2.0253 2.3037 2.4840 2.5262 2.7903 2.8365 2.7756 2.6356 2.3331 1.8681 1.6000 1.3100
0.7444 0.9825 1.3494 1.6450 1.8694 2.0225 2.1044 2.2261 2.3507 2.6193 2.8320 2.9937 3.1201 3.1019 3.1264 3.0219 2.7414 2.4450 2.1226 1.9643 1.7301 1.4599 1.2338 1.0017 0.8125 0.7031 0.5625 0.3906 0.1875 0.0000 0.0000 0.1200 0.2700 0.4000 0.5100 0.6000 0.6700 0.7200 0.7747 1.2044 1.5648 1.8558 2.1399 2.4328 2.6250 2.7166 2.7075 2.5978 2.4375 2.3166 2.1150 1.8328 1.7134 1.6651 1.8196 1.8487 1.7526 1.9756 2.1473 2.2431 2.2629 2.2068 2.0747 1.8668 1.5828 1.2600 1.0094 0.7075 0.3544 0.0000 0.0000 0.0000 0.0000 0.0000 0.0000 0.0000 0.0000 0.1200 0.2700 0.4000 0.5100 0.7728 1.0280 1.3010 1.6387 1.9004 2.0862 2.1961 2.2300 2.1880 2.0700 1.8761 1.6062 1.2604 0.8887 0.8032 0.8302 0.8395 0.8056 0.8889 0.9167 0.8889 0.8056 0.6667 0.4722 0.2378 0.0000 0.0000 0.0000 0.0400 0.2100 0.3600 0.4900 0.8099 1.0851 1.3156 1.5014 1.8825 2.2589 2.5106 2.6377 2.6400 2.5177 2.3106 1.8989 1.4025 0.9014 0.5956 0.3951 0.4499 0.5200 0.7200 0.8400 0.8800 0.8400 0.9037 1.0688 1.1408 1.1565 1.3158 1.3787 1.3452 1.2154 0.9992 0.7867 0.6822 0.5022 0.3300 0.3600 0.3700 0.3600 0.3300 0.2800 0.2200 0.2800 0.3000 0.4000 0.4900 0.5600 0.6100 0.6400 0.6500 0.6400 0.6100 0.6433 0.7122 0.7056 0.6233 0.4779 0.2322 0.0833 0.0000 0.0000 0.0000 0.0000 0.0000 0.0000 0.0000 0.1837 0.3673 0.7502 1.1322 1.6278 1.9714 2.1628 2.2422 2.2996 2.1848 1.8980 1.7094 1.8897 1.9719 2.3194 2.5044 2.5269 2.3869 2.0844 1.7600 1.5700 1.2800
0.9325 1.1606 1.5275 1.8231 2.0475 2.2006 2.2825 2.4660 2.5905 2.6591 2.8718 2.9554 3.0819 3.0636 3.1350 3.0305 2.7500 2.3436 2.2612 2.3029 2.1887 1.9185 1.7024 1.3503 0.8994 0.7500 0.6094 0.4375 0.2344 0.0000 0.0000 0.0100 0.1600 0.2900 0.4000 0.4900 0.5600 0.6100 0.6400 1.0698 1.4301 1.7836 2.1771 2.4699 2.6622 2.7537 2.7447 2.6350 2.5847 2.4637 2.2622 1.9799 1.6271 1.4324 1.4775 1.5067 1.4105 1.6582 1.8299 1.9257 1.9455 1.8894 1.7574 1.5494 1.3025 1.1031 0.8525 0.5506 0.1975 0.0000 0.0000 0.0000 0.0000 0.0000 0.0000 0.0000 0.0400 0.2100 0.3600 0.4900 0.6000 0.8999 1.1551 1.3656 1.5939 1.8556 2.0414 2.1512 2.1852 2.1431 2.0252 1.8312 1.5614 1.2156 0.7939 0.6389 0.7284 0.7377 0.6667 0.7500 0.7778 0.7500 0.6667 0.5278 0.3333 0.0833 0.0000 0.0000 0.0000 0.0000 0.1200 0.2700 0.4000 0.6828 0.9580 1.1885 1.3743 1.5554 1.9319 2.1836 2.3506 2.5530 2.5506 2.3436 1.9319 1.3154 0.8143 0.5185 0.3580 0.2128 0.3200 0.5200 0.6400 0.6800 0.8237 0.8873 0.9135 0.9856 1.2012 1.3605 1.4235 1.3900 1.2602 1.0340 0.7115 0.3733 0.1933 0.1600 0.1900 0.2000 0.1900 0.1600 0.1100 0.1600 0.2700 0.4000 0.5100 0.6000 0.6700 0.7200 0.7500 0.7600 0.7500 0.8589 1.0033 1.0722 1.0656 0.9833 0.8256 0.5922 0.3333 0.1389 0.0000 0.0000 0.0000 0.0000 0.0000 0.1020 0.3265 0.5102 1.0131 1.3951 1.8438 2.1874 2.3788 2.4182 2.4256 2.3108 2.0240 1.5652 1.5375 1.5606 1.9081 2.0931 2.1625 2.1006 1.9075 1.6300 1.4400 1.1500
1.0694 1.2975 1.6344 1.9300 2.1544 2.3075 2.3894 2.6099 2.7344 2.7631 2.7357 2.7725 2.8989 2.8962 2.9677 2.8631 2.5827 2.4062 2.5639 2.6056 2.5191 2.2512 2.0351 1.6830 1.1950 0.8056 0.6250 0.4531 0.2500 0.0156 0.0000 0.0000 0.0300 0.1600 0.2700 0.3600 0.4300 0.4800 0.5100 0.8657 1.2260 1.7202 2.1136 2.4065 2.5987 2.6903 2.6812 2.6916 2.6512 2.5303 2.3287 2.0465 1.6836 1.2702 1.0101 1.0393 1.0172 1.2649 1.4366 1.5324 1.5522 1.4961 1.3641 1.2425 1.0944 0.8950 0.6444 0.3425 0.1094 0.0000 0.0000 0.0000 0.0000 0.0000 0.0000 0.0000 0.1100 0.2800 0.4300 0.5600 0.6823 0.9822 1.2374 1.4479 1.6137 1.7348 1.9206 2.0305 2.0644 2.0223 1.9044 1.7105 1.4406 1.0948 0.8137 0.5679 0.5463 0.5556 0.4846 0.5556 0.5833 0.5556 0.4722 0.3333 0.1389 0.0000 0.0000 0.0000 0.0000 0.0000 0.0100 0.1600 0.2900 0.5111 0.7863 1.0168 1.2026 1.3437 1.4801 1.7719 2.1789 2.3812 2.3789 2.1719 1.7601 1.3837 0.9226 0.4968 0.2963 0.1111 0.0400 0.2400 0.3600 0.5020 0.6865 0.7502 0.6931 0.8940 1.1620 1.3090 1.3719 1.3384 1.2086 0.9824 0.6599 0.2409 0.0000 0.0000 0.0000 0.0100 0.0000 0.0000 0.0400 0.2100 0.3600 0.4900 0.6000 0.6900 0.7600 0.8100 0.8400 0.8500 0.9233 1.1433 1.2878 1.3567 1.3500 1.2678 1.1100 0.8767 0.5678 0.3333 0.0957 0.0000 0.0000 0.0000 0.0000 0.2041 0.4286 0.6522 1.1551 1.5371 1.9077 2.2513 2.4427 2.4821 2.3795 2.2647 1.9779 1.5191 1.3494 1.3725 1.5844 1.7850 1.8544 1.7925 1.5994 1.4000 1.2100 0.9200
1.1550 1.3831 1.6700 1.9500 2.1900 2.3431 2.4373 2.6578 2.7824 2.8110 2.7437 2.5804 2.5712 2.5530 2.6244 2.6398 2.5594 2.7063 2.9328 3.0579 2.9714 2.7535 2.4540 1.9631 1.3917 0.9900 0.6094 0.4375 0.2344 0.0000 0.0000 0.0000 0.0000 0.0100 0.1200 0.2378 0.2800 0.3300 0.3600 0.5922 1.0620 1.5561 1.9496 2.2424 2.4346 2.5262 2.6372 2.6775 2.6372 2.5162 2.3146 2.0324 1.6696 1.2261 0.7120 0.5453 0.5850 0.7956 0.9673 1.0631 1.1200 1.1256 1.0800 0.9831 0.8350 0.6356 0.3850 0.2031 0.0000 0.0000 0.0000 0.0000 0.0000 0.0000 0.0000 0.0000 0.1600 0.3300 0.4800 0.6100 0.7200 1.0199 1.2751 1.4856 1.6514 1.7725 1.8489 1.8806 1.8677 1.8256 1.7077 1.5606 1.3689 1.1325 0.8514 0.5556 0.3951 0.2932 0.2222 0.3056 0.3333 0.3056 0.2222 0.0833 0.0000 0.0000 0.0000 0.0000 0.0000 0.0000 0.0000 0.0300 0.1600 0.2947 0.5699 0.8004 0.9862 1.1273 1.2237 1.5154 1.8025 2.0048 2.0025 1.9154 1.7037 1.3673 1.0262 0.6104 0.2099 0.0247 0.0000 0.0000 0.0000 0.2645 0.4533 0.7234 0.9279 1.0670 1.2239 1.3709 1.3968 1.3016 1.0853 0.8345 0.5119 0.2041 0.0000 0.0000 0.0000 0.0000 0.0000 0.0000 0.1100 0.2800 0.4300 0.5600 0.6700 0.7600 0.8300 0.8800 0.9100 0.9200 1.1322 1.3522 1.4967 1.5656 1.5589 1.4767 1.3436 1.1967 0.9495 0.6821 0.4444 0.2099 0.1728 0.1111 0.0247 0.2653 0.4898 0.6735 1.1763 1.5584 1.8196 2.1631 2.3546 2.3940 2.2813 2.0466 1.7598 1.3009 1.1100 1.1331 1.1450 1.3456 1.4150 1.3531 1.1600 1.0700 0.8800 0.6178
1.1894 1.4175 1.6344 1.9300 2.1544 2.3075 2.3894 2.6099 2.7344 2.7631 2.6957 2.5325 2.5389 2.4806 2.5452 2.5606 2.6190 2.9971 3.1736 3.2986 3.2122 3.0642 2.7648 2.2738 1.5914 1.0631 0.5625 0.3906 0.1875 0.0000 0.0000 0.0000 0.0833 0.2222 0.3056 0.3733 0.4156 0.3822 0.2733 0.2494 0.7973 1.2914 1.6848 1.9777 2.2199 2.4215 2.5424 2.5828 2.5424 2.4215 2.2199 1.9377 1.5748 1.1314 0.6073 0.1119 0.2744 0.4850 0.6444 0.7525 0.8094 0.8150 0.7694 0.6725 0.5244 0.3750 0.2344 0.0625 0.0000 0.0000 0.0000 0.0000 0.0000 0.0000 0.0000 0.0000 0.1900 0.3600 0.5100 0.6400 0.7500 1.0128 1.2680 1.4785 1.6443 1.7654 1.8419 1.8736 1.8606 1.8030 1.7006 1.5536 1.3619 1.1254 0.8443 0.5185 0.3580 0.1728 0.0000 0.0000 0.0278 0.0000 0.0000 0.0000 0.0000 0.0000 0.0000 0.0000 0.0000 0.0000 0.0000 0.0000 0.0100 0.1200 0.3088 0.5393 0.7251 0.8662 0.9626 1.3743 1.6614 1.8237 1.8614 1.7743 1.5626 1.3462 1.0351 0.6193 0.0988 0.0000 0.1020 0.2041 0.2653 0.6498 0.9650 1.1738 1.2764 1.3134 1.3870 1.3951 1.3376 1.2424 1.0262 0.7722 0.4898 0.2653 0.0000 0.0000 0.0000 0.0000 0.0000 0.0000 0.1600 0.3300 0.4800 0.6100 0.7200 0.8100 0.8800 0.9300 0.9600 0.9700 1.2656 1.4856 1.6300 1.6989 1.6922 1.7088 1.6621 1.5152 1.2680 0.9506 0.7286 0.3951 0.3580 0.2963 0.2303 0.3845 0.5102 0.6939 1.0767 1.4588 1.7200 1.9229 2.1144 2.1538 2.0411 1.7764 1.3696 1.0307 0.8398 0.8425 0.8144 0.7750 0.8444 0.7825 0.8133 0.8622 0.7556 0.4933
1.1725 1.4006 1.5775 1.8231 2.0475 2.2006 2.2825 2.4660 2.5905 2.6191 2.5518 2.4354 2.4419 2.3836 2.3700 2.4688 2.6783 3.0564 3.2029 3.3279 3.2915 3.1835 2.8841 2.3931 1.7477 1.1083 0.5244 0.3125 0.1094 0.0000 0.0000 0.1389 0.3333 0.4722 0.5556 0.5833 0.5556 0.4722 0.3333 0.1489 0.4319 0.9560 1.3995 1.7623 2.0446 2.2461 2.3671 2.4074 2.3671 2.2461 2.0446 1.7623 1.3995 0.9560 0.4319 0.0000 0.0625 0.2031 0.3125 0.3906 0.4475 0.4531 0.4375 0.3906 0.3125 0.2031 0.0625 0.0000 0.0000 0.0000 0.0000 0.0000 0.0000 0.0000 0.0000 0.0100 0.2000 0.3700 0.5200 0.6500 0.7600 0.9611 1.2163 1.4268 1.5926 1.7137 1.7901 1.8219 1.8089 1.7512 1.6489 1.5019 1.3101 1.0737 0.7926 0.4668 0.2963 0.1111 0.0000 0.0000 0.0000 0.0000 0.0000 0.0000 0.0000 0.0000 0.0000 0.0000 0.0000 0.0000 0.0000 0.0000 0.0000 0.0000 0.0400 0.2335 0.4193 0.5604 0.6968 1.1085 1.3956 1.5579 1.5956 1.5585 1.4568 1.2504 0.9393 0.5235 0.0400 0.1837 0.3265 0.4286 0.6337 1.0552 1.3704 1.5792 1.6818 1.6780 1.5679 1.5556 1.5185 1.3956 1.2071 0.9531 0.6337 0.2857 0.0360 0.0000 0.0000 0.0000 0.0000 0.0000 0.1900 0.3600 0.5100 0.6400 0.7500 0.8400 0.9100 0.9700 0.9900 1.0278 1.3233 1.5433 1.6878 1.7567 1.8735 1.9270 1.8804 1.8428 1.6738 1.3733 1.1512 0.8177 0.7060 0.5662 0.3704 0.5246 0.6133 0.6735 0.8563 1.2384 1.4996 1.6400 1.7221 1.7615 1.6488 1.3841 0.9673 0.7184 0.4775 0.5006 0.4725 0.3931 0.2625 0.3289 0.5333 0.5822 0.5956 0.5833
1.1044 1.3325 1.5094 1.6450 1.8694 2.0225 2.1044 2.2261 2.3507 2.3793 2.3120 2.2737 2.2801 2.2219 2.0989 2.3366 2.5061 2.8841 3.0307 3.1457 3.2193 3.1113 2.8119 2.3209 1.7372 1.0978 0.3750 0.2031 0.0000 0.0000 0.0833 0.3333 0.5278 0.6667 0.7500 0.7778 0.7500 0.6667 0.5278 0.3490 0.3333 0.7000 1.1435 1.5064 1.7886 1.9902 2.1111 2.1514 2.1111 1.9902 1.7886 1.5064 1.1435 0.7000 0.2500 0.0156 0.0000 0.0000 0.1094 0.1875 0.2344 0.2500 0.2344 0.1875 0.1094 0.0000 0.0000 0.0000 0.0000 0.0000 0.0000 0.0000 0.0000 0.0000 0.0000 0.0000 0.1900 0.3600 0.5100 0.6400 0.7500 0.8647 1.1199 1.3304 1.4962 1.6173 1.6937 1.7254 1.7125 1.6548 1.5525 1.4054 1.2137 0.9773 0.6962 0.3704 0.2099 0.0247 0.0000 0.0000 0.0000 0.0000 0.0000 0.0000 0.0000 0.0000 0.0000 0.0000 0.0000 0.0000 0.0000 0.0000 0.0000 0.0000 0.0000 0.0000 0.0988 0.2099 0.3063 0.7180 1.0351 1.2474 1.3551 1.3580 1.2563 1.0499 0.7388 0.3600 0.1837 0.3673 0.5102 0.7110 0.9327 1.3542 1.6694 1.8783 1.9809 1.9771 1.8670 1.6914 1.6339 1.5110 1.3225 1.1779 0.9366 0.5984 0.2500 0.2344 0.1875 0.1094 0.0000 0.0100 0.2000 0.3700 0.5200 0.6900 0.8700 1.0100 1.1100 1.1700 1.1900 1.1700 1.4156 1.5656 1.6700 1.8377 1.9915 2.1076 2.2015 2.1640 1.9949 1.6944 1.4624 1.1289 1.0449 0.9051 0.7093 0.6616 0.6878 0.7110 0.7551 0.8971 1.1584 1.2988 1.3184 1.2171 1.1045 0.8397 0.6629 0.4541 0.2344 0.1875 0.1094 0.0000 0.0933 0.3333 0.5278 0.6667 0.7500 0.7778
0.9850 1.2131 1.3900 1.5156 1.6200 1.7731 1.8950 1.8903 2.0149 2.0435 1.9762 2.0473 2.0537 1.9954 1.8725 2.0529 2.2224 2.4804 2.6270 2.8720 2.9555 2.8476 2.5481 2.0572 1.5599 0.9206 0.2344 0.0625 0.0000 0.0000 0.2222 0.4722 0.6667 0.8056 0.8889 0.9167 0.8889 0.8056 0.6667 0.4722 0.4566 0.4375 0.8069 1.1698 1.4520 1.6535 1.7745 1.8148 1.7745 1.6535 1.4520 1.1698 0.8069 0.4375 0.2344 0.0000 0.0000 0.0000 0.0000 0.0000 0.0000 0.0156 0.0000 0.0000 0.0000 0.0000 0.0000 0.0000 0.0000 0.0000 0.0000 0.0000 0.0000 0.0000 0.0000 0.0000 0.1600 0.3300 0.4800 0.6100 0.7200 0.8100 0.9788 1.1893 1.3551 1.4762 1.5526 1.5843 1.5714 1.5137 1.4114 1.2643 1.0726 0.8362 0.5551 0.2593 0.0988 0.0000 0.0000 0.0000 0.0000 0.0000 0.0000 0.0000 0.0000 0.0000 0.0000 0.0000 0.0000 0.0000 0.0000 0.0000 0.0000 0.0000 0.0000 0.0000 0.0000 0.0247 0.1111 0.4128 0.7577 0.9422 1.0499 1.0528 0.9511 0.7447 0.5200 0.3420 0.3265 0.5102 0.6778 0.9650 1.1867 1.5470 1.8622 2.0711 2.1736 2.1698 2.0597 1.8433 1.6838 1.6233 1.5755 1.4309 1.1896 0.8515 0.4778 0.4375 0.3906 0.3125 0.2031 0.0625 0.1900 0.3700 0.6300 0.8500 1.0300 1.1700 1.2700 1.3300 1.3500 1.3300 1.4922 1.6422 1.7214 1.8654 2.0718 2.2972 2.3912 2.3536 2.1846 1.8841 1.6620 1.4118 1.3279 1.1881 0.9923 0.8426 0.7594 0.7201 0.6778 0.7551 0.8163 0.8367 0.8563 0.7551 0.6531 0.5102 0.3265 0.1177 0.0000 0.0000 0.0000 0.0000 0.2222 0.4722 0.6667 0.8056 0.8889 0.9167
0.8144 1.0425 1.2194 1.3850 1.6594 1.8125 1.9344 1.9050 1.8231 1.6518 1.6851 1.7562 1.7626 1.7043 1.6091 1.7270 1.7872 1.8452 2.1418 2.4168 2.5003 2.3924 2.0929 1.6884 1.2158 0.5765 0.0903 0.0000 0.0000 0.0000 0.3056 0.5556 0.7500 0.8889 0.9722 1.0000 0.9722 0.8889 0.7500 0.5556 0.4931 0.3906 0.5625 0.7525 1.0347 1.2363 1.3573 1.3976 1.3573 1.2363 1.0347 0.7525 0.5625 0.3906 0.1875 0.0000 0.0000 0.0000 0.0000 0.0000 0.0000 0.0000 0.0000 0.0000 0.0000 0.0000 0.0000 0.0000 0.0000 0.0000 0.0000 0.0000 0.0000 0.0000 0.0000 0.0000 0.1100 0.2800 0.4300 0.5600 0.6700 0.7600 0.8300 1.0035 1.1693 1.2904 1.3668 1.3985 1.3856 1.3279 1.2256 1.0785 0.8868 0.6504 0.3693 0.1235 0.0000 0.0000 0.0000 0.0000 0.0000 0.0000 0.0000 0.0000 0.0000 0.0000 0.0000 0.0000 0.0000 0.0000 0.0000 0.0000 0.0000 0.0000 0.0000 0.0000 0.0000 0.0833 0.2222 0.3456 0.6533 0.8379 0.8622 0.7633 0.6400 0.5200 0.3200 0.2441 0.4286 0.6122 0.8662 1.1534 1.3752 1.6334 1.9486 2.1575 2.2600 2.2562 2.1461 1.9297 1.7307 1.7796 1.7318 1.5872 1.3458 1.0077 0.7361 0.6094 0.5625 0.4844 0.3750 0.2344 0.2525 0.4900 0.7500 0.9700 1.1500 1.2900 1.3900 1.4500 1.4700 1.4656 1.4733 1.6233 1.7889 1.9330 2.1599 2.3554 2.4493 2.4274 2.2428 1.9722 1.7502 1.6489 1.5550 1.4151 1.2193 0.9676 0.8436 0.6636 0.6213 0.6122 0.6735 0.6939 0.6735 0.6122 0.5102 0.3673 0.1837 0.0000 0.0000 0.0000 0.0000 0.0000 0.3056 0.5556 0.7500 0.8889 0.9722 1.0000
0.5925 0.8206 1.0375 1.4431 1.7175 1.8606 1.8725 1.7931 1.6125 1.5135 1.3693 1.4004 1.4068 1.3485 1.2256 1.3435 1.3911 1.3785 1.4951 1.7701 1.8536 1.7457 1.4833 1.1775 0.7049 0.3056 0.0000 0.0000 0.0000 0.0278 0.3333 0.5833 0.7778 0.9167 1.0000 1.0278 1.0000 0.9167 0.7778 0.5833 0.4427 0.3403 0.4844 0.6250 0.7344 0.8125 0.8594 0.8997 0.8594 0.8125 0.7344 0.6250 0.4844 0.3125 0.1094 0.0000 0.0000 0.0000 0.0000 0.0000 0.0000 0.0000 0.0000 0.0000 0.0000 0.0000 0.0000 0.0000 0.0000 0.0000 0.0000 0.0000 0.0000 0.0000 0.0000 0.0000 0.0400 0.2100 0.3600 0.4900 0.6000 0.6900 0.7600 0.8100 0.9388 1.0599 1.1363 1.1680 1.1551 1.0974 0.9951 0.8480 0.6563 0.4199 0.1388 0.0000 0.0000 0.0000 0.0000 0.0000 0.0000 0.0000 0.0000 0.0000 0.0000 0.0000 0.0000 0.0000 0.0000 0.0000 0.0000 0.0000 0.0000 0.0000 0.0000 0.0000 0.1389 0.3333 0.4722 0.5556 0.6233 0.7956 0.8322 0.7333 0.5089 0.2400 0.0400 0.2653 0.4898 0.6735 0.9892 1.2764 1.4981 1.6543 1.9287 2.1376 2.2401 2.2363 2.1262 1.9098 1.7902 1.8391 1.7913 1.6467 1.4053 1.1080 0.9385 0.7500 0.7031 0.6250 0.5156 0.3850 0.4731 0.5700 0.8300 1.0500 1.2300 1.3700 1.5794 1.7175 1.7844 1.7800 1.7044 1.6964 1.8455 1.9896 2.3259 2.4795 2.6104 2.6284 2.5138 2.2964 2.1373 2.0100 1.9161 1.7462 1.5004 1.1787 0.8310 0.6511 0.4994 0.4286 0.4898 0.5102 0.4898 0.4286 0.3265 0.1837 0.0000 0.0000 0.0000 0.0000 0.0000 0.0278 0.3333 0.5833 0.7778 0.9167 1.0000 1.0278
0.3194 0.5475 0.9644 1.3700 1.6444 1.7875 1.7994 1.6800 1.5700 1.3600 1.1488 0.9799 0.9863 0.9580 0.8851 0.9896 1.0773 1.0647 1.1019 1.0988 1.0154 0.9445 0.8056 0.6667 0.5000 0.2222 0.0000 0.0000 0.0000 0.0000 0.3056 0.5556 0.7500 0.8889 0.9722 1.0000 0.9722 0.8889 0.7500 0.5556 0.3056 0.2031 0.3750 0.5156 0.6250 0.7031 0.7500 0.7656 0.7500 0.7031 0.6250 0.5156 0.4150 0.2031 0.0000 0.0000 0.0000 0.0000 0.0000 0.0000 0.0000 0.0000 0.0000 0.0000 0.0000 0.0000 0.0000 0.0000 0.0000 0.0000 0.0000 0.0000 0.0000 0.0000 0.0000 0.0000 0.0000 0.1200 0.2700 0.4000 0.5100 0.6000 0.6700 0.7200 0.7500 0.7847 0.8611 0.8928 0.8799 0.8222 0.7199 0.5728 0.3811 0.1447 0.0000 0.0000 0.0000 0.0000 0.0000 0.0000 0.0000 0.0000 0.0000 0.0000 0.0000 0.0000 0.0000 0.0000 0.0000 0.0000 0.0000 0.0000 0.0000 0.0000 0.0000 0.0833 0.3333 0.5278 0.6667 0.7500 0.8178 0.8600 0.8267 0.7578 0.5333 0.2733 0.1804 0.3957 0.5502 0.6939 1.0466 1.3338 1.5556 1.6914 1.8025 2.0213 2.1139 2.1101 2.0156 1.8929 1.7733 1.8018 1.7540 1.6094 1.3681 1.2544 1.0849 0.8594 0.8125 0.7344 0.6250 0.6167 0.6225 0.7194 0.8700 1.0900 1.3325 1.6131 1.8225 1.9606 2.0275 2.0231 1.9475 1.8006 1.9382 2.3010 2.4967 2.5978 2.7286 2.7967 2.6821 2.6458 2.6256 2.4983 2.2637 2.0314 1.7856 1.4639 1.0662 0.5926 0.3119 0.2041 0.2653 0.2857 0.2653 0.2041 0.1020 0.0000 0.0000 0.0000 0.0000 0.0000 0.0000 0.0000 0.3056 0.5556 0.7500 0.8889 0.9722 1.0000
0.1200 0.2700 0.7600 1.1656 1.4400 1.6300 1.7200 1.7100 1.6000 1.3900 1.0800 0.6947 0.7111 0.6828 0.6099 0.5756 0.6632 0.7006 0.7778 0.7747 0.7778 0.8333 0.8889 0.8433 0.6667 0.3889 0.2222 0.0833 0.0000 0.0000 0.2222 0.4722 0.6667 0.8056 0.8889 0.9167 0.8889 0.8056 0.6667 0.4722 0.2222 0.0625 0.2344 0.3750 0.4844 0.5625 0.6094 0.6250 0.6094 0.6025 0.7244 0.7350 0.6344 0.4225 0.2400 0.0400 0.0400 0.0000 0.0000 0.0000 0.0000 0.0000 0.0000 0.0000 0.0000 0.0000 0.0000 0.0000 0.0000 0.0000 0.0000 0.0000 0.0000 0.0000 0.0000 0.0000 0.0000 0.0100 0.1600 0.2900 0.4000 0.4900 0.5600 0.6100 0.6400 0.6500 0.6400 0.6100 0.5600 0.5023 0.4000 0.2900 0.1600 0.0100 0.0000 0.0000 0.0000 0.0000 0.0000 0.0000 0.0000 0.0000 0.0000 0.0000 0.0000 0.0000 0.0000 0.0000 0.0000 0.0000 0.0000 0.0000 0.0000 0.0000 0.0000 0.2222 0.4722 0.6667 0.8156 1.0089 1.1267 1.1689 1.1356 1.0267 0.8422 0.5822 0.3300 0.5453 0.6998 0.8058 1.0485 1.3658 1.6575 1.8637 1.9844 2.1290 2.2588 2.2719 2.1274 2.0129 1.8064 1.7772 1.6200 1.5162 1.4585 1.3449 1.1753 0.9745 1.0017 0.9853 0.9530 0.9947 0.9605 0.9703 0.9811 1.1772 1.5044 1.7850 1.9944 2.1325 2.1994 2.1950 2.1194 2.0473 2.2266 2.4818 2.6242 2.7359 2.7542 2.8656 2.9398 3.0269 3.0067 2.8794 2.6448 2.3031 1.9948 1.6731 1.2754 0.8018 0.2522 0.0123 0.0000 0.0204 0.0000 0.0000 0.0000 0.0000 0.0000 0.0000 0.0000 0.0000 0.0000 0.0000 0.2222 0.4722 0.6667 0.8056 0.8889 0.9167
0.0100 0.2000 0.6900 1.0800 1.3700 1.5600 1.6500 1.6400 1.5300 1.3200 1.0100 0.6000 0.4900 0.4000 0.2900 0.1723 0.1489 0.3333 0.4722 0.5956 0.8322 1.0489 1.1344 1.0889 0.9122 0.7256 0.5822 0.3733 0.1389 0.0000 0.0833 0.3333 0.5278 0.6667 0.7500 0.7778 0.7500 0.6667 0.5278 0.3333 0.0833 0.0000 0.0625 0.2031 0.3125 0.3906 0.4375 0.4531 0.4775 0.7106 0.8325 0.8431 0.7425 0.6800 0.7600 0.6800 0.4400 0.3600 0.2400 0.0400 0.0000 0.0000 0.0000 0.0000 0.0000 0.0000 0.0000 0.0000 0.0278 0.0000 0.0000 0.0000 0.0000 0.0000 0.0000 0.0000 0.0000 0.0000 0.0300 0.1600 0.2700 0.3600 0.4300 0.4800 0.5100 0.5200 0.5100 0.4800 0.4300 0.3600 0.2700 0.1600 0.0300 0.0000 0.0000 0.0000 0.0000 0.0000 0.0000 0.0000 0.0000 0.0000 0.0000 0.0000 0.0000 0.0000 0.0000 0.0000 0.0000 0.0000 0.0000 0.0000 0.0000 0.0000 0.0000 0.3056 0.5556 0.7800 1.0489 1.2422 1.3600 1.4022 1.3689 1.2600 1.0756 0.8156 0.4800 0.6341 0.7886 0.8922 1.2450 1.4922 1.7539 2.0226 2.2840 2.4285 2.4563 2.3674 2.1617 2.0940 1.8987 1.8208 1.7556 1.6132 1.4931 1.3794 1.3086 1.1943 1.2338 1.2174 1.2551 1.2968 1.2626 1.1624 1.1263 1.4630 1.7038 1.8856 2.0950 2.2331 2.3000 2.4050 2.4075 2.5106 2.7055 2.9707 3.1862 3.1920 2.9881 3.0295 3.2137 3.3008 3.2806 3.1533 2.9187 2.5770 2.1281 1.8064 1.4087 0.9351 0.3855 0.0100 0.0000 0.0000 0.0000 0.0000 0.0000 0.0000 0.0000 0.0000 0.0000 0.0000 0.0000 0.0000 0.0833 0.3333 0.5278 0.6667 0.7500 0.7778
0.0000 0.0300 0.5200 0.9100 1.2000 1.3900 1.4800 1.4700 1.3600 1.1500 0.8400 0.4300 0.3600 0.2700 0.1600 0.0300 0.0000 0.1211 0.3422 0.5989 0.9467 1.2033 1.3589 1.3633 1.3278 1.2800 1.1367 0.8978 0.5633 0.1333 0.0000 0.1389 0.3333 0.4722 0.5556 0.6111 0.5556 0.4722 0.3333 0.1389 0.0000 0.0000 0.0000 0.0000 0.1094 0.1875 0.2344 0.2500 0.4744 0.7075 0.8294 0.8400 0.9200 1.1600 1.2400 1.1600 0.9200 0.6400 0.5600 0.3200 0.0400 0.0000 0.0000 0.0000 0.0000 0.0833 0.2222 0.3056 0.3333 0.3056 0.2222 0.0833 0.0000 0.0000 0.0000 0.0000 0.0000 0.0000 0.0000 0.0100 0.1200 0.2100 0.2800 0.3300 0.3600 0.3700 0.3600 0.3300 0.2800 0.2100 0.1200 0.0100 0.0000 0.0000 0.0000 0.0000 0.0000 0.0000 0.0000 0.0000 0.0000 0.0000 0.0000 0.0000 0.0000 0.0000 0.0000 0.0000 0.0000 0.0000 0.0000 0.0000 0.0000 0.0000 0.0278 0.3333 0.5933 0.9378 1.2067 1.4000 1.5178 1.5600 1.5267 1.4178 1.2333 0.9733 0.6378 0.6620 0.8465 1.0702 1.3859 1.6331 1.8373 2.2054 2.4668 2.6113 2.6391 2.5502 2.3601 2.2720 2.1992 2.1212 1.9361 1.7637 1.5341 1.4815 1.4477 1.3704 1.4099 1.3935 1.4812 1.5229 1.4887 1.3785 1.3318 1.6529 1.8936 2.0385 2.1244 2.3250 2.5325 2.6375 2.7494 2.8525 2.9947 3.3699 3.5854 3.6116 3.3873 3.2487 3.3805 3.4675 3.4473 3.3200 3.0855 2.7437 2.2948 1.8637 1.4660 0.9924 0.4428 0.1200 0.0000 0.0000 0.0000 0.0000 0.0000 0.0000 0.0000 0.0000 0.0000 0.0000 0.0000 0.0000 0.0000 0.1389 0.3333 0.4722 0.5556 0.5833
0.0000 0.0000 0.2500 0.6400 0.9300 1.1200 1.2100 1.2000 1.0900 0.8800 0.5700 0.2800 0.2100 0.1200 0.0933 0.2222 0.3356 0.4933 0.5756 0.8144 1.1333 1.3567 1.5956 1.7389 1.7867 1.7389 1.5956 1.3567 1.0222 0.5922 0.1500 0.0100 0.1667 0.4444 0.6111 0.6667 0.6111 0.4444 0.1667 0.0000 0.0000 0.0000 0.0000 0.0000 0.0000 0.0000 0.0000 0.0156 0.3600 0.6400 0.8400 0.9600 1.2400 1.4800 1.5600 1.5200 1.4800 1.2000 1.1200 0.8800 0.4800 0.0400 0.0000 0.0000 0.1389 0.3333 0.4722 0.5556 0.5833 0.5556 0.4722 0.3333 0.1389 0.0000 0.0000 0.0000 0.0000 0.0000 0.0000 0.0000 0.0000 0.0400 0.1100 0.1600 0.1900 0.2000 0.1900 0.1600 0.1100 0.0400 0.0000 0.0000 0.0000 0.0000 0.0000 0.0000 0.0000 0.0000 0.0000 0.0000 0.0000 0.0000 0.0000 0.0000 0.0000 0.0000 0.0000 0.0000 0.0000 0.0000 0.0000 0.0000 0.0000 0.0000 0.0000 0.3056 0.6756 1.0200 1.2889 1.4822 1.6000 1.6422 1.6089 1.5000 1.3156 1.0556 0.7200 0.6800 0.9437 1.1673 1.4213 1.6685 2.0134 2.2715 2.5328 2.6774 2.7052 2.6562 2.4105 2.3633 2.3925 2.3145 2.1293 1.8370 1.6962 1.5399 1.5062 1.4905 1.5301 1.5137 1.6314 1.6731 1.6389 1.5287 1.5301 1.7468 1.9876 2.1324 2.2438 2.4550 2.6625 2.7675 2.9575 3.0606 3.2832 3.7635 4.0402 4.0664 3.9621 3.6842 3.6045 3.5270 3.5069 3.3795 3.1450 2.8032 2.3543 1.8451 1.4474 0.9738 0.4711 0.2100 0.0400 0.0000 0.0000 0.0000 0.0000 0.0000 0.0000 0.0000 0.0000 0.0000 0.0000 0.0000 0.0000 0.0000 0.0833 0.2222 0.3056 0.3333
0.0000 0.0000 0.0400 0.3200 0.5600 0.7500 0.8400 0.8300 0.7200 0.5100 0.2000 0.1100 0.0400 0.1389 0.3333 0.4822 0.7156 0.8733 0.9856 1.4278 1.7189 1.8589 1.9589 2.1022 2.1500 2.1022 1.9589 1.7200 1.3856 0.9556 0.4300 0.3089 0.3633 0.4722 0.5556 0.6111 0.5556 0.4722 0.3333 0.1389 0.0000 0.0000 0.0000 0.0000 0.0000 0.0000 0.0000 0.0400 0.4000 0.6800 0.8800 1.0000 1.4000 1.6400 1.7600 1.9600 1.9200 1.6400 1.5200 1.2800 0.8800 0.3200 0.0400 0.0833 0.3333 0.5278 0.6667 0.7500 0.7778 0.7500 0.6667 0.5278 0.3333 0.0833 0.0000 0.0000 0.0000 0.0000 0.0000 0.0000 0.0000 0.0000 0.0000 0.0000 0.0000 0.0100 0.0000 0.0000 0.0000 0.0000 0.0000 0.0000 0.0000 0.0000 0.0000 0.0000 0.0000 0.0000 0.0000 0.0000 0.0000 0.0000 0.0000 0.0000 0.0000 0.0000 0.0000 0.0000 0.0000 0.0000 0.0000 0.0000 0.0000 0.0000 0.0000 0.2622 0.6822 1.0267 1.2956 1.4889 1.6067 1.6489 1.6156 1.5067 1.3222 1.0622 0.8100 0.8800 0.9600 1.1837 1.3512 1.7078 2.0527 2.2608 2.5221 2.8667 3.0145 2.9655 2.7198 2.6893 2.5186 2.4006 2.2154 1.9477 1.7834 1.6271 1.4840 1.5548 1.5943 1.5879 1.7056 1.7473 1.7131 1.6029 1.6981 1.9048 2.0355 2.1304 2.3824 2.4972 2.6900 2.7950 3.0319 3.3187 3.5656 3.9678 4.2945 4.4308 4.3365 4.0117 3.9220 3.6630 3.4592 3.3318 3.0973 2.7556 2.3067 1.7505 1.3529 0.8793 0.4547 0.2800 0.1100 0.0000 0.0000 0.0000 0.0000 0.0000 0.0000 0.0000 0.0000 0.0000 0.0000 0.0000 0.0000 0.0000 0.0000 0.0000 0.0000 0.0278
0.0000 0.0000 0.0000 0.0400 0.2400 0.3600 0.4000 0.3600 0.2500 0.0400 0.0000 0.0000 0.0833 0.3333 0.5278 0.7867 1.0200 1.1878 1.4478 1.8900 2.1811 2.3211 2.3100 2.3700 2.4178 2.3700 2.2267 1.9878 1.6533 1.2233 0.7811 0.7433 0.6878 0.6767 0.7500 0.7778 0.7500 0.6667 0.5278 0.3333 0.0833 0.0000 0.0000 0.0000 0.0000 0.0000 0.0000 0.0000 0.3600 0.6400 0.8400 1.0000 1.4000 1.6400 1.9600 2.1600 2.1200 1.8400 1.7600 1.5200 1.1200 0.5600 0.2400 0.2222 0.4722 0.6667 0.8056 0.8889 0.9167 0.8889 0.8056 0.6767 0.4722 0.2222 0.0000 0.0000 0.0000 0.0000 0.0000 0.0000 0.0000 0.0000 0.0000 0.0000 0.0000 0.0000 0.0000 0.0000 0.0000 0.0000 0.0000 0.0000 0.0000 0.0000 0.0000 0.0000 0.0000 0.0000 0.0000 0.0000 0.0000 0.0000 0.0000 0.0000 0.0123 0.0000 0.0000 0.0000 0.0000 0.0000 0.0000 0.0000 0.0000 0.0000 0.0000 0.1933 0.6133 0.9578 1.2267 1.4200 1.5378 1.5800 1.5467 1.4378 1.2533 0.9933 0.9200 1.0400 1.1200 1.1600 1.2620 1.6103 1.9552 2.2033 2.6346 2.9792 3.1270 3.1189 3.0568 2.9482 2.7774 2.4195 2.1943 2.0130 1.7987 1.6024 1.4676 1.5631 1.6026 1.5862 1.7039 1.7456 1.7114 1.6169 1.7901 1.9968 2.1276 2.3074 2.4738 2.5486 2.6150 2.7200 3.1562 3.4730 3.7952 4.0716 4.4384 4.5746 4.4803 4.1555 4.0602 3.8012 3.4880 3.1770 2.9424 2.6007 2.1518 1.5957 1.1824 0.7088 0.4800 0.3300 0.1700 0.0000 0.0000 0.0000 0.0000 0.0000 0.0000 0.0000 0.0000 0.0000 0.0000 0.0000 0.0000 0.0000 0.0000 0.0000 0.0000 0.0000
0.0000 0.0000 0.0000 0.0000 0.0000 0.0000 0.0400 0.0000 0.0000 0.0000 0.0000 0.0000 0.2222 0.4722 0.7067 1.0156 1.2489 1.5267 1.7589 2.2011 2.4922 2.6322 2.6211 2.5422 2.5900 2.5422 2.3989 2.1600 1.8256 1.3956 1.0922 1.0822 0.9767 0.9256 0.8889 0.9167 0.8889 0.8056 0.6667 0.4722 0.2222 0.0000 0.0000 0.0000 0.0000 0.0000 0.0000 0.0000 0.2400 0.5200 0.7200 0.8400 1.2400 1.4800 1.9200 2.1200 2.0800 1.9200 1.8400 1.6000 1.2000 0.6400 0.3600 0.3056 0.5556 0.7500 0.8889 1.0122 1.1100 1.1322 1.0789 0.9500 0.7456 0.4656 0.1100 0.0400 0.0000 0.0000 0.0000 0.0000 0.0000 0.0000 0.0000 0.0000 0.0000 0.0000 0.0000 0.0000 0.0000 0.0000 0.0000 0.0000 0.0000 0.0000 0.0000 0.0000 0.0000 0.0000 0.0000 0.0000 0.0247 0.1111 0.1728 0.2099 0.2222 0.2099 0.1728 0.1111 0.0247 0.0000 0.0000 0.0000 0.0000 0.0000 0.0000 0.1600 0.4689 0.8133 1.0822 1.2756 1.3933 1.4633 1.4022 1.2933 1.1089 0.9600 1.0400 1.1600 1.2400 1.2800 1.2800 1.4744 1.7210 2.1690 2.5504 2.9562 3.2060 3.2999 3.2379 3.0199 2.8491 2.4912 2.0660 1.9465 1.7321 1.5029 1.4199 1.5154 1.5550 1.5386 1.6262 1.6680 1.6337 1.5236 1.9156 2.2004 2.3781 2.6360 2.8024 2.8303 2.7569 2.8445 3.3159 3.6327 3.9849 4.1626 4.3517 4.4879 4.3936 4.0988 4.0191 3.7601 3.3688 3.0170 2.6804 2.3387 1.8897 1.3336 0.9760 0.7500 0.6700 0.5500 0.3900 0.1900 0.1600 0.1100 0.0400 0.0000 0.0000 0.0000 0.0000 0.0000 0.0000 0.0000 0.0000 0.0000 0.0000 0.0000 0.0000 0.0000
0.0000 0.0000 0.0000 0.0000 0.0000 0.0000 0.0000 0.0000 0.0000 0.0000 0.0000 0.0000 0.3056 0.5556 0.8600 1.1689 1.4422 1.7700 2.0022 2.3611 2.6522 2.7922 2.7811 2.6189 2.6667 2.6189 2.4756 2.2367 1.9022 1.4722 1.3356 1.3256 1.2200 1.0989 1.0122 1.0000 0.9722 0.8889 0.7500 0.5556 0.3056 0.0000 0.0000 0.0000 0.0000 0.0000 0.0000 0.0000 0.0400 0.3200 0.5200 0.6400 0.9200 1.2000 1.6400 1.8400 1.8000 1.8400 1.7600 1.5200 1.1200 0.6800 0.4278 0.3733 0.5833 0.7878 1.0367 1.2100 1.2800 1.3300 1.2767 1.1478 0.9433 0.6633 0.3078 0.2100 0.1200 0.0100 0.0000 0.0000 0.0000 0.0000 0.0000 0.0000 0.0000 0.0000 0.0000 0.0000 0.0000 0.0000 0.0000 0.0000 0.0000 0.0000 0.0000 0.0000 0.0000 0.0000 0.0000 0.0988 0.2099 0.2963 0.3580 0.3951 0.4074 0.3951 0.3580 0.2963 0.2099 0.0988 0.0000 0.0000 0.0000 0.0000 0.0000 0.1900 0.3600 0.5933 0.9456 1.2778 1.4789 1.5489 1.4878 1.2956 1.0833 0.9900 1.1200 1.2400 1.3200 1.3600 1.3756 1.5700 1.6931 2.2038 2.5755 2.9813 3.2311 3.3251 3.2630 3.0451 2.7336 2.3757 1.8305 1.7480 1.5707 1.4149 1.3320 1.4118 1.4514 1.4350 1.4727 1.5144 1.5427 1.7137 2.0589 2.3437 2.5214 2.8262 2.9926 3.0205 2.9100 3.0997 3.3836 3.6479 4.0001 4.1778 4.1909 4.1707 4.0764 3.8784 3.7988 3.5398 3.1016 2.7498 2.3111 1.9694 1.5305 1.1313 0.9700 0.9300 0.8500 0.7300 0.5700 0.3700 0.3300 0.2800 0.2100 0.1200 0.0100 0.0000 0.0000 0.0000 0.0000 0.0000 0.0000 0.0000 0.0000 0.0000 0.0000 0.0000
0.0000 0.0000 0.0000 0.0000 0.0000 0.0000 0.0000 0.0000 0.0000 0.0000 0.0000 0.0278 0.3333 0.5833 0.9378 1.2467 1.5900 1.9178 2.1500 2.3700 2.6611 2.8011 2.7900 2.6278 2.6478 2.6000 2.4567 2.2178 1.8833 1.4811 1.4833 1.4733 1.3678 1.1967 1.1100 1.0278 1.0000 0.9167 0.7778 0.5833 0.3333 0.0278 0.0000 0.0000 0.0000 0.0000 0.0000 0.0000 0.0000 0.0400 0.2400 0.3600 0.4400 0.6800 1.1200 1.3200 1.5200 1.6000 1.5200 1.2800 0.8800 0.6400 0.3600 0.3056 0.5856 0.9100 1.1589 1.3322 1.4300 1.4522 1.3989 1.2700 1.0656 0.7856 0.4300 0.3600 0.2700 0.1600 0.0300 0.0000 0.0000 0.0000 0.0000 0.0000 0.0000 0.0000 0.0000 0.0000 0.0000 0.0000 0.0000 0.0000 0.0000 0.0000 0.0000 0.0000 0.0000 0.0000 0.1235 0.2593 0.3704 0.4568 0.5185 0.5556 0.5679 0.5556 0.5185 0.4568 0.3704 0.2593 0.1235 0.0000 0.0000 0.0000 0.0100 0.2000 0.3700 0.6745 0.9833 1.2322 1.4333 1.5033 1.5256 1.4722 1.3433 1.1389 1.1600 1.2800 1.3600 1.4000 1.4000 1.5944 1.7575 2.1694 2.4547 2.8505 3.1003 3.1543 3.1322 2.9143 2.5403 2.0934 1.5402 1.5041 1.4255 1.2398 1.1568 1.2523 1.2919 1.2755 1.2431 1.3473 1.5944 1.8280 2.0950 2.3798 2.5731 2.8779 3.0443 3.0722 2.9617 3.2003 3.4460 3.6610 4.0007 4.2084 4.2215 4.0400 3.6887 3.5889 3.4392 3.1402 2.7020 2.3346 1.8347 1.5230 1.2041 1.1100 1.1100 1.0700 0.9900 0.8700 0.7100 0.5100 0.4800 0.4300 0.3600 0.2700 0.1600 0.0300 0.0000 0.0000 0.0000 0.0000 0.0000 0.0000 0.0000 0.0000 0.0000 0.0000
0.0000 0.0000 0.0000 0.0000 0.0000 0.0000 0.0000 0.0000 0.0000 0.0000 0.0000 0.0000 0.3056 0.5556 0.9400 1.2489 1.6422 1.9700 2.2022 2.3389 2.5189 2.6589 2.6478 2.4856 2.5333 2.4856 2.3422 2.1033 1.7689 1.4500 1.5356 1.5256 1.4200 1.2189 1.1322 1.0000 0.9722 0.8889 0.7500 0.5556 0.3056 0.0000 0.0000 0.0000 0.0000 0.0000 0.0000 0.0000 0.0000 0.0000 0.0000 0.0000 0.0400 0.0400 0.4800 0.8800 1.1200 1.2000 1.1200 0.8800 0.7200 0.5200 0.2400 0.2322 0.6322 0.9567 1.2056 1.3789 1.4767 1.4989 1.4456 1.3167 1.1122 0.8322 0.5600 0.4900 0.4000 0.2900 0.1600 0.0100 0.0000 0.0000 0.0000 0.0000 0.0000 0.0000 0.0000 0.0000 0.0000 0.0000 0.0000 0.0000 0.0000 0.0000 0.0000 0.0000 0.0000 0.0988 0.2593 0.3951 0.5062 0.5926 0.6543 0.6914 0.7037 0.6914 0.6543 0.5926 0.5062 0.3951 0.2593 0.0988 0.0000 0.0000 0.1094 0.3775 0.6777 1.0933 1.4022 1.6042 1.6994 1.6878 1.7100 1.6567 1.5278 1.3333 1.2433 1.2800 1.3600 1.4000 1.4000 1.5475 1.6706 2.0825 2.3431 2.6625 2.8506 2.9075 2.9475 2.8316 2.5559 2.1082 1.4884 1.4558 1.2752 0.9874 0.9414 1.0368 1.0764 1.0600 0.9877 1.3231 1.6327 1.8662 2.0239 2.3087 2.4864 2.7912 2.9576 2.9855 2.9054 3.2663 3.4527 3.6676 3.8367 4.0444 4.0575 3.8760 3.5500 3.4038 3.1142 2.6814 2.1332 1.7713 1.3654 1.2931 1.1700 1.2100 1.2100 1.1700 1.0900 0.9700 0.8100 0.6400 0.6100 0.5600 0.4900 0.4000 0.2900 0.1600 0.0100 0.0000 0.0000 0.0000 0.0000 0.0000 0.0000 0.0000 0.0000 0.0000
0.0000 0.0000 0.0000 0.0000 0.0000 0.0000 0.0000 0.0000 0.0000 0.0000 0.0000 0.0000 0.2222 0.4822 0.8667 1.1756 1.5989 1.9267 2.1589 2.2956 2.3367 2.3656 2.3544 2.2756 2.3233 2.2756 2.1322 1.8933 1.6700 1.4900 1.4922 1.4822 1.3767 1.1756 1.0789 0.9167 0.8889 0.8056 0.6667 0.4722 0.2222 0.0000 0.0000 0.0000 0.0000 0.0000 0.0000 0.0000 0.0000 0.0000 0.0000 0.0000 0.0000 0.0000 0.0400 0.3200 0.5600 0.6400 0.6800 0.6400 0.5200 0.3200 0.0400 0.2033 0.6033 0.9278 1.1767 1.3500 1.4478 1.4700 1.4167 1.2878 1.0833 0.8033 0.6700 0.6000 0.5100 0.4000 0.3100 0.1200 0.0000 0.0000 0.0000 0.0000 0.0000 0.0000 0.0000 0.0000 0.0000 0.0000 0.0000 0.0000 0.0000 0.0000 0.0000 0.0000 0.0247 0.2099 0.3704 0.5062 0.6173 0.7037 0.7654 0.8025 0.8148 0.8025 0.7654 0.7037 0.6173 0.5062 0.3704 0.2099 0.0872 0.2031 0.3125 0.5506 0.9897 1.4053 1.7142 1.9162 2.0114 1.9998 1.8814 1.7656 1.6367 1.4322 1.3422 1.2400 1.3200 1.3600 1.3600 1.4294 1.5525 1.8444 2.1350 2.4544 2.6425 2.8830 2.9515 2.8479 2.5723 2.1246 1.6248 1.4458 1.1871 0.8116 0.6699 0.7654 0.8519 0.9136 1.0600 1.2855 1.5950 1.8286 1.9862 2.1304 2.3081 2.5660 2.7324 2.7903 2.8469 3.2078 3.3942 3.4685 3.5876 3.6859 3.6990 3.5175 3.4421 3.2959 3.0063 2.5735 2.0442 1.5903 1.2644 1.2125 1.2300 1.2700 1.2700 1.2300 1.1500 1.0300 0.8700 0.7500 0.7200 0.6700 0.6000 0.5100 0.4000 0.2700 0.1200 0.0000 0.0000 0.0000 0.0000 0.0000 0.0000 0.0000 0.0000 0.0000
0.0000 0.0000 0.0000 0.0000 0.0000 0.0000 0.0000 0.0000 0.0000 0.0000 0.0000 0.0000 0.0833 0.3333 0.7178 1.0367 1.4600 1.7878 2.0200 2.1567 2.1978 2.1433 1.9933 1.9700 2.0178 1.9700 1.9100 1.8100 1.6800 1.4900 1.3533 1.3433 1.2378 1.0367 0.9500 0.7878 0.7500 0.6667 0.5278 0.3333 0.0833 0.0000 0.0000 0.0000 0.0000 0.0000 0.0000 0.0000 0.0000 0.0000 0.0000 0.0000 0.0000 0.0000 0.0000 0.0400 0.2400 0.3600 0.4000 0.3600 0.2400 0.0400 0.0400 0.2100 0.4989 0.8233 1.0722 1.2456 1.3433 1.3656 1.3122 1.1833 0.9789 0.8100 0.7600 0.7300 0.8400 0.8500 0.7600 0.5700 0.2800 0.0400 0.0000 0.0000 0.0000 0.0000 0.0000 0.0000 0.0000 0.0000 0.0000 0.0000 0.0000 0.0000 0.0000 0.0000 0.1111 0.2963 0.4568 0.5926 0.7037 0.7901 0.8519 0.8889 0.9012 0.8889 0.8519 0.7901 0.7037 0.5926 0.4568 0.3588 0.3455 0.3750 0.4844 0.6725 1.1949 1.6106 1.9194 2.1214 2.2166 2.2050 2.0866 1.8614 1.6700 1.4656 1.3456 1.1600 1.2400 1.2800 1.2800 1.2400 1.3835 1.4550 1.7956 2.1150 2.4868 2.7273 2.7958 2.6922 2.4166 1.9689 1.6691 1.4284 1.1696 0.8241 0.7763 0.7037 0.7901 0.8519 1.0764 1.2919 1.4814 1.7150 1.8726 1.9543 2.0226 2.2024 2.3788 2.5567 2.6750 2.9747 3.1611 3.1729 3.1126 3.1328 3.1459 3.1938 3.1909 3.0446 2.7551 2.3222 1.8711 1.4572 1.1225 1.1700 1.2500 1.2900 1.2900 1.2500 1.1700 1.0500 0.8900 0.8400 0.8100 0.7600 0.6900 0.6000 0.4900 0.3600 0.2100 0.0400 0.0000 0.0000 0.0000 0.0000 0.0000 0.0000 0.0000 0.0000
0.0000 0.0000 0.0000 0.0000 0.0000 0.0000 0.0000 0.0000 0.0000 0.0000 0.0000 0.0000 0.0000 0.1389 0.4933 0.8022 1.2256 1.5533 1.7856 1.9222 1.9633 1.9089 1.8700 1.9300 1.9900 2.0400 2.0300 1.9600 1.8300 1.6400 1.3900 1.2189 1.0433 0.8322 0.7456 0.5833 0.5556 0.4722 0.3333 0.1389 0.0000 0.0000 0.0000 0.0000 0.0000 0.0000 0.0000 0.0000 0.0000 0.0000 0.0000 0.0000 0.0000 0.0000 0.0000 0.0000 0.0000 0.0000 0.0400 0.0000 0.0000 0.0000 0.1100 0.2800 0.4300 0.6433 0.8922 1.0656 1.1633 1.1856 1.1322 1.0033 0.9100 0.8800 0.8700 1.0800 1.1900 1.2000 1.1100 0.9200 0.6300 0.3200 0.0400 0.0000 0.0000 0.0000 0.0000 0.0000 0.0000 0.0000 0.0000 0.0000 0.0000 0.0000 0.0000 0.0000 0.1728 0.3580 0.5185 0.6543 0.7654 0.8519 0.9136 0.9506 0.9630 0.9506 0.9136 0.8519 0.7654 0.6543 0.5185 0.5611 0.5478 0.5156 0.6250 0.7709 1.2933 1.7090 2.0178 2.2198 2.3150 2.3034 2.1850 1.9598 1.6278 1.4233 1.2533 1.0678 1.1200 1.2620 1.3641 1.3853 1.3882 1.4197 1.5291 1.8485 2.1590 2.3996 2.4681 2.3645 2.0888 1.8811 1.6213 1.2942 1.0354 0.8806 0.8327 0.7193 0.7037 0.7654 1.0368 1.2523 1.4118 1.5254 1.6831 1.7648 1.7705 1.7004 1.9868 2.1647 2.3694 2.5670 2.7534 2.7652 2.6024 2.3851 2.6588 2.7992 2.7963 2.6501 2.3606 1.9277 1.5859 1.2420 1.1500 1.1500 1.2300 1.2700 1.2700 1.2300 1.1500 1.0300 0.9200 0.9100 0.8800 0.8300 0.7600 0.6700 0.5600 0.4300 0.2800 0.1100 0.0000 0.0000 0.0000 0.0000 0.0000 0.0000 0.0000 0.0000
0.0000 0.0000 0.0000 0.0000 0.0000 0.0000 0.0000 0.0000 0.0000 0.0000 0.0000 0.0000 0.0000 0.0000 0.1933 0.5022 0.8956 1.2233 1.4556 1.5922 1.6333 1.6900 1.8000 1.9700 2.0800 2.1300 2.1200 2.0500 1.9200 1.7300 1.4800 1.1700 0.8833 0.6722 0.4756 0.3333 0.3056 0.2222 0.0833 0.0000 0.0000 0.0000 0.0000 0.0000 0.0000 0.0000 0.0000 0.0000 0.0000 0.0000 0.0000 0.0000 0.0000 0.0000 0.0000 0.0000 0.0000 0.0000 0.0000 0.0000 0.0000 0.0000 0.1600 0.3300 0.4800 0.6100 0.7200 0.8100 0.9078 0.9300 0.9600 0.9700 0.9600 0.9300 1.1200 1.3300 1.4400 1.4500 1.3600 1.1700 0.8800 0.5200 0.2400 0.0000 0.0000 0.0000 0.0000 0.0000 0.0000 0.0000 0.0000 0.0000 0.0000 0.0000 0.0000 0.0000 0.2099 0.3951 0.5556 0.6914 0.8025 0.9167 0.9506 0.9877 1.0000 0.9877 0.9506 0.8889 0.8025 0.6914 0.6649 0.7076 0.7343 0.6250 0.7344 0.8125 1.2849 1.7006 2.0094 2.2114 2.3066 2.2950 2.1766 1.9514 1.6194 1.3056 1.0656 0.8800 1.1437 1.3265 1.4286 1.4498 1.3902 1.3623 1.4717 1.6931 1.8429 1.8997 1.9682 1.9846 1.9090 1.7413 1.4815 1.1296 0.8939 0.8715 0.8236 0.7103 0.5926 0.6699 0.9414 1.1568 1.3164 1.4199 1.4676 1.4993 1.5051 1.4749 1.5613 1.7475 1.9300 2.0256 2.1712 2.2298 2.1952 2.0872 2.2460 2.3083 2.2585 2.1122 1.8227 1.5773 1.3137 1.1700 1.1800 1.1300 1.1700 1.2100 1.2378 1.1700 1.0900 0.9700 0.9700 0.9600 0.9300 0.8800 0.8100 0.7200 0.6100 0.4800 0.3300 0.1600 0.0000 0.0000 0.0000 0.0000 0.0000 0.0000 0.0000 0.0000
0.0000 0.0000 0.0000 0.0000 0.0000 0.0000 0.0000 0.0000 0.0000 0.0000 0.0000 0.0000 0.0000 0.0000 0.0400 0.2100 0.4700 0.7978 1.0300 1.2500 1.4300 1.6000 1.8300 2.0000 2.1100 2.1600 2.1500 2.0800 1.9500 1.7600 1.5100 1.2000 0.8300 0.5500 0.2700 0.0578 0.0000 0.0000 0.0000 0.0000 0.0000 0.0000 0.0100 0.0000 0.0000 0.0000 0.0000 0.0000 0.0000 0.0000 0.0000 0.0000 0.0000 0.0000 0.0000 0.0000 0.0000 0.0000 0.0000 0.0000 0.0000 0.0000 0.1900 0.3600 0.5100 0.6400 0.7500 0.8400 0.9100 0.9600 0.9900 1.0000 0.9900 0.9600 1.2700 1.4800 1.5900 1.6000 1.5100 1.3200 1.0300 0.6400 0.3600 0.0000 0.0000 0.0000 0.0000 0.0000 0.0000 0.0000 0.0000 0.0000 0.0000 0.0000 0.0000 0.0123 0.2222 0.4074 0.6512 0.9259 1.1204 1.2346 1.2685 1.2222 1.0957 1.0000 0.9630 0.9012 0.8148 0.7437 0.9954 1.1580 1.1847 1.0755 1.0525 0.9306 1.1697 1.5853 1.8942 2.0962 2.1914 2.1798 2.0614 1.8362 1.5042 1.1122 0.8322 0.8637 1.1273 1.3102 1.4122 1.4335 1.3739 1.3935 1.3622 1.6449 1.7946 1.8115 1.7363 1.7527 1.6771 1.5094 1.2496 1.0384 0.8163 0.7969 0.7491 0.6357 0.4568 0.5185 0.7899 1.0054 1.1649 1.2685 1.3162 1.3079 1.2436 1.2335 1.2644 1.4400 1.6225 1.7325 1.7600 1.8887 1.8940 1.7761 1.8304 1.8927 1.8429 1.6811 1.5165 1.3337 1.0700 1.1400 1.1500 1.1833 1.2922 1.4156 1.4433 1.3756 1.2122 1.0733 1.0000 1.0104 0.9600 0.9100 0.8400 0.7500 0.6400 0.5100 0.3600 0.1900 0.0000 0.0000 0.0000 0.0000 0.0000 0.0000 0.0000 0.0000
0.0000 0.0000 0.0000 0.0000 0.0000 0.0000 0.0000 0.0000 0.0000 0.0000 0.0000 0.0000 0.0000 0.0000 0.0000 0.1200 0.3100 0.6100 0.8700 1.0900 1.2800 1.5700 1.8000 1.9700 2.0800 2.1300 2.1200 2.0500 1.9200 1.7300 1.4800 1.1700 0.8500 0.6100 0.3300 0.1600 0.0100 0.0000 0.0400 0.1100 0.1600 0.1900 0.2000 0.1900 0.1600 0.1100 0.0400 0.0000 0.0000 0.0000 0.0000 0.0000 0.0000 0.0000 0.0000 0.0000 0.0000 0.0000 0.0000 0.0000 0.0000 0.0100 0.2000 0.3700 0.5200 0.6500 0.7600 0.8500 0.9200 0.9700 1.0000 1.0100 1.0000 1.0100 1.3200 1.5300 1.6400 1.6500 1.5600 1.3700 1.0800 0.6900 0.4000 0.0400 0.0000 0.0000 0.0000 0.0000 0.0000 0.0000 0.0000 0.0000 0.0000 0.0000 0.0000 0.0000 0.2099 0.5340 0.8889 1.1636 1.3580 1.4926 1.5062 1.4599 1.3333 1.1265 0.9506 0.8889 0.8425 1.0114 1.3099 1.4726 1.4993 1.3900 1.3794 1.2575 1.1077 1.3633 1.6722 1.8742 1.9694 1.9578 1.8394 1.6142 1.2822 0.8433 0.6654 0.7665 1.0302 1.2131 1.3151 1.3363 1.3967 1.4263 1.4155 1.5888 1.6604 1.6304 1.5144 1.4288 1.4000 1.3104 1.1600 0.9488 0.8367 0.6939 0.6090 0.4956 0.3167 0.3580 0.5826 0.7980 0.9576 1.0611 1.1088 1.1005 1.0363 1.1131 1.2675 1.3706 1.4225 1.5325 1.5600 1.5050 1.4695 1.3985 1.4228 1.3651 1.3153 1.2941 1.1920 1.0500 0.9800 1.0500 1.1989 1.3433 1.4022 1.5256 1.5533 1.4856 1.5443 1.5374 1.4142 1.2857 1.2353 1.1241 0.9520 0.7600 0.6500 0.5200 0.3700 0.2000 0.0100 0.0000 0.0000 0.0000 0.0000 0.0000 0.0000 0.0000
0.0000 0.0000 0.0278 0.0000 0.0000 0.0000 0.0000 0.0000 0.0000 0.0000 0.0000 0.0000 0.0000 0.0000 0.0000 0.0100 0.1600 0.4100 0.6700 0.8900 1.1900 1.4800 1.7100 1.8800 1.9900 2.0400 2.0300 1.9600 1.8300 1.6400 1.3900 1.0800 0.8700 0.6300 0.4000 0.2700 0.1300 0.1200 0.2100 0.2800 0.3300 0.3600 0.3700 0.3600 0.3300 0.2800 0.2100 0.1404 0.0100 0.0000 0.0000 0.0000 0.0000 0.0000 0.0000 0.0000 0.0000 0.0000 0.0000 0.0000 0.0000 0.0000 0.1900 0.3600 0.5100 0.6400 0.7500 0.8400 0.9100 0.9600 0.9900 1.0000 0.9900 0.9600 1.2700 1.4800 1.5900 1.6156 1.5100 1.3200 1.0300 0.6400 0.3600 0.0000 0.0000 0.0000 0.0000 0.0000 0.0000 0.0000 0.0000 0.0000 0.0000 0.0000 0.0000 0.0000 0.2562 0.6914 1.1483 1.5251 1.7807 1.9153 1.9289 1.8214 1.5928 1.2840 0.9969 0.8519 1.0054 1.1899 1.4885 1.6511 1.6778 1.6056 1.5950 1.4731 1.2400 1.1389 1.3433 1.5453 1.6406 1.6290 1.5106 1.2853 0.9533 0.5145 0.5341 0.7086 0.8522 1.0351 1.1371 1.2784 1.3688 1.3984 1.3671 1.5404 1.6120 1.5820 1.4504 1.2784 1.2496 1.1600 1.0096 0.9184 0.8163 0.6735 0.4898 0.2900 0.1235 0.1728 0.3193 0.5347 0.6943 0.8102 0.8455 0.8372 0.8594 1.0650 1.2194 1.3225 1.3744 1.3750 1.3244 1.2225 1.0850 0.9900 1.0000 1.0104 0.9600 0.9500 0.9500 0.9100 0.8300 0.9833 1.2433 1.3878 1.4167 1.5400 1.6178 1.8437 1.9532 1.9463 1.8231 1.5835 1.4498 1.3386 1.1665 0.9337 0.6400 0.5100 0.3600 0.1900 0.0000 0.0000 0.0000 0.0000 0.0000 0.0000 0.0000 0.0000
0.2222 0.3056 0.3333 0.3056 0.2222 0.0833 0.0000 0.0000 0.0000 0.0000 0.0000 0.0000 0.0000 0.0000 0.0000 0.0000 0.0300 0.1700 0.4300 0.6900 1.0400 1.3300 1.5600 1.7300 1.8400 1.8900 1.8800 1.8100 1.6800 1.4900 1.2400 1.0500 0.8500 0.6100 0.4900 0.3900 0.3700 0.3100 0.3600 0.4300 0.4800 0.5100 0.5200 0.5100 0.5820 0.6341 0.6253 0.5557 0.4253 0.2341 0.1020 0.0000 0.0000 0.0000 0.0000 0.0000 0.0000 0.0000 0.0000 0.0000 0.0000 0.0000 0.1600 0.3300 0.4800 0.6100 0.7200 0.8100 0.8800 0.9300 0.9600 0.9700 0.9600 0.9300 1.2294 1.5175 1.6744 1.7000 1.5944 1.3575 0.9894 0.5200 0.2400 0.0000 0.0000 0.0000 0.0000 0.0000 0.0000 0.0000 0.0000 0.0000 0.0000 0.0000 0.0000 0.0000 0.3333 0.9522 1.4500 1.8267 2.0824 2.2170 2.2305 2.1230 1.8944 1.5448 1.0741 0.7901 1.0637 1.2326 1.5312 1.6938 1.7205 1.7100 1.6994 1.5775 1.3444 1.0000 1.0677 1.1597 1.2049 1.1933 1.0749 0.8497 0.5177 0.1900 0.4253 0.5998 0.7135 0.8263 1.0384 1.1896 1.2800 1.3096 1.2784 1.3904 1.4620 1.4320 1.3004 1.0671 1.0384 0.9488 0.9184 0.8571 0.7798 0.7234 0.6014 0.4140 0.2222 0.2346 0.2840 0.4994 0.6096 0.7378 0.8349 0.8760 0.8711 0.9903 1.1200 1.2231 1.2750 1.2756 1.2250 1.1231 0.9700 1.0000 1.0100 1.0000 0.9700 0.9200 0.8500 0.7600 0.6500 0.9122 1.1722 1.3744 1.4256 1.6089 1.9103 2.1362 2.2458 2.2389 2.1157 1.8761 1.6035 1.4922 1.3202 1.0873 0.7937 0.4800 0.3300 0.1600 0.0000 0.0000 0.0000 0.0000 0.0000 0.0000 0.0000 0.0000
0.4722 0.5556 0.5833 0.5556 0.4926 0.3333 0.1389 0.0000 0.0000 0.0000 0.0000 0.0000 0.0000 0.0000 0.0000 0.0000 0.0000 0.0100 0.1500 0.4800 0.8300 1.1200 1.3500 1.5200 1.6300 1.6956 1.6700 1.6000 1.4700 1.2800 1.1500 0.9900 0.7900 0.6700 0.5700 0.5900 0.5700 0.5100 0.4900 0.5600 0.6100 0.6400 0.6500 0.8237 0.9365 0.9886 0.9798 0.9102 0.7798 0.5886 0.3365 0.1837 0.0000 0.0000 0.0000 0.0000 0.0000 0.0000 0.0000 0.0000 0.0000 0.0000 0.1100 0.2800 0.4300 0.5600 0.6700 0.7600 0.8300 0.8800 0.9100 0.9200 0.9725 1.0831 1.1825 1.4706 1.6275 1.6531 1.5475 1.3106 0.9425 0.5231 0.1025 0.0000 0.0000 0.0000 0.0000 0.0000 0.0000 0.0000 0.0000 0.0000 0.0000 0.0000 0.0000 0.0000 0.5139 1.1328 1.6306 2.0073 2.2630 2.4254 2.4111 2.3036 2.0750 1.7254 1.2547 0.7437 1.0173 1.1862 1.4379 1.6005 1.6272 1.7031 1.6925 1.5706 1.3375 0.9931 0.9375 0.8906 0.8125 0.7309 0.5625 0.3906 0.1975 0.0204 0.2857 0.5102 0.6939 0.8367 0.9388 1.0400 1.1304 1.1600 1.1288 1.1388 1.2104 1.1804 1.0488 0.8155 0.8163 0.8367 0.8163 0.8539 0.8629 0.8065 0.6846 0.4971 0.5062 0.6049 0.6543 0.7168 0.8393 0.8812 0.8794 0.9205 0.9057 1.0249 1.0681 1.0725 1.1244 1.1250 1.0744 0.9725 0.9600 0.9900 1.0000 0.9900 0.9600 0.9100 0.8400 0.7500 0.7233 1.1478 1.5011 1.7033 1.7544 1.9665 2.1699 2.3124 2.4220 2.4151 2.2919 2.0523 1.6963 1.5851 1.4131 1.1802 0.8865 0.5320 0.2800 0.1100 0.0000 0.0000 0.0000 0.0000 0.0204 0.0000 0.0000 0.0000
0.6667 0.8520 0.9819 1.0153 0.9524 0.7931 0.5374 0.1854 0.0000 0.0000 0.0278 0.0000 0.0000 0.0000 0.0000 0.0000 0.0000 0.0000 0.0000 0.2100 0.5600 0.8500 1.1894 1.4375 1.5944 1.6600 1.6344 1.5175 1.3594 1.1700 1.0500 0.8900 0.8100 0.7200 0.7300 0.7500 0.7300 0.6700 0.6000 0.6700 0.7200 0.7500 0.9437 1.1173 1.2302 1.2822 1.2735 1.2039 1.0735 0.8822 0.6302 0.3673 0.1837 0.0000 0.0000 0.0000 0.0000 0.0000 0.0000 0.0000 0.0000 0.0000 0.0400 0.2100 0.3600 0.4900 0.6000 0.6900 0.7600 0.8100 0.8400 0.9125 1.0744 1.1850 1.2444 1.2925 1.4494 1.4750 1.3694 1.1325 0.7644 0.4150 0.2344 0.0625 0.0000 0.0000 0.0000 0.0000 0.0000 0.0000 0.0000 0.0000 0.0000 0.0000 0.0000 0.1298 0.6599 1.1923 1.7734 2.2891 2.6281 2.7904 2.7762 2.5853 2.2179 1.7849 1.3142 0.7224 0.8662 1.0351 1.2086 1.3713 1.4844 1.5850 1.5744 1.4525 1.2194 0.8750 0.8594 0.8125 0.7344 0.6250 0.4844 0.3125 0.1094 0.0000 0.2653 0.4898 0.6735 0.8163 0.9184 0.9796 1.0000 0.9796 0.9184 0.8263 0.8571 0.8571 0.7755 0.6122 0.6735 0.6939 0.7969 0.8715 0.8806 0.8241 0.7145 0.6790 0.8272 0.9259 0.9753 0.9753 0.9884 1.0303 0.9915 0.9091 0.8943 0.9835 1.0268 0.9941 0.9225 0.9231 0.8725 0.8800 0.9300 0.9600 0.9700 0.9600 0.9300 0.8800 0.8100 0.8589 0.9711 1.3256 1.6789 1.8811 1.9622 2.2763 2.4797 2.5111 2.4818 2.4749 2.3517 2.1121 1.7561 1.6171 1.4451 1.2122 0.9186 0.5641 0.2100 0.0400 0.0000 0.1020 0.2041 0.2653 0.2857 0.2653 0.2041 0.1020
0.9892 1.2154 1.3452 1.3787 1.3158 1.1565 0.9008 0.6321 0.4059 0.3056 0.3611 0.3056 0.2222 0.0833 0.0000 0.0000 0.0000 0.0000 0.0000 0.1900 0.4225 0.7531 1.0625 1.3106 1.4675 1.5631 1.5875 1.5406 1.4225 1.2331 1.0225 0.9100 0.8400 0.7900 0.8500 0.8700 0.8500 0.7900 0.6900 0.7600 0.8100 0.9420 1.1765 1.3502 1.4631 1.5151 1.5063 1.4367 1.3063 1.1151 0.8631 0.5502 0.3265 0.1020 0.0000 0.0000 0.0000 0.0000 0.0000 0.0000 0.0000 0.0000 0.0000 0.1200 0.2700 0.4000 0.5100 0.6000 0.6700 0.7200 0.7500 0.9631 1.1250 1.2356 1.2950 1.3031 1.2600 1.1656 1.0600 0.8231 0.6250 0.5156 0.3750 0.2031 0.0000 0.0000 0.0000 0.0000 0.0000 0.0000 0.0000 0.0000 0.0000 0.0000 0.0000 0.2041 0.7341 1.3067 1.9619 2.4775 2.8165 3.0067 2.9647 2.7738 2.4063 1.8622 1.2526 0.6609 0.6104 0.7793 0.8435 1.0431 1.2550 1.3556 1.3450 1.2231 0.9900 0.7656 0.7500 0.7031 0.6250 0.5156 0.3750 0.2031 0.0000 0.0000 0.2041 0.4286 0.6122 0.7551 0.8571 0.9184 0.9388 0.9184 0.8571 0.7551 0.6122 0.6122 0.5306 0.4286 0.4898 0.6090 0.7737 0.9347 1.0055 0.9861 0.9753 1.1605 1.2716 1.3086 1.2716 1.2469 1.1975 1.0988 1.0600 0.9406 0.8270 0.8662 0.9094 0.8768 0.7681 0.6700 0.7600 0.8300 0.8800 0.9100 0.9200 0.9100 0.8800 0.8300 0.8433 1.0033 1.0878 1.4022 1.7056 1.9078 2.0389 2.4142 2.6176 2.6490 2.5085 2.4184 2.2951 2.0556 1.6996 1.5884 1.4163 1.1835 0.8898 0.5353 0.1200 0.0000 0.1837 0.3265 0.4286 0.4898 0.5102 0.4898 0.4286 0.3265
1.2562 1.4824 1.6122 1.6457 1.5828 1.4235 1.3067 1.2324 1.0618 1.0448 0.9167 0.8611 0.6944 0.4167 0.1389 0.0000 0.0000 0.0000 0.0100 0.2625 0.6044 0.8950 1.1344 1.3225 1.4594 1.5550 1.5794 1.5625 1.4944 1.3750 1.2044 0.9825 0.8500 0.8700 0.9300 0.9500 0.9300 0.8700 0.7700 0.8300 0.8800 1.1141 1.3486 1.5222 1.6351 1.6871 1.6784 1.6088 1.4784 1.2871 1.0351 0.7222 0.4286 0.2041 0.0000 0.0000 0.0000 0.0000 0.0000 0.0000 0.0000 0.0000 0.0000 0.0100 0.1600 0.2900 0.4000 0.4900 0.5600 0.6100 0.7494 0.9625 1.1244 1.2350 1.2944 1.3025 1.2594 1.1650 1.0194 0.8225 0.7344 0.6250 0.4844 0.3125 0.1094 0.0000 0.0000 0.0000 0.0000 0.0000 0.0000 0.0000 0.0000 0.0000 0.0000 0.2653 0.7954 1.4790 2.0941 2.7116 3.1339 3.3241 3.2821 3.0079 2.5015 1.8741 1.1534 0.5616 0.2499 0.4188 0.5200 0.7025 0.9144 1.0150 1.0044 0.8825 0.6494 0.6250 0.6094 0.5625 0.4844 0.3750 0.2344 0.0625 0.0000 0.0000 0.1020 0.3265 0.5102 0.6531 0.7551 0.8163 0.8367 0.8163 0.7551 0.6531 0.5102 0.3265 0.2041 0.2041 0.2900 0.5944 0.8456 1.0066 1.0773 1.1235 1.3827 1.5679 1.6790 1.7160 1.6790 1.5679 1.4198 1.3210 1.1728 0.9753 0.7284 0.6729 0.7162 0.7508 0.6999 0.6247 0.6900 0.7600 0.8100 0.8400 0.8500 0.8400 0.8100 0.7600 0.9122 1.0722 1.1567 1.3878 1.5811 1.7833 2.0049 2.3802 2.5835 2.6150 2.4745 2.2454 2.1222 1.8826 1.6100 1.4988 1.3267 1.0939 0.8002 0.4457 0.0304 0.1837 0.3673 0.5102 0.6122 0.6735 0.6939 0.6735 0.6122 0.5102
1.4269 1.6531 1.7829 1.8163 1.7534 1.6774 1.8107 1.8475 1.6769 1.6321 1.4632 1.3056 1.1389 0.8611 0.4722 0.0833 0.0000 0.0000 0.0000 0.3931 0.7350 1.0256 1.2650 1.4531 1.5900 1.6756 1.7100 1.6931 1.6250 1.5056 1.3350 1.1131 0.8400 0.9100 0.9700 0.9900 0.9700 0.9100 0.8100 0.8800 0.9300 1.2253 1.4598 1.6335 1.7463 1.7984 1.7896 1.7200 1.5896 1.3984 1.1463 0.8335 0.4898 0.2653 0.0000 0.0000 0.0000 0.0000 0.0000 0.0000 0.0000 0.0000 0.0000 0.0000 0.0300 0.1600 0.2700 0.3600 0.4300 0.4800 0.6975 0.9106 1.0725 1.1831 1.2425 1.2506 1.2075 1.1131 0.9675 0.8906 0.8125 0.7031 0.5625 0.3906 0.1875 0.0000 0.0000 0.0000 0.0000 0.0000 0.0000 0.0000 0.0000 0.0000 0.0204 0.2857 0.8158 1.6383 2.3645 2.8832 3.2191 3.4093 3.3673 3.0931 2.5867 1.8482 0.9886 0.3968 0.0451 0.0400 0.2400 0.3600 0.4625 0.5631 0.5525 0.4306 0.4375 0.4531 0.4375 0.3906 0.3125 0.2031 0.0625 0.0000 0.0000 0.0000 0.0000 0.1837 0.3673 0.5102 0.6122 0.6735 0.6939 0.6735 0.6122 0.5102 0.3673 0.1837 0.0000 0.0000 0.2346 0.5760 0.8272 1.0494 1.2222 1.4568 1.7160 1.9012 2.0123 2.0494 2.0123 1.9012 1.7160 1.4938 1.3457 1.1481 1.0033 0.9078 0.9779 1.0125 0.9616 0.8252 0.7020 0.6700 0.7200 0.7500 0.7600 0.7500 0.7200 0.6700 0.9056 1.0656 1.1500 1.2422 1.4256 1.5578 1.7989 2.1742 2.3776 2.4090 2.2685 1.9561 1.8329 1.5933 1.4596 1.3484 1.1763 0.9435 0.6498 0.2953 0.1020 0.3265 0.5102 0.6531 0.7551 0.8163 0.8367 0.8163 0.7551 0.6531
1.5011 1.7273 1.8571 1.8906 1.8277 1.9739 2.2183 2.2551 2.0845 2.0675 1.8985 1.6389 1.4722 1.1944 0.8056 0.3056 0.0000 0.0000 0.1094 0.4725 0.8144 1.1050 1.3444 1.5325 1.6694 1.7550 1.7894 1.7725 1.7044 1.5850 1.4144 1.1925 0.9194 0.9100 0.9700 0.9900 0.9700 0.9100 0.8400 0.9100 0.9804 1.2757 1.5102 1.6839 1.7967 1.8488 1.8400 1.7704 1.6400 1.4611 1.1967 0.8839 0.5102 0.2857 0.0204 0.0000 0.0000 0.0000 0.0000 0.0000 0.0000 0.0000 0.0000 0.0000 0.0000 0.0100 0.1200 0.2100 0.2800 0.3300 0.5944 0.8075 0.9694 1.0800 1.1394 1.1475 1.1044 1.0100 0.9844 0.9375 0.8594 0.7500 0.6094 0.4375 0.2344 0.0000 0.0000 0.0000 0.0000 0.0000 0.0000 0.0000 0.0000 0.0000 0.0000 0.2653 0.8787 1.7012 2.4274 2.9461 3.2574 3.3611 3.2574 2.9461 2.4398 1.7012 0.8787 0.2653 0.0000 0.0000 0.0000 0.0000 0.0400 0.0000 0.1094 0.1875 0.2344 0.2500 0.2344 0.1875 0.1094 0.0000 0.0000 0.0000 0.0000 0.0000 0.0000 0.0000 0.1837 0.3265 0.4286 0.4898 0.5102 0.4898 0.4286 0.3265 0.1837 0.0000 0.0000 0.0988 0.4321 0.7531 1.0247 1.2469 1.4198 1.7160 1.9753 2.1605 2.2716 2.3086 2.2716 2.1605 1.9753 1.7160 1.4691 1.4553 1.3512 1.1940 1.1541 1.1887 1.1378 1.0014 0.8165 0.7437 0.6100 0.6400 0.6500 0.6400 0.6100 0.5878 0.8233 0.9833 1.0678 1.0767 1.1489 1.3611 1.4822 1.7963 1.9997 2.0311 1.8907 1.5783 1.4273 1.2988 1.2484 1.1371 0.9651 0.7322 0.4663 0.2041 0.2041 0.4286 0.6122 0.7551 0.8571 0.9184 0.9388 0.9184 0.8571 0.7551
1.4790 1.7052 1.8350 1.8685 1.8056 2.1740 2.4184 2.4552 2.3679 2.3509 2.1820 1.8611 1.6944 1.4167 1.0278 0.5278 0.0000 0.0000 0.1875 0.5006 0.8425 1.1331 1.3725 1.5606 1.6975 1.7831 1.8175 1.8006 1.7325 1.6131 1.4425 1.2206 0.9575 0.8700 0.9423 0.9500 0.9300 0.8700 0.8500 0.9200 0.9700 1.2653 1.4998 1.6735 1.7863 1.8631 1.9407 1.9328 1.8395 1.6606 1.3962 1.0463 0.6109 0.2900 0.0100 0.0000 0.0000 0.0000 0.0000 0.0000 0.0000 0.0000 0.0000 0.0000 0.0000 0.0000 0.0000 0.0400 0.1100 0.1756 0.4400 0.6531 0.8150 0.9256 0.9850 0.9931 1.0000 1.0156 1.0000 0.9531 0.8750 0.7656 0.6250 0.4531 0.2500 0.0156 0.0000 0.0000 0.0000 0.0000 0.0000 0.0000 0.0000 0.0000 0.0000 0.2319 0.9841 1.6678 2.2829 2.8016 3.1128 3.2166 3.1128 2.8016 2.2829 1.6678 0.9841 0.2319 0.0000 0.0000 0.0000 0.0000 0.0000 0.0000 0.0000 0.0000 0.0000 0.0156 0.0000 0.0000 0.0000 0.0000 0.0000 0.0000 0.0000 0.0000 0.0000 0.0000 0.0000 0.1020 0.2041 0.2653 0.2857 0.2653 0.2041 0.1020 0.0000 0.0000 0.0247 0.2099 0.5802 0.9012 1.1728 1.3951 1.5679 1.9012 2.1605 2.3457 2.4568 2.4938 2.4568 2.3457 2.1605 1.9012 1.7516 1.7130 1.6090 1.4147 1.3648 1.2794 1.2285 1.0921 0.8702 0.7973 0.6637 0.5100 0.5200 0.5100 0.4800 0.4300 0.6656 0.8256 0.9100 0.9189 0.9722 1.0833 1.1944 1.2965 1.4499 1.4813 1.3408 1.0284 1.0163 1.0267 0.9763 0.9484 0.9153 0.8158 0.6599 0.4199 0.4875 0.5731 0.6735 0.8163 0.9184 0.9796 1.0000 0.9796 0.9184 0.8163
1.3605 1.5867 1.7166 1.7500 1.7149 2.1667 2.4110 2.4478 2.4994 2.4824 2.3135 1.9926 1.8056 1.5278 1.1389 0.6389 0.0278 0.0000 0.2344 0.4775 0.8194 1.1100 1.3494 1.5375 1.6744 1.7600 1.7944 1.7775 1.7094 1.5900 1.4441 1.3086 1.0972 0.9999 1.0722 1.0799 1.0228 0.9011 0.8647 0.9100 0.9600 1.1941 1.4286 1.6022 1.8139 1.9770 2.0547 2.0468 1.9534 1.7746 1.5502 1.2703 0.8849 0.6040 0.2988 0.1900 0.1600 0.1100 0.0400 0.0000 0.0000 0.0000 0.0000 0.0000 0.0000 0.0000 0.0000 0.0000 0.0000 0.0000 0.2344 0.4475 0.6094 0.7500 0.8594 0.9375 0.9844 1.0000 0.9844 0.9375 0.8594 0.7500 0.6250 0.4375 0.2344 0.0000 0.0000 0.0000 0.0000 0.0000 0.0000 0.0000 0.0000 0.0000 0.0000 0.1020 0.9376 1.6213 2.1531 2.5329 2.7608 2.8645 2.7608 2.5329 2.1531 1.6213 0.9376 0.1020 0.0000 0.0000 0.0000 0.0000 0.0000 0.0000 0.0000 0.0000 0.0000 0.0000 0.0000 0.0000 0.0000 0.0000 0.0000 0.0000 0.0000 0.0000 0.0000 0.0000 0.0000 0.0000 0.0000 0.0000 0.0204 0.0000 0.0000 0.0000 0.0000 0.0000 0.1111 0.3086 0.6790 1.0000 1.2716 1.4938 1.6790 2.0123 2.2716 2.4568 2.5556 2.6049 2.5679 2.4568 2.2716 2.1144 2.0055 1.8806 1.7765 1.5823 1.5200 1.4046 1.2337 1.0973 0.8754 0.7902 0.6565 0.4620 0.3700 0.3600 0.3300 0.2800 0.4322 0.5922 0.6767 0.8056 0.8889 0.9167 0.8889 0.8056 0.8781 0.8396 0.7324 0.6122 0.6835 0.6939 0.8124 0.9703 1.0935 1.0957 0.9769 0.7982 0.9678 1.0164 0.9439 0.8614 0.9388 1.0000 1.0204 1.0000 0.9388 0.8367
1.1457 1.3719 1.5017 1.5351 1.5000 1.9518 2.1961 2.3441 2.4790 2.4620 2.2931 1.9722 1.8056 1.5278 1.1389 0.6389 0.0278 0.0156 0.2500 0.4531 0.7450 1.0356 1.2750 1.4631 1.6000 1.6856 1.7200 1.7031 1.6350 1.6144 1.5549 1.4194 1.2080 1.0807 1.1374 1.1451 1.0880 1.0163 1.0199 0.9788 0.9300 1.0620 1.2965 1.5937 1.8423 2.0055 2.0831 2.0753 1.9919 1.9230 1.7486 1.4687 1.1133 0.8324 0.6293 0.4835 0.3300 0.2800 0.2256 0.1200 0.0100 0.0000 0.0000 0.0000 0.0000 0.0000 0.0000 0.0000 0.0000 0.0000 0.1875 0.4184 0.5625 0.7031 0.8125 0.8906 0.9375 0.9531 0.9375 1.0000 1.0000 0.9375 0.8125 0.6250 0.3750 0.1094 0.0000 0.0000 0.0000 0.0000 0.0000 0.0000 0.0000 0.0000 0.0000 0.0278 0.7392 1.4229 1.9546 2.3345 2.5624 2.6383 2.5624 2.3345 1.9546 1.4229 0.7392 0.0278 0.0000 0.0000 0.0000 0.0000 0.0000 0.0000 0.0000 0.0000 0.0000 0.0000 0.0000 0.0000 0.0000 0.0000 0.0000 0.0000 0.0000 0.0000 0.0000 0.0000 0.0000 0.0000 0.0000 0.0000 0.0000 0.0000 0.0000 0.0000 0.0000 0.0000 0.1728 0.3580 0.7284 1.0494 1.3210 1.5432 1.7160 2.0494 2.3086 2.4938 2.6049 2.6420 2.6049 2.4938 2.3086 2.2535 2.1446 1.9579 1.8539 1.6596 1.6097 1.4943 1.3134 1.0670 0.7951 0.7222 0.5886 0.3941 0.2000 0.1900 0.1600 0.1100 0.1233 0.3333 0.5278 0.6667 0.7500 0.7778 0.7500 0.6667 0.5278 0.5170 0.4099 0.4286 0.4898 0.5935 0.9219 1.1662 1.2895 1.2917 1.1728 1.1574 1.3270 1.3756 1.3031 1.1095 1.0171 0.9796 1.0000 0.9796 0.9184 0.8163
0.8345 1.0607 1.1905 1.2239 1.1610 1.5295 1.8849 2.1718 2.3067 2.2897 2.1207 1.8611 1.6944 1.4167 1.0278 0.5278 0.0000 0.0000 0.2344 0.4375 0.6194 0.9100 1.1494 1.3375 1.4744 1.5600 1.5944 1.5775 1.6328 1.6493 1.5897 1.4543 1.2429 1.0656 1.1379 1.1456 1.0885 1.1268 1.1304 1.0893 1.0035 0.9100 1.2024 1.5366 1.7853 1.9484 2.0261 2.0482 2.0848 2.0159 1.8416 1.5617 1.2563 1.0162 0.9151 0.8786 0.7663 0.6644 0.6100 0.5044 0.3475 0.1394 0.0000 0.0000 0.0000 0.0000 0.0000 0.0000 0.0833 0.2222 0.4149 0.6458 0.7899 0.8472 0.8177 0.8125 0.8594 0.9375 1.0725 1.1250 1.1250 1.0625 0.9375 0.7500 0.5400 0.3225 0.2031 0.0625 0.0000 0.0000 0.0000 0.0000 0.0000 0.0000 0.0000 0.0000 0.3889 1.0726 1.6043 1.9841 2.2120 2.2880 2.2120 1.9841 1.6043 1.0726 0.3889 0.0000 0.0000 0.0000 0.0000 0.0000 0.0000 0.0000 0.0000 0.0000 0.0000 0.0000 0.0000 0.0000 0.0000 0.0000 0.0000 0.0000 0.0000 0.0000 0.0000 0.0000 0.0000 0.0000 0.0000 0.0000 0.0000 0.0000 0.0000 0.0000 0.0000 0.0000 0.2099 0.3951 0.7284 1.0494 1.3210 1.5432 1.7160 2.0123 2.2716 2.4568 2.6079 2.6049 2.5679 2.4568 2.2920 2.2777 2.1688 1.9451 1.8410 1.6838 1.6339 1.5185 1.3376 1.0912 0.8163 0.6735 0.4898 0.2653 0.0100 0.0000 0.0000 0.0000 0.0000 0.1389 0.3333 0.4722 0.5556 0.5833 0.5556 0.4722 0.3333 0.1389 0.1020 0.2041 0.2653 0.6314 0.9968 1.2411 1.3644 1.4074 1.4722 1.4568 1.5652 1.6138 1.5413 1.3477 1.1164 1.0418 0.9388 0.9184 0.8571 0.7551
0.5102 0.6531 0.7829 0.8163 0.8367 1.1219 1.5607 1.8475 1.9824 1.9654 1.7965 1.6389 1.4722 1.1944 0.8056 0.3056 0.0000 0.0000 0.1875 0.3906 0.5625 0.7331 0.9725 1.1606 1.2975 1.3831 1.4175 1.4994 1.5918 1.6082 1.5487 1.4132 1.2018 1.0014 1.0737 1.0814 1.1443 1.1926 1.1962 1.1551 1.0693 0.9635 1.0599 1.3940 1.6427 1.8059 1.8935 2.0356 2.0723 2.0034 1.8290 1.5491 1.3137 1.3198 1.3593 1.3229 1.2105 1.0222 0.9431 0.8375 0.7084 0.4725 0.2131 0.0625 0.0000 0.0000 0.0000 0.1389 0.3333 0.4722 0.5556 0.7865 0.9306 0.9878 0.9983 0.9520 0.9725 1.1900 1.3250 1.3775 1.3475 1.3150 1.3900 1.3325 1.1525 1.0444 0.8050 0.4344 0.1725 0.0400 0.0000 0.0000 0.0000 0.0000 0.0000 0.0000 0.2222 0.6111 1.1020 1.4819 1.7098 1.7857 1.7098 1.4819 1.1020 0.6111 0.2222 0.0000 0.0000 0.0000 0.0000 0.0000 0.0000 0.0000 0.0000 0.0000 0.0000 0.0000 0.0000 0.0000 0.0000 0.0000 0.0000 0.0000 0.0000 0.0000 0.0000 0.0000 0.0000 0.0000 0.0000 0.0000 0.0000 0.0000 0.0000 0.0000 0.0000 0.0123 0.2222 0.4074 0.6790 1.0000 1.2716 1.4938 1.6667 1.9412 2.4005 2.7057 2.8568 2.9559 2.9009 2.6510 2.4666 2.4523 2.2822 1.9564 1.7380 1.6425 1.5926 1.4772 1.2963 1.0499 0.8367 0.6939 0.5102 0.2857 0.0204 0.0000 0.0000 0.0000 0.0000 0.0000 0.0833 0.2222 0.3056 0.3333 0.3056 0.2222 0.0833 0.0000 0.0000 0.0000 0.0988 0.5852 0.9506 1.2662 1.4815 1.6265 1.6914 1.6759 1.6823 1.7309 1.6584 1.4648 1.1502 1.0756 0.9355 0.8163 0.7551 0.6531
0.3673 0.5102 0.6122 0.6735 0.6939 0.7568 1.0845 1.3713 1.5062 1.4892 1.3611 1.3056 1.1389 0.8611 0.4722 0.0833 0.0000 0.0000 0.1094 0.3125 0.4844 0.6250 0.7444 0.9325 1.0694 1.1550 1.2141 1.3824 1.4747 1.4912 1.4317 1.2962 1.0848 0.9225 0.9448 1.0725 1.1654 1.2137 1.2173 1.1762 1.0904 1.0710 1.0810 1.2068 1.4146 1.5778 1.7754 1.9176 1.9542 1.8853 1.7109 1.5219 1.5726 1.6881 1.7276 1.6912 1.5788 1.4738 1.4472 1.4249 1.2958 1.0599 0.7172 0.3177 0.0625 0.0000 0.0833 0.3333 0.5278 0.6667 0.7500 0.8403 0.9944 1.1617 1.2222 1.1758 1.2258 1.3600 1.4950 1.5575 1.6775 1.9350 2.0100 1.9025 1.7531 1.6350 1.3956 1.0250 0.5231 0.2100 0.1200 0.0100 0.0000 0.0000 0.0000 0.0000 0.0833 0.3333 0.6111 0.8889 1.0556 1.1315 1.0556 0.8889 0.6111 0.3333 0.0833 0.0000 0.0000 0.0000 0.0000 0.0000 0.0000 0.0000 0.0000 0.0000 0.0000 0.0000 0.0000 0.0000 0.0000 0.0000 0.0000 0.0000 0.0000 0.0000 0.0000 0.0000 0.0000 0.0000 0.0000 0.0000 0.0000 0.0000 0.0000 0.0000 0.0000 0.0000 0.2099 0.3951 0.5802 0.9012 1.1728 1.3951 1.6079 2.0360 2.4953 2.8005 3.1353 3.2752 3.2202 2.9703 2.5255 2.4712 2.3011 1.9753 1.7284 1.5357 1.4858 1.3704 1.1895 0.9431 0.8163 0.6735 0.4898 0.2653 0.0000 0.0000 0.0000 0.0000 0.0000 0.0000 0.0000 0.0000 0.0000 0.0278 0.0000 0.0000 0.0000 0.0000 0.0000 0.0647 0.3477 0.8637 1.2795 1.5951 1.8104 1.9254 1.9402 1.8548 1.7191 1.7269 1.6544 1.4608 1.1462 1.0438 0.9242 0.6982 0.6122 0.5102
0.1837 0.3265 0.4286 0.4898 0.5102 0.4898 0.5675 0.7432 0.8781 0.8611 0.9167 0.8611 0.6944 0.4167 0.1389 0.0000 0.0000 0.0000 0.0000 0.2031 0.3750 0.5156 0.6250 0.7031 0.7900 0.8756 1.0211 1.1894 1.2818 1.2982 1.2387 1.1032 0.8919 0.8889 0.9112 1.0489 1.1419 1.1901 1.1937 1.1526 1.0668 1.1091 1.1191 1.1585 1.2643 1.3654 1.5519 1.6940 1.7306 1.7230 1.6506 1.6736 1.8650 1.9804 2.0199 1.9835 2.0100 2.0162 1.9278 1.9056 1.7765 1.5406 1.1978 0.7483 0.3420 0.0000 0.2222 0.4722 0.6667 0.8056 0.8889 0.9467 1.1114 1.2787 1.3392 1.4022 1.4522 1.4475 1.6403 1.7950 2.1150 2.3725 2.4475 2.4494 2.3625 2.1244 1.8550 1.4844 0.9825 0.4694 0.2700 0.1600 0.0300 0.0000 0.0000 0.0000 0.0000 0.1389 0.3333 0.4722 0.5556 0.6111 0.5556 0.4722 0.3333 0.1512 0.0000 0.0000 0.0000 0.0000 0.0000 0.0000 0.0000 0.0000 0.0000 0.0000 0.0000 0.0000 0.0000 0.0000 0.0000 0.0000 0.0000 0.0000 0.0000 0.0000 0.0000 0.0000 0.0000 0.0000 0.0156 0.0000 0.0000 0.0000 0.0000 0.0000 0.0000 0.0000 0.1728 0.3580 0.5185 0.7531 1.0247 1.2469 1.6598 2.0632 2.4360 2.9249 3.2597 3.3996 3.3446 3.0947 2.6499 2.3343 2.1643 1.8755 1.7150 1.5470 1.3134 1.1980 1.0171 0.8571 0.7551 0.6122 0.4286 0.2041 0.0000 0.0000 0.0000 0.0000 0.0000 0.0000 0.0000 0.0000 0.0000 0.0000 0.0000 0.0000 0.0000 0.0100 0.1200 0.3211 0.5763 1.0923 1.5081 1.8237 2.0390 2.1541 2.1689 2.0835 1.8978 1.6119 1.5294 1.4378 1.2252 1.2119 1.0922 0.8662 0.6327 0.4286
0.0000 0.1020 0.2041 0.2653 0.2857 0.2653 0.2041 0.1854 0.2222 0.3056 0.3611 0.3056 0.2222 0.0833 0.0000 0.0000 0.0000 0.0000 0.0000 0.0625 0.2344 0.3750 0.4844 0.5625 0.6094 0.6250 0.7822 0.9205 1.0129 1.0293 0.9998 0.9144 0.9136 0.9506 0.9630 0.9806 1.0736 1.1219 1.1254 1.0843 0.9985 1.0779 1.0879 1.0656 1.1714 1.3425 1.5289 1.6506 1.7077 1.7000 1.7477 1.8900 2.0814 2.1968 2.2364 2.2833 2.4209 2.4270 2.3017 2.2794 2.1503 1.9144 1.5717 1.1222 0.6458 0.1927 0.3056 0.5556 0.7500 0.8889 0.9946 1.1600 1.2622 1.2889 1.3494 1.5739 1.7628 1.7681 2.0808 2.2356 2.5922 2.7108 2.8431 2.9075 2.8206 2.5825 2.1931 1.8125 1.3106 0.6775 0.4000 0.2900 0.1600 0.0100 0.0000 0.0000 0.0000 0.0000 0.0833 0.2222 0.3056 0.3580 0.4167 0.3951 0.2932 0.2222 0.2099 0.1728 0.1111 0.0247 0.0000 0.0000 0.0000 0.0000 0.0000 0.0000 0.0000 0.0000 0.0000 0.0000 0.0000 0.0000 0.0000 0.0000 0.0000 0.0000 0.0000 0.1094 0.1875 0.2344 0.2500 0.2344 0.1875 0.1094 0.0000 0.0000 0.0000 0.0000 0.1111 0.2963 0.4568 0.5926 0.8272 1.0494 1.6222 1.9857 2.3618 2.8544 3.1892 3.3291 3.2741 3.0242 2.5795 2.0418 1.8718 1.6818 1.6201 1.4520 1.1776 0.9602 0.8163 0.7551 0.6531 0.5102 0.3265 0.1020 0.0000 0.0000 0.0000 0.0000 0.0000 0.0000 0.0000 0.0000 0.0000 0.0000 0.0000 0.0000 0.0300 0.1600 0.2700 0.5328 0.7880 1.2207 1.6365 1.9521 2.1674 2.2825 2.2973 2.2119 2.0262 1.7402 1.5377 1.4162 1.2870 1.2736 1.1539 0.9279 0.6327 0.4286
0.0000 0.0000 0.0000 0.0000 0.0204 0.0000 0.0000 0.0000 0.0000 0.0000 0.0278 0.0000 0.0000 0.0000 0.0000 0.0000 0.0000 0.0000 0.0000 0.0000 0.0625 0.2031 0.3125 0.3906 0.4375 0.4531 0.6474 0.7857 0.8681 0.8945 0.8650 0.8889 0.9506 0.9877 1.0000 0.9877 0.9606 1.0089 1.0125 0.9714 0.8979 0.9773 0.9873 0.9279 1.0337 1.2548 1.4412 1.5630 1.6200 1.7323 1.8100 2.0305 2.2219 2.3373 2.3768 2.5626 2.7003 2.7064 2.5810 2.5464 2.4173 2.1814 1.8387 1.3892 0.8628 0.4375 0.3580 0.6944 0.9506 1.1265 1.3422 1.5077 1.5728 1.5378 1.5414 1.8210 1.9631 2.0783 2.3633 2.6049 3.0397 3.2677 3.2889 3.2144 3.1275 2.8894 2.5000 2.0094 1.5075 0.8744 0.5100 0.4000 0.2700 0.1200 0.0000 0.0000 0.0000 0.0000 0.0000 0.0000 0.0988 0.2377 0.2963 0.3580 0.4051 0.4074 0.3951 0.3580 0.2963 0.2099 0.0988 0.0000 0.0000 0.0000 0.0000 0.0000 0.0000 0.0000 0.0000 0.0000 0.0000 0.0000 0.0000 0.0000 0.0000 0.0625 0.2031 0.3125 0.3906 0.4375 0.4531 0.4375 0.3906 0.3125 0.2031 0.0625 0.0000 0.0000 0.0247 0.2222 0.3704 0.5462 0.8573 1.2025 1.7753 2.1388 2.4969 2.6661 2.9238 3.0637 3.0087 2.7589 2.3141 1.6744 1.4606 1.4805 1.4187 1.2507 0.9763 0.6939 0.6735 0.6122 0.5102 0.3673 0.1837 0.0000 0.0000 0.0000 0.0000 0.0000 0.0000 0.0000 0.0000 0.0000 0.0000 0.0000 0.0000 0.0100 0.1600 0.2900 0.4000 0.6999 0.9551 1.2489 1.6647 1.9802 2.1956 2.3106 2.3254 2.2400 2.0543 1.9521 1.7496 1.4060 1.3036 1.2290 1.1093 0.8833 0.6122 0.5102
0.0000 0.0000 0.0000 0.0000 0.0000 0.0000 0.0000 0.0000 0.0000 0.0000 0.0000 0.0000 0.0000 0.0000 0.0000 0.0000 0.0000 0.0000 0.0000 0.0000 0.0000 0.0000 0.1094 0.1875 0.2344 0.2623 0.4566 0.5949 0.6773 0.7037 0.8148 0.9012 0.9630 1.0000 1.0123 1.0000 0.9630 0.9012 0.8548 0.8293 0.7279 0.8073 0.8173 0.7579 0.8514 1.1025 1.2889 1.4606 1.6277 1.7500 1.8277 2.0950 2.2864 2.4018 2.4414 2.7105 2.8481 2.8543 2.7289 2.7066 2.5775 2.3416 1.9989 1.5494 0.9931 0.6387 0.5154 0.8519 1.1080 1.3240 1.5896 1.7551 1.8202 1.8685 1.9988 2.1921 2.2753 2.4250 2.7534 2.9550 3.3898 3.6178 3.6390 3.4533 3.2831 3.0450 2.6556 2.1150 1.5731 0.9400 0.6156 0.4900 0.3600 0.2100 0.0400 0.0000 0.0000 0.0000 0.0000 0.1235 0.2993 0.4804 0.6168 0.7085 0.7556 0.7579 0.7156 0.6285 0.4968 0.3704 0.2593 0.1235 0.0000 0.0000 0.0000 0.0000 0.0000 0.0000 0.0000 0.0000 0.0000 0.0000 0.0000 0.0000 0.0625 0.2344 0.3750 0.4844 0.5625 0.6094 0.6250 0.6094 0.5625 0.4844 0.3750 0.2591 0.1736 0.1728 0.2099 0.3210 0.5091 0.8879 1.1373 1.2573 1.7190 2.0825 2.5018 2.6710 2.5900 2.6035 2.5485 2.2986 1.8538 1.3006 1.1282 1.1728 1.1111 0.9431 0.7551 0.5102 0.4898 0.4286 0.3265 0.1837 0.0000 0.0000 0.0000 0.0000 0.0000 0.0000 0.0000 0.0000 0.0000 0.0000 0.0000 0.0000 0.0000 0.1200 0.2700 0.4000 0.5223 0.8222 1.0774 1.2879 1.5926 1.9081 2.1235 2.2385 2.2533 2.1679 2.0843 2.0228 1.8203 1.5879 1.4588 1.3966 1.2441 1.0385 0.7674 0.6531
0.0000 0.0000 0.0000 0.0000 0.0000 0.0000 0.0000 0.0000 0.0000 0.0000 0.0000 0.0000 0.0000 0.0000 0.0000 0.0000 0.0000 0.0000 0.0000 0.0000 0.0000 0.0000 0.0000 0.0000 0.0000 0.0156 0.2099 0.3951 0.5556 0.6914 0.8025 0.8889 0.9506 1.0277 1.0000 0.9877 1.0600 1.0764 1.0368 0.9414 0.7899 0.7554 0.6873 0.5185 0.6643 0.9654 1.2219 1.4336 1.6006 1.7230 1.8162 2.0836 2.2750 2.3904 2.4577 2.7269 2.8645 2.8706 2.7823 2.7600 2.6309 2.3950 2.0523 1.6028 1.1699 0.8426 0.6360 0.9290 1.1852 1.4711 1.7368 1.9022 1.9674 2.1546 2.2693 2.4625 2.5787 2.6883 3.0167 3.2183 3.5331 3.7610 3.7822 3.5966 3.2875 3.0494 2.6600 2.1194 1.5075 0.9944 0.6700 0.5600 0.4300 0.2800 0.1100 0.0100 0.0000 0.0000 0.1488 0.3793 0.6051 0.7862 0.9226 1.0143 1.0614 1.0637 1.0214 0.9343 0.8026 0.6262 0.4051 0.2593 0.0988 0.0000 0.0000 0.0000 0.0000 0.0000 0.0000 0.0000 0.0000 0.0000 0.0000 0.0000 0.2031 0.3750 0.5156 0.6250 0.7031 0.7500 0.7656 0.7500 0.7031 0.6250 0.6144 0.5849 0.4994 0.3580 0.3951 0.4074 0.7585 1.1373 1.3867 1.5067 1.7373 1.9360 2.2936 2.4258 2.3447 2.1335 2.0291 1.7793 1.3839 1.0123 0.9388 0.8367 0.7959 0.7143 0.5510 0.3061 0.2653 0.2041 0.1020 0.0000 0.0000 0.0000 0.0000 0.0000 0.0000 0.0000 0.0000 0.0000 0.0000 0.0000 0.0000 0.0000 0.0400 0.2100 0.3600 0.4900 0.6000 0.8999 1.1551 1.3656 1.5314 1.7358 1.9511 2.0662 2.0810 1.9956 2.0140 1.9772 1.9722 1.9404 1.7984 1.6961 1.5437 1.3011 0.9683 0.7798
0.0000 0.0000 0.0000 0.0000 0.0000 0.0000 0.0000 0.0000 0.0000 0.0000 0.0000 0.0000 0.0000 0.0278 0.0000 0.0000 0.0000 0.0000 0.0000 0.0000 0.0000 0.0000 0.0000 0.0000 0.0000 0.0000 0.1728 0.3580 0.5185 0.6543 0.8154 1.0919 1.2736 1.3506 1.3855 1.3937 1.2661 1.2425 1.2029 1.1074 0.9560 0.8598 0.7816 0.6599 0.6551 0.8937 1.1501 1.3619 1.5289 1.6512 1.7289 1.9962 2.1876 2.3031 2.3426 2.6117 2.7494 2.7555 2.7289 2.7066 2.5775 2.3416 1.9989 1.6481 1.2523 0.9350 0.5895 0.9259 1.1821 1.5180 1.7837 1.9491 2.0143 2.2848 2.3995 2.5459 2.7121 2.9235 3.1531 3.3547 3.4695 3.6975 3.7187 3.5331 3.1406 2.9025 2.5131 1.9725 1.3106 0.9975 0.7200 0.6500 0.5900 0.4900 0.3500 0.2400 0.4300 0.5747 0.8799 1.0404 1.1062 1.0873 1.1837 1.2754 1.3225 1.3248 1.2825 1.1954 1.0637 0.8873 0.6662 0.4004 0.2099 0.0247 0.0000 0.0000 0.0100 0.0000 0.0000 0.0000 0.0000 0.0000 0.0000 0.1094 0.3125 0.4844 0.6250 0.7344 0.8125 0.8594 0.8750 0.8594 0.8125 0.8578 0.8843 0.8547 0.7693 0.6279 0.5556 0.5679 0.9156 1.2573 1.5067 1.6267 1.6573 1.7985 2.0327 2.1649 2.0715 1.7526 1.6482 1.3984 1.0400 0.9796 0.9184 0.8163 0.6735 0.4898 0.2653 0.0204 0.0000 0.0000 0.0000 0.0000 0.0000 0.0000 0.0000 0.0000 0.0000 0.0000 0.0000 0.0000 0.0000 0.0000 0.0000 0.0000 0.1100 0.2800 0.4300 0.5600 0.6700 0.9328 1.1880 1.3985 1.5643 1.6854 1.7619 1.7936 1.8084 1.7230 1.9847 2.1733 2.2516 2.2198 2.0778 1.9055 1.7531 1.5105 1.2147 1.0262
0.0000 0.0000 0.0000 0.0000 0.0000 0.0000 0.0000 0.0000 0.0000 0.0000 0.0833 0.2222 0.3056 0.3333 0.3056 0.2222 0.0833 0.0000 0.0000 0.0000 0.0000 0.0000 0.0000 0.0000 0.0000 0.0000 0.1511 0.4063 0.6168 0.8226 1.2237 1.5001 1.6519 1.7414 1.8156 1.7839 1.6840 1.3926 1.3131 1.2176 1.0662 0.8835 0.8054 0.7454 0.7405 0.8398 1.0337 1.2454 1.4125 1.5348 1.6125 1.8329 2.0243 2.1398 2.1793 2.3651 2.5027 2.5089 2.5687 2.5464 2.4173 2.1814 1.8634 1.5990 1.2332 0.9159 0.6173 0.8426 1.0988 1.4647 1.7304 1.8958 1.9888 2.2593 2.3740 2.4422 2.7495 3.0443 3.1875 3.3644 3.4392 3.4272 3.4483 3.2627 2.8703 2.6322 2.2150 1.6744 1.2225 0.9594 0.8700 0.8500 0.7900 0.6900 0.5900 0.6900 0.8900 1.2411 1.5463 1.7068 1.7226 1.5937 1.4401 1.4919 1.5389 1.5412 1.4989 1.4119 1.2801 1.1037 0.8826 0.6168 0.3463 0.2211 0.1600 0.1900 0.2000 0.1900 0.1600 0.1100 0.0400 0.0000 0.0000 0.1875 0.3906 0.5625 0.7031 0.8125 0.8906 0.9375 0.9531 0.9375 0.9894 1.0718 1.0982 1.0687 0.9832 0.8418 0.6914 0.7437 1.0914 1.3343 1.4973 1.6173 1.6079 1.5091 1.6451 1.6784 1.5851 1.2662 1.1218 0.9584 0.9388 0.9184 0.8571 0.7551 0.6122 0.4286 0.2041 0.0000 0.0000 0.0000 0.0000 0.0000 0.0000 0.0000 0.0000 0.0000 0.0000 0.0000 0.0000 0.0000 0.0000 0.0000 0.0000 0.0000 0.1600 0.3300 0.4800 0.6100 0.7200 0.9211 1.1763 1.3868 1.5526 1.6737 1.7501 1.7819 1.7689 1.8551 2.1539 2.3424 2.4208 2.3890 2.2469 2.0247 1.8723 1.6296 1.3956 1.2071
0.0000 0.0000 0.0000 0.0000 0.0000 0.0000 0.0000 0.0000 0.0000 0.1389 0.3333 0.4722 0.5556 0.5833 0.5556 0.4722 0.3333 0.1389 0.0000 0.0000 0.0000 0.0000 0.0000 0.0000 0.0100 0.1200 0.2347 0.4899 0.7004 1.1062 1.5073 1.7837 1.9354 2.2489 2.4620 2.4636 2.2538 1.9524 1.5895 1.3551 1.1204 0.9130 0.7485 0.7749 0.7701 0.8193 0.8726 1.0843 1.2514 1.3737 1.4514 1.5937 1.7851 1.9005 1.9401 1.9870 2.1246 2.2172 2.3017 2.2794 2.1503 1.9144 1.6828 1.4184 1.1026 0.7853 0.7037 0.7901 0.9452 1.3111 1.5768 1.7422 1.8074 2.0779 2.1926 2.2726 2.7188 3.0135 3.1567 3.2472 3.3220 3.2700 3.1745 3.0078 2.6987 2.4883 2.1912 1.7672 1.2465 1.0100 1.0300 1.0100 0.9500 0.8500 0.9500 1.0500 1.3500 1.7628 2.0680 2.2285 2.2443 2.1154 1.8419 1.6636 1.7106 1.7130 1.6706 1.5836 1.4519 1.2754 1.0643 0.9085 0.6880 0.4528 0.3300 0.3600 0.3700 0.3600 0.3300 0.2800 0.2100 0.1200 0.0100 0.2344 0.4375 0.6094 0.7500 0.8594 0.9375 0.9844 1.0000 1.0091 1.1474 1.2297 1.2562 1.2267 1.1412 0.9998 0.8025 0.8148 1.1625 1.4054 1.5437 1.5773 1.5062 1.3304 1.1643 0.9912 0.9102 0.6531 0.7551 0.8163 0.8367 0.8163 0.7551 0.6531 0.5102 0.3265 0.1020 0.0000 0.0000 0.0000 0.0000 0.0000 0.0000 0.0000 0.0000 0.0000 0.0000 0.0000 0.0000 0.0000 0.0000 0.0000 0.0000 0.0000 0.1900 0.3600 0.5100 0.6400 0.7500 0.8647 1.1199 1.3304 1.4962 1.6173 1.6937 1.7254 1.8112 1.9141 2.2128 2.4014 2.4798 2.4479 2.3059 2.0537 1.9012 1.6586 1.5110 1.3225
0.0000 0.0000 0.0000 0.0000 0.0000 0.0000 0.0000 0.0000 0.0833 0.3333 0.5278 0.6667 0.7500 0.7778 0.7500 0.6667 0.5278 0.3333 0.0833 0.0000 0.0000 0.0000 0.0000 0.0300 0.1600 0.2700 0.3600 0.5288 0.7393 1.2774 1.6662 1.9426 2.3426 2.7672 2.9803 2.9819 2.7720 2.3506 1.8378 1.6034 1.2575 0.9113 0.7344 0.7485 0.7436 0.7229 0.7762 0.8785 1.0456 1.1679 1.2456 1.2785 1.4699 1.5854 1.6249 1.5885 1.6520 1.8433 1.9278 1.9056 1.7765 1.5406 1.3707 1.1064 0.8605 0.6543 0.7654 0.8519 0.9136 1.1406 1.3230 1.5040 1.5536 1.8241 2.0777 2.2310 2.5366 2.8313 2.9745 3.0033 3.0781 3.1649 3.1806 3.0138 2.7481 2.5777 2.2806 1.8666 1.4658 1.2689 1.1500 1.1300 1.0700 0.9700 1.1900 1.3300 1.6900 2.1399 2.4451 2.6056 2.6214 2.4925 2.2189 1.8006 1.8377 1.8400 1.7977 1.7106 1.5789 1.4325 1.3414 1.1856 0.9651 0.6799 0.4800 0.5100 0.5200 0.5100 0.4800 0.4300 0.3600 0.2700 0.1756 0.2800 0.4531 0.6250 0.7656 0.8750 0.9531 1.0000 1.0156 1.1111 1.2494 1.3318 1.3582 1.3287 1.2432 1.1019 0.9045 0.9012 1.1289 1.3719 1.5101 1.5437 1.4726 1.2968 1.0163 0.8148 0.6073 0.5102 0.6122 0.6735 0.6939 0.6735 0.6122 0.5102 0.3673 0.1837 0.0000 0.0000 0.0000 0.0000 0.0000 0.0000 0.0000 0.0000 0.0000 0.0000 0.0000 0.0000 0.0000 0.0000 0.0000 0.0000 0.0000 0.0100 0.2000 0.3700 0.5200 0.6500 0.7600 0.8500 1.0188 1.2293 1.3951 1.5162 1.5926 1.6490 1.8212 1.9241 2.1616 2.3502 2.4285 2.3967 2.2547 2.0024 1.8400 1.6838 1.5608 1.3724
0.0000 0.0000 0.0000 0.0000 0.0000 0.0000 0.0000 0.0000 0.2222 0.4722 0.6667 0.8056 0.8889 0.9167 0.8889 0.8056 0.6667 0.4722 0.2222 0.0000 0.0000 0.0000 0.0304 0.1600 0.3104 0.4451 0.6011 0.7328 0.9833 1.5215 1.9102 2.2330 2.7605 3.0986 3.2871 3.2887 3.0788 2.6574 2.0245 1.7402 1.3943 0.9740 0.8125 0.7031 0.6613 0.6005 0.6038 0.6280 0.7951 0.9174 0.9951 1.0280 1.0788 1.1943 1.2338 1.2344 1.2825 1.3627 1.4472 1.4249 1.2958 1.0599 0.9271 0.7128 0.6181 0.6914 0.8025 0.8889 1.0600 1.3352 1.5644 1.7177 1.7950 1.8797 2.0552 2.0991 2.3122 2.4976 2.6408 2.6325 2.7906 2.9886 3.0042 2.8375 2.7106 2.5403 2.2431 1.9392 1.6778 1.5433 1.3133 1.2100 1.1500 1.1000 1.3100 1.5500 1.9223 2.3722 2.6774 2.8379 2.8537 2.7248 2.4512 2.0330 1.9200 1.9223 1.8800 1.7930 1.6712 1.6448 1.5537 1.3979 1.1774 0.8922 0.6223 0.6400 0.6500 0.6400 0.6100 0.5600 0.4900 0.4000 0.2900 0.3944 0.4475 0.6094 0.7500 0.8594 0.9375 0.9844 1.0000 1.1572 1.2955 1.3779 1.4043 1.3748 1.2894 1.1480 0.9506 0.9630 0.9906 1.2336 1.3719 1.4054 1.3343 1.1585 0.8780 0.4928 0.2237 0.3265 0.4286 0.4898 0.5102 0.4898 0.4286 0.3265 0.1837 0.0000 0.0000 0.0000 0.0000 0.0000 0.0000 0.0000 0.0000 0.0000 0.0000 0.0000 0.0000 0.0000 0.0000 0.0000 0.0000 0.0000 0.0000 0.0000 0.1900 0.3600 0.5100 0.6400 0.7500 0.8400 0.9100 1.0835 1.2493 1.3704 1.4468 1.5896 1.7619 1.8647 2.0002 2.1888 2.2671 2.2353 2.0933 1.8410 1.7256 1.6682 1.5452 1.3568
0.0000 0.0000 0.0000 0.0000 0.0000 0.0000 0.0000 0.0000 0.3056 0.5556 0.7500 0.8889 0.9722 1.0000 0.9722 0.8889 0.7500 0.5556 0.3056 0.1020 0.2041 0.3673 0.7118 1.0047 1.2539 1.3729 1.3657 1.3341 1.2171 1.6162 2.0049 2.4665 3.0409 3.3791 3.4967 3.3840 3.1741 2.7527 2.1198 1.7654 1.4566 1.1597 0.8594 0.7500 0.6094 0.4622 0.3555 0.3328 0.4999 0.6222 0.6999 0.7328 0.7211 0.7272 0.8531 0.9525 1.0006 0.9975 0.9431 0.8375 0.7084 0.4848 0.4353 0.4699 0.5679 0.7037 0.8773 1.1044 1.2755 1.5006 1.7298 1.8831 1.9605 1.9619 2.0262 2.0702 2.0926 2.1530 2.1556 2.1473 2.4319 2.6299 2.6456 2.5899 2.5464 2.3760 2.1189 2.0056 1.8567 1.7622 1.6022 1.4100 1.3800 1.2900 1.5000 1.8100 2.1200 2.4999 2.7651 2.9256 2.9414 2.8125 2.5389 2.1206 1.9977 1.9600 1.9177 1.8306 1.8189 1.7925 1.7014 1.5456 1.3251 1.0399 0.7200 0.7500 0.7600 0.7500 0.7200 0.6700 0.6000 0.5100 0.4000 0.4575 0.5106 0.5625 0.7031 0.8125 0.8906 0.9375 0.9531 1.1474 1.2857 1.3681 1.3945 1.3650 1.2795 1.1381 0.9877 1.0000 0.9877 0.9906 1.1289 1.1625 1.0914 0.9156 0.6351 0.2499 0.0000 0.1020 0.2041 0.2653 0.2857 0.2653 0.2041 0.1020 0.0000 0.0000 0.0000 0.0000 0.0000 0.0000 0.0000 0.0000 0.0000 0.0000 0.0000 0.0000 0.0000 0.0000 0.0000 0.0000 0.0000 0.0000 0.0000 0.0000 0.1600 0.3300 0.4800 0.6100 0.7200 0.8100 0.8800 0.9300 1.0588 1.1799 1.2563 1.4609 1.6331 1.7359 1.7694 1.9171 1.9955 1.9637 1.8216 1.6364 1.6445 1.5870 1.4641 1.2756
0.0000 0.0000 0.0000 0.0000 0.0000 0.0000 0.0000 0.0278 0.3333 0.5833 0.7778 0.9167 1.0000 1.0278 1.0000 0.9167 0.7778 0.5833 0.5170 0.3543 0.6122 1.0400 1.4753 1.8916 2.1778 2.2969 2.2488 2.0336 1.8758 1.8316 1.9502 2.6202 3.2727 3.6577 3.7754 3.6256 3.2453 2.7458 2.1236 1.8056 1.5556 1.2587 0.8750 0.7656 0.6250 0.4531 0.2500 0.0456 0.1600 0.2823 0.3600 0.4300 0.4800 0.5100 0.5200 0.6194 0.6675 0.6644 0.6100 0.5044 0.3875 0.1394 0.2099 0.3951 0.5556 0.7539 1.0368 1.2639 1.4350 1.5902 1.8194 1.9727 2.0500 2.0514 1.9768 1.9097 1.8622 1.8131 1.7532 1.6356 1.9378 2.0889 2.2156 2.2989 2.3022 2.2100 2.1322 2.0289 2.0600 2.0156 1.8556 1.5800 1.5500 1.4600 1.5500 1.9600 2.2700 2.6128 2.8280 2.8785 2.8843 2.7554 2.4819 2.1836 2.0606 1.9530 1.9106 1.8636 1.9019 1.8754 1.7843 1.6285 1.4080 1.1228 0.8100 0.8400 0.8500 0.8400 0.8100 0.7600 0.6900 0.6000 0.4900 0.4694 0.5225 0.5244 0.6250 0.7344 0.8125 0.8594 0.8873 1.0816 1.2199 1.3023 1.3287 1.2992 1.2137 1.0723 1.0000 1.0000 1.0000 0.9630 0.9012 0.8148 0.7437 0.5679 0.4074 0.2222 0.0123 0.0000 0.0000 0.0000 0.0204 0.0000 0.0000 0.0000 0.0000 0.0000 0.0000 0.0000 0.0000 0.0000 0.0000 0.0000 0.0000 0.0000 0.0000 0.0000 0.0000 0.0000 0.0000 0.0000 0.0000 0.0000 0.0000 0.0000 0.1100 0.2800 0.4300 0.5600 0.6700 0.7600 0.8300 0.8800 0.9100 0.9447 1.0211 1.2627 1.4349 1.5378 1.5712 1.5353 1.6137 1.5818 1.5262 1.4898 1.4979 1.4404 1.3175 1.1290
0.0000 0.0000 0.0000 0.0000 0.0000 0.0000 0.0000 0.0000 0.3056 0.5556 0.7500 0.8889 0.9722 1.0000 0.9722 0.8889 0.7500 0.7392 0.6729 0.6939 1.1633 1.6610 2.1951 2.6484 2.9347 3.0537 3.0057 2.7904 2.4489 2.2672 2.3459 2.7302 3.3209 3.6690 3.7866 3.6368 3.2565 2.7200 2.3842 1.9503 1.5677 1.2708 0.8872 0.7500 0.6094 0.4375 0.2344 0.0000 0.0100 0.1200 0.2100 0.2800 0.3300 0.3600 0.3700 0.3600 0.3300 0.3200 0.4656 0.4800 0.4100 0.3600 0.4128 0.3980 0.5185 0.8574 1.1404 1.3675 1.5386 1.6537 1.8330 1.9862 2.0636 2.0650 1.9904 1.8399 1.6135 1.4311 1.2306 1.1778 1.5633 1.8533 2.0478 2.1467 2.1500 2.0300 2.0600 2.1267 2.1978 2.1533 1.9933 1.7178 1.6600 1.5700 1.5200 1.9700 2.2800 2.5611 2.7763 2.8268 2.7126 2.5537 2.2801 2.1819 2.0589 1.9012 1.8589 1.8819 1.9201 1.8937 1.8026 1.6468 1.4263 1.1411 0.8900 0.9100 0.9200 0.9100 0.8800 0.8300 0.7600 0.6700 0.5600 0.4300 0.4831 0.4850 0.5156 0.6250 0.7031 0.7500 0.7656 0.9599 1.0982 1.1806 1.2070 1.1775 1.0920 0.9506 0.9877 1.0000 0.9877 0.9506 0.8889 0.8125 0.6914 0.5556 0.3951 0.2099 0.0000 0.0000 0.0000 0.0000 0.0000 0.0000 0.0000 0.0000 0.0000 0.0000 0.0000 0.0000 0.0000 0.0000 0.0000 0.0000 0.0000 0.0000 0.0000 0.0000 0.0000 0.0000 0.0000 0.0000 0.0000 0.0000 0.0000 0.0000 0.0400 0.2100 0.3600 0.4900 0.6000 0.6900 0.7600 0.8100 0.8400 0.8500 0.8523 1.0322 1.1674 1.2702 1.3037 1.3048 1.2612 1.2750 1.2441 1.2777 1.2857 1.2283 1.1053 0.9269
0.0000 0.0000 0.0000 0.0000 0.0000 0.0000 0.0000 0.0000 0.2222 0.4722 0.6667 0.8056 0.8889 0.9167 0.8889 0.8056 0.7687 0.7988 0.8345 1.0816 1.5918 2.1643 2.7848 3.2381 3.5243 3.6434 3.5953 3.3801 3.0603 2.8459 2.6160 2.8574 3.2993 3.6473 3.7526 3.6151 3.2449 2.8519 2.5314 2.0975 1.5556 1.1962 0.8125 0.7031 0.5625 0.3906 0.1875 0.0000 0.0000 0.0000 0.0400 0.1100 0.1600 0.1900 0.2000 0.1900 0.2400 0.4300 0.5600 0.6400 0.6800 0.6400 0.6311 0.6163 0.6062 0.9051 1.1881 1.4151 1.5862 1.7014 1.7706 1.9239 2.0012 2.0026 1.9281 1.7776 1.5512 1.2588 1.0305 0.9300 1.3156 1.6056 1.8000 1.8989 1.9022 1.8200 1.9722 2.1489 2.2200 2.1756 2.0156 1.7400 1.7100 1.6200 1.6300 1.8400 2.1500 2.3447 2.5599 2.6104 2.4962 2.2173 2.1737 2.1154 1.9925 1.8048 1.7625 1.8354 1.8737 1.8473 1.7562 1.6004 1.3799 1.0947 0.9300 0.9600 0.9700 0.9600 0.9300 0.8800 0.8100 0.7200 0.6100 0.4800 0.3925 0.3944 0.3750 0.4844 0.5625 0.6094 0.6250 0.7822 0.9205 1.0029 1.0293 0.9998 0.9244 0.9136 0.9506 1.0030 1.0606 1.0736 1.0419 0.9654 0.8443 0.6785 0.4680 0.2128 0.0000 0.0000 0.0000 0.0000 0.0000 0.0000 0.0000 0.0000 0.0000 0.0000 0.0000 0.0000 0.0000 0.0000 0.0000 0.0000 0.0000 0.0000 0.0000 0.0000 0.0000 0.0000 0.0000 0.0000 0.0000 0.0000 0.0000 0.0000 0.0000 0.1200 0.2700 0.4000 0.5100 0.6000 0.6700 0.7200 0.7500 0.7600 0.7600 0.9299 1.0651 1.1556 1.2014 1.2025 1.1589 1.0706 0.9877 1.0400 1.1181 1.1106 1.0789 1.0025
0.0000 0.0000 0.0000 0.0000 0.0000 0.0000 0.0000 0.0000 0.0833 0.3333 0.5278 0.6667 0.7500 0.7778 0.7500 0.6667 0.7319 0.7619 0.8997 1.3878 1.8980 2.5868 3.2073 3.6607 3.9469 4.0659 4.0179 3.8027 3.6234 3.3071 3.0372 2.8932 3.0748 3.4929 3.6481 3.6607 3.4905 3.1375 2.7006 2.2167 1.5747 1.0347 0.7344 0.6250 0.4844 0.3125 0.1094 0.0000 0.0000 0.0000 0.0000 0.0000 0.0000 0.0400 0.2500 0.3600 0.6400 0.8800 0.9600 0.8800 0.8800 0.8400 0.7447 0.7299 0.7979 0.8968 1.1798 1.4068 1.5779 1.6931 1.7523 1.7856 1.8629 1.8643 1.7898 1.6393 1.4129 1.1105 0.7622 0.6700 0.9722 1.2622 1.4567 1.5556 1.5867 1.5967 1.8689 2.0556 2.1267 2.0822 1.9222 1.7300 1.7000 1.7300 1.7500 1.8900 2.0000 2.0500 2.1788 2.2293 2.2351 2.1562 2.0426 1.9843 1.8614 1.6737 1.6214 1.7243 1.7626 1.7362 1.6451 1.4893 1.2688 1.0700 0.9600 0.9900 1.0000 0.9900 0.9600 0.9100 0.8400 0.7500 0.6400 0.5100 0.3600 0.2525 0.2031 0.3125 0.3906 0.4375 0.4531 0.5486 0.7269 0.8793 0.9557 0.9562 0.9901 1.0519 1.1689 1.2212 1.2089 1.1819 1.1501 1.0737 0.9526 0.7868 0.5763 0.3211 0.1200 0.0100 0.0000 0.0000 0.0000 0.0000 0.0000 0.0000 0.0000 0.0000 0.0000 0.0000 0.0000 0.0000 0.0000 0.0000 0.0000 0.0000 0.0000 0.0000 0.0000 0.0000 0.0000 0.0000 0.0000 0.0000 0.0000 0.0000 0.0000 0.0100 0.1600 0.2900 0.4000 0.4900 0.6000 0.7200 0.8000 0.8400 0.8400 0.9728 1.0780 1.1185 1.0943 1.0554 1.0119 0.9336 1.0706 1.1730 1.2306 1.2436 1.2119 1.1354
0.0000 0.0000 0.0000 0.0000 0.0000 0.0000 0.0000 0.0000 0.0000 0.1389 0.3333 0.4722 0.5556 0.5833 0.5556 0.4722 0.5986 0.6287 0.9388 1.5714 2.0916 2.8422 3.4627 3.9161 4.2023 4.3214 4.2733 4.1674 3.9882 3.6106 3.3507 3.1166 3.1777 3.5557 3.7510 3.7635 3.5933 3.2403 2.7417 2.2578 1.6158 1.0158 0.6350 0.5156 0.3750 0.2031 0.0000 0.0000 0.0000 0.0000 0.0000 0.0000 0.0400 0.3200 0.5200 0.6400 1.0400 1.2800 1.3600 1.2800 1.0400 0.9600 0.8400 0.7388 0.8536 0.8326 1.1155 1.3426 1.5137 1.6289 1.6881 1.6914 1.6487 1.6501 1.5755 1.4251 1.1986 0.8963 0.6044 0.3700 0.5333 0.9067 1.2400 1.4222 1.4933 1.6633 1.8822 1.9300 1.9178 1.8733 1.7133 1.6600 1.7500 1.8100 1.8300 1.9200 2.0300 2.0800 2.0700 2.1235 2.1293 2.0504 1.8868 1.7885 1.6656 1.4779 1.4456 1.5485 1.5868 1.5604 1.4693 1.3135 1.1300 1.0300 0.9700 1.0000 1.0100 1.0000 0.9700 0.9200 0.8500 0.7600 0.6500 0.5200 0.3700 0.2000 0.0100 0.1094 0.1875 0.2344 0.2600 0.3791 0.6074 0.7597 0.8362 0.9773 1.1037 1.2854 1.4025 1.4548 1.4425 1.3654 1.2237 1.1373 1.0162 0.8504 0.6399 0.3847 0.2700 0.1600 0.0300 0.0000 0.0000 0.0000 0.0000 0.0000 0.0000 0.0000 0.0000 0.0000 0.0000 0.0000 0.0100 0.0000 0.0000 0.0000 0.0000 0.0000 0.0000 0.0000 0.0000 0.0000 0.0000 0.0000 0.0000 0.0000 0.0000 0.0000 0.0300 0.1600 0.2800 0.4800 0.6400 0.7600 0.8400 0.8800 0.8800 0.9511 1.0563 1.0968 1.0726 0.9837 0.8601 1.0119 1.1589 1.2612 1.3189 1.3319 1.3001 1.2237
0.0000 0.0000 0.0000 0.0000 0.0000 0.0000 0.0000 0.0000 0.0000 0.0000 0.0833 0.2222 0.3056 0.3333 0.3056 0.2426 0.3690 0.5306 1.0000 1.6327 2.1429 2.9305 3.5510 4.0043 4.2905 4.4096 4.3615 4.3338 4.1546 3.8070 3.6467 3.3292 3.2588 3.4758 3.6711 3.6836 3.5134 3.1604 2.6247 2.1408 1.4989 1.0200 0.6722 0.4050 0.2344 0.0625 0.0000 0.0000 0.0000 0.0000 0.0000 0.0000 0.2400 0.5200 0.7200 0.8800 1.2800 1.5200 1.6000 1.5200 1.2400 1.0000 0.8800 0.6956 0.7735 0.7524 0.9954 1.2224 1.3935 1.5087 1.5679 1.5712 1.5185 1.4099 1.3010 1.1349 0.9085 0.6431 0.4500 0.2056 0.2989 0.6222 0.9556 1.1878 1.4389 1.6189 1.8078 1.8556 1.7322 1.5489 1.5500 1.6900 1.7900 1.8500 1.8700 1.8900 2.0000 2.0500 2.0400 1.9700 1.9388 1.8599 1.6963 1.5280 1.4051 1.2474 1.2051 1.3080 1.3463 1.3199 1.2288 1.1100 1.0500 0.9500 0.9600 0.9900 1.0000 0.9900 0.9600 0.9100 0.8400 0.7500 0.6400 0.5100 0.3600 0.1900 0.0000 0.0000 0.0000 0.0300 0.1756 0.2700 0.4588 0.6893 0.8751 1.0262 1.2726 1.4543 1.5714 1.6237 1.6114 1.5343 1.3926 1.1862 1.0351 0.8693 0.6588 0.4900 0.4000 0.2900 0.1600 0.0100 0.0000 0.0000 0.0000 0.0000 0.0000 0.0000 0.0400 0.1100 0.1600 0.1900 0.2000 0.1900 0.1600 0.1100 0.0400 0.0000 0.0000 0.0000 0.0000 0.0000 0.0000 0.0000 0.0000 0.0000 0.0000 0.0000 0.0000 0.0400 0.2800 0.4800 0.6400 0.7600 0.8400 0.8800 0.8800 0.8647 0.9699 1.0104 0.9862 0.9073 1.0237 1.0854 1.2025 1.3252 1.3625 1.3754 1.3437 1.2673
0.0000 0.0000 0.0000 0.0000 0.0000 0.0000 0.0000 0.0000 0.0000 0.0000 0.0000 0.0000 0.0000 0.0278 0.0000 0.0000 0.2653 0.4898 0.9388 1.5714 2.0940 2.8516 3.4721 3.9255 4.2117 4.3307 4.2827 4.3018 4.1326 3.8926 3.7651 3.4476 3.2587 3.3225 3.4084 3.4210 3.2507 2.8978 2.3621 1.9492 1.5872 1.3306 0.9358 0.6687 0.2947 0.0833 0.0100 0.0000 0.0000 0.0000 0.0000 0.0000 0.3600 0.6400 0.8400 0.9600 1.3600 1.6000 1.6800 1.6000 1.3600 0.9600 0.8400 0.6400 0.5944 0.5363 0.8193 1.0463 1.2174 1.3326 1.3918 1.5044 1.5299 1.4682 1.3193 1.0831 0.7969 0.5469 0.2444 0.0833 0.3333 0.5278 0.7500 0.9722 1.2433 1.4233 1.5622 1.6400 1.5823 1.4533 1.5500 1.6900 1.7900 1.8500 1.8700 1.8500 1.9100 1.9600 1.9500 1.8800 1.7500 1.5847 1.4211 1.2028 1.0799 0.9722 0.9299 1.0028 1.0411 1.0147 1.0100 0.9900 0.9300 0.8800 0.9300 0.9600 0.9700 0.9600 0.9300 0.8800 0.8100 0.7200 0.6100 0.4800 0.3300 0.1600 0.0000 0.0000 0.0100 0.1600 0.2900 0.4000 0.4900 0.6835 0.8693 1.1304 1.3768 1.5685 1.6756 1.7679 1.7156 1.6385 1.4968 1.2904 1.0193 0.8435 0.6700 0.6000 0.5100 0.4000 0.2700 0.1200 0.0000 0.0000 0.0000 0.0000 0.0100 0.1200 0.2100 0.2800 0.3300 0.3600 0.3700 0.3600 0.3300 0.2800 0.2100 0.1200 0.0100 0.0000 0.0000 0.0000 0.0000 0.0000 0.0000 0.0000 0.0000 0.0000 0.0100 0.1600 0.2900 0.4400 0.6000 0.7200 0.8000 0.8400 0.8400 0.8000 0.8188 0.8593 0.8851 1.0262 1.2546 1.4184 1.4767 1.5894 1.6471 1.5784 1.4446 1.2662
0.0000 0.0000 0.0000 0.0000 0.0000 0.0000 0.0000 0.0000 0.0000 0.0000 0.0000 0.0000 0.0000 0.0000 0.0000 0.0000 0.2041 0.4286 0.8163 1.3878 1.9080 2.6056 3.2261 3.6794 3.9656 4.0847 4.0523 4.0714 4.0122 3.8458 3.7059 3.4497 3.3220 3.3025 3.1870 2.9756 2.8053 2.4524 2.1389 1.9883 1.7597 1.5031 1.1483 0.9356 0.7522 0.5233 0.3389 0.1900 0.1600 0.1100 0.0400 0.0400 0.4000 0.6800 0.8800 1.0000 1.2800 1.5200 1.6000 1.5200 1.2800 0.8800 0.7200 0.5200 0.4275 0.3906 0.5872 0.8142 0.9853 1.1630 1.3628 1.4755 1.5010 1.4392 1.2903 1.1406 0.9531 0.7031 0.3906 0.2847 0.4722 0.6667 0.8056 0.8889 1.1067 1.3860 1.5431 1.7510 1.8322 1.7866 1.6975 1.7594 1.7500 1.8100 1.8300 1.8100 1.7600 1.8100 1.8000 1.7300 1.6000 1.4100 1.1600 0.8500 0.6900 0.6523 0.6100 0.6700 0.7700 0.8300 0.8500 0.8300 0.7700 0.8300 0.8800 0.9100 0.9200 0.9100 0.8800 0.8300 0.7600 0.6700 0.5600 0.4300 0.2800 0.1100 0.0000 0.0000 0.1200 0.2700 0.4000 0.5100 0.6000 0.7100 0.9688 1.3299 1.6463 2.0380 2.2651 2.3274 2.2251 1.9580 1.5763 1.3299 1.0588 0.8100 0.7600 0.6900 0.6000 0.4900 0.3600 0.2100 0.0400 0.0000 0.0000 0.0300 0.1600 0.2700 0.3600 0.4300 0.4800 0.5100 0.5200 0.5100 0.4800 0.4300 0.3600 0.2700 0.1600 0.0300 0.0000 0.0000 0.0000 0.0000 0.0000 0.0000 0.0000 0.0000 0.1200 0.2700 0.4000 0.5100 0.6000 0.6700 0.7200 0.7600 0.7600 0.7500 0.7200 0.7935 0.8993 1.2740 1.5433 1.8091 1.9694 2.0334 2.0911 2.0224 1.8274 1.5061
0.0000 0.0000 0.0000 0.0000 0.0000 0.0000 0.0000 0.0000 0.0000 0.0000 0.0000 0.0000 0.0000 0.0000 0.0000 0.0000 0.1420 0.4365 0.7722 1.2716 1.7918 2.3824 2.9729 3.3763 3.5925 3.6716 3.6235 3.6826 3.6734 3.6091 3.4692 3.3150 3.2894 3.2698 3.1543 2.9429 2.6355 2.3155 2.1033 1.9528 1.8042 1.7044 1.4778 1.3900 1.2067 0.9278 0.7033 0.4433 0.3300 0.2800 0.2100 0.1200 0.3700 0.6400 0.8400 0.9600 1.0400 1.2800 1.3600 1.2800 1.0400 0.6400 0.5200 0.3200 0.1494 0.3125 0.4844 0.6250 0.7969 1.0469 1.2467 1.3594 1.4219 1.4219 1.3594 1.2344 1.0469 0.7969 0.4844 0.5399 0.6181 0.7500 0.8889 1.0447 1.4031 1.6547 1.7995 1.9575 2.0387 1.9931 1.8206 1.8825 1.8731 1.7925 1.7500 1.7300 1.6700 1.6000 1.5900 1.5200 1.3900 1.2000 0.9500 0.6400 0.5200 0.5100 0.4800 0.4700 0.5700 0.6300 0.6500 0.6300 0.6900 0.7600 0.8100 0.8400 0.8500 0.8400 0.8100 0.7600 0.6900 0.6000 0.4900 0.3600 0.2100 0.0400 0.0000 0.0400 0.2100 0.3600 0.4900 0.6100 0.8100 0.9700 1.2000 1.5147 2.0711 2.4628 2.6899 2.7522 2.6499 2.3828 1.9511 1.3547 1.1200 0.9200 0.8700 0.7600 0.6700 0.5600 0.4300 0.2800 0.1100 0.0000 0.0100 0.1600 0.2900 0.4000 0.4900 0.5600 0.6100 0.6400 0.6500 0.6400 0.6100 0.5600 0.4900 0.4100 0.2900 0.1600 0.0100 0.0000 0.0000 0.0000 0.0000 0.0000 0.0000 0.0400 0.2100 0.3600 0.4900 0.6000 0.6900 0.7600 0.8100 0.8400 0.8500 0.8400 0.8100 0.7600 1.0824 1.4572 1.9102 2.2168 2.3771 2.3911 2.4087 2.3401 2.1451 1.8238
0.0000 0.0000 0.0000 0.0000 0.0000 0.0000 0.0000 0.0000 0.0000 0.0000 0.0000 0.0000 0.0000 0.0000 0.0100 0.1200 0.2100 0.4637 0.6973 1.0539 1.5333 2.0221 2.5626 2.9660 3.1822 3.2113 3.0532 3.1255 3.1571 3.1948 3.0957 3.0844 3.1607 3.1412 3.0257 2.8143 2.5069 2.3258 2.1753 2.0892 2.1162 2.0164 1.8367 1.7489 1.5656 1.2867 0.9922 0.7322 0.4800 0.4300 0.3600 0.2700 0.4000 0.5500 0.7200 0.8400 0.8800 0.8800 0.9600 0.8800 0.6400 0.3600 0.2400 0.0400 0.0000 0.2031 0.3750 0.5156 0.8281 1.0781 1.2656 1.3906 1.4531 1.4531 1.3906 1.2656 1.0781 0.8281 0.5434 0.7083 0.7865 0.7778 0.9792 1.2344 1.5928 1.8444 1.9892 2.0372 2.1183 2.0727 1.9003 1.9344 1.9250 1.8444 1.6925 1.6100 1.5500 1.4500 1.3200 1.2500 1.1200 0.9300 0.6800 0.3700 0.3700 0.3600 0.3300 0.2800 0.3300 0.3900 0.4100 0.5100 0.6000 0.6700 0.7200 0.7500 0.7600 0.7500 0.7200 0.6700 0.6000 0.5100 0.4000 0.2700 0.1200 0.0000 0.0000 0.1100 0.2800 0.4300 0.5900 0.8300 1.0300 1.1900 1.4700 1.9600 2.4300 2.7600 2.9500 3.0123 2.9100 2.6800 2.3100 1.8400 1.5100 1.4000 1.2800 1.1700 0.9600 0.6500 0.4800 0.3300 0.1600 0.0000 0.1200 0.2700 0.4000 0.5100 0.6000 0.6700 0.7200 0.7500 0.7600 0.7900 0.8300 0.8300 0.7900 0.7100 0.5900 0.4300 0.2300 0.0400 0.0000 0.0000 0.0000 0.0000 0.0000 0.1100 0.2800 0.4300 0.5600 0.6700 0.7600 0.8300 0.8800 0.9100 0.9200 0.9100 0.8800 0.9320 1.2465 1.7186 2.1715 2.4781 2.6384 2.6524 2.6001 2.5314 2.3364 2.0151
0.0000 0.0000 0.0000 0.0000 0.0000 0.0000 0.0000 0.0000 0.0000 0.0000 0.0000 0.0000 0.0000 0.0300 0.1600 0.2700 0.3600 0.4300 0.6637 0.8365 1.1322 1.5347 1.9652 2.3685 2.5847 2.6138 2.4557 2.3799 2.5652 2.6029 2.6875 2.8598 2.9362 2.9167 2.8012 2.5897 2.2824 2.1846 2.1306 2.2744 2.3014 2.2016 2.1000 2.0122 1.8289 1.5500 1.2056 0.9579 0.6100 0.5600 0.4900 0.4000 0.3300 0.4800 0.5300 0.6400 0.6800 0.6400 0.5200 0.3200 0.0800 0.0000 0.0000 0.0000 0.0000 0.0625 0.2344 0.4844 0.7969 1.0469 1.2344 1.3594 1.4219 1.4219 1.3594 1.2344 1.0469 0.7969 0.6250 0.7899 0.8681 0.8594 1.0920 1.3472 1.6756 1.9272 2.0720 2.1100 2.0712 2.0256 1.8531 1.9150 1.9056 1.8250 1.6731 1.4500 1.3900 1.2900 1.1500 0.9700 0.7900 0.6000 0.3500 0.1900 0.2000 0.1900 0.1600 0.1100 0.0500 0.1600 0.2900 0.4000 0.4900 0.5600 0.6100 0.6400 0.6500 0.6400 0.6100 0.5600 0.4900 0.4000 0.2900 0.1600 0.0100 0.0000 0.0000 0.1600 0.3300 0.4900 0.7700 1.0100 1.2100 1.3700 1.6800 2.2900 2.7600 3.0900 3.2800 3.3300 3.2400 3.0100 2.6800 2.4500 2.0000 1.7700 1.5900 1.4800 1.2700 0.9600 0.5500 0.3600 0.1900 0.0400 0.2100 0.3600 0.4900 0.6000 0.6900 0.7600 0.8100 0.8500 0.9700 1.0500 1.0900 1.0900 1.0500 0.9700 0.8500 0.6900 0.4900 0.2500 0.1200 0.0100 0.0000 0.0000 0.0000 0.1600 0.3300 0.4800 0.6100 0.7600 0.8100 0.8800 0.9300 0.9600 0.9700 0.9600 0.9300 1.0841 1.5306 2.0188 2.3853 2.6302 2.7535 2.7674 2.6651 2.6335 2.5002 2.2653
0.0000 0.0000 0.0000 0.0000 0.0000 0.0000 0.0000 0.0000 0.0000 0.0000 0.0000 0.0000 0.0100 0.1600 0.2900 0.4000 0.4900 0.5600 0.6100 0.7420 0.8541 1.0073 1.3006 1.5840 1.8002 1.8292 1.7120 1.7404 1.8465 2.0987 2.3670 2.5393 2.6157 2.5962 2.4807 2.2693 1.9897 1.9783 2.1790 2.3328 2.3598 2.2600 2.2400 2.2047 2.1078 1.8906 1.5532 1.3056 0.9577 0.8428 0.7111 0.5347 0.4000 0.3100 0.3600 0.3600 0.4000 0.3600 0.2400 0.0400 0.0000 0.0000 0.0000 0.0000 0.0000 0.0000 0.0625 0.3906 0.7031 0.9531 1.1406 1.2656 1.3281 1.3281 1.2656 1.1406 0.9531 0.8125 0.7031 0.7847 0.8628 0.9635 1.1181 1.3733 1.6517 1.9033 2.0481 2.0860 2.0172 1.8516 1.7625 1.8244 1.8150 1.7344 1.5825 1.3594 1.1900 1.0900 0.9500 0.7904 0.5500 0.2900 0.1100 0.0000 0.0100 0.0000 0.0000 0.0000 0.0000 0.0300 0.1600 0.2700 0.3600 0.4300 0.4800 0.5100 0.5200 0.5100 0.4800 0.4300 0.3600 0.2700 0.1878 0.0300 0.0000 0.0000 0.0000 0.1900 0.3600 0.6300 0.9100 1.1500 1.3500 1.5300 1.8700 2.4800 2.9500 3.2800 3.4700 3.5200 3.4423 3.2000 3.0700 2.8400 2.3900 2.1200 1.8000 1.6900 1.4800 1.1700 0.7600 0.3700 0.2000 0.1200 0.2800 0.4300 0.5600 0.6700 0.7600 0.8300 0.9100 1.0700 1.1900 1.2700 1.3100 1.3100 1.2700 1.1900 1.0700 0.9100 0.7100 0.4700 0.2700 0.1600 0.0300 0.0000 0.0000 0.1900 0.4000 0.7500 1.0000 1.1500 1.2000 1.1500 1.0000 0.9900 1.0000 0.9900 0.9600 1.1853 1.7339 2.2220 2.5886 2.8335 2.9567 2.9584 2.8384 2.8067 2.6735 2.4386
0.0000 0.0000 0.0000 0.0000 0.0000 0.0000 0.0000 0.0000 0.0000 0.0000 0.0000 0.0000 0.1200 0.2700 0.4000 0.5100 0.6000 0.6700 0.7200 0.7500 0.7600 0.7500 0.7404 0.7935 0.8897 1.0208 1.0768 1.2685 1.4381 1.6823 1.9506 2.1229 2.2093 2.1797 2.0643 1.8528 1.5825 1.8299 2.1106 2.2644 2.2914 2.3322 2.4388 2.4621 2.3652 2.1480 1.8106 1.5530 1.2051 1.1180 0.9863 0.8099 0.5888 0.3600 0.2100 0.0400 0.0400 0.0000 0.0000 0.0000 0.0000 0.0000 0.0000 0.0000 0.0000 0.0000 0.0000 0.2344 0.5469 0.7969 0.9844 1.1094 1.1719 1.1719 1.1094 0.9844 0.9375 0.8594 0.7500 0.6927 0.7708 0.9497 1.0573 1.3125 1.5209 1.7725 1.9173 1.9553 1.8865 1.7108 1.6506 1.6625 1.6531 1.5725 1.4206 1.1975 1.0520 1.0541 0.9753 0.8157 0.6253 0.4141 0.1420 0.0000 0.0000 0.0000 0.0000 0.0000 0.0000 0.0000 0.0100 0.1200 0.2100 0.2800 0.3300 0.3600 0.3700 0.3600 0.3300 0.3633 0.4322 0.4256 0.3433 0.3056 0.2222 0.0833 0.0100 0.2000 0.4100 0.7700 1.1200 1.4100 1.6400 1.8100 2.1100 2.6900 3.1347 3.4811 3.6928 3.7799 3.7022 3.4599 3.4128 3.1211 2.5847 2.3300 1.9600 1.8000 1.5900 1.2800 0.8700 0.3600 0.1900 0.1600 0.3300 0.4800 0.6100 0.7200 0.8100 0.8900 1.0900 1.2500 1.3700 1.4500 1.4900 1.4900 1.4500 1.3700 1.2500 1.0900 0.8900 0.6500 0.4000 0.2900 0.1600 0.0100 0.0100 0.2400 0.6900 1.0400 1.2900 1.4400 1.4900 1.4400 1.2900 1.0400 1.0100 1.0000 0.9904 1.2057 1.8155 2.3037 2.6702 2.9151 3.0384 3.0400 2.9200 2.8784 2.7451 2.5102
0.0000 0.0000 0.0000 0.0000 0.0000 0.0000 0.0000 0.0000 0.0000 0.0000 0.0000 0.0400 0.2100 0.3600 0.4900 0.6000 0.7178 0.7600 0.8100 0.8400 0.8500 0.8400 0.8100 0.7600 0.7888 0.8099 0.8263 1.0180 1.1651 1.3199 1.5982 1.8005 1.8869 1.8574 1.7119 1.5375 1.4306 1.6347 1.9153 2.0692 2.2056 2.4323 2.5759 2.5993 2.5023 2.3008 1.9478 1.7001 1.4356 1.3485 1.2168 1.0404 0.8193 0.5535 0.2800 0.1100 0.0000 0.0000 0.0000 0.0000 0.0000 0.0000 0.0000 0.0000 0.0000 0.0000 0.0156 0.2500 0.4531 0.6250 0.7656 0.8906 0.9531 1.0000 1.0156 1.0000 0.9531 0.8750 0.7656 0.6250 0.5920 0.8177 0.9253 1.1649 1.3333 1.5349 1.6797 1.7177 1.6489 1.5844 1.6075 1.5794 1.5000 1.3694 1.1875 1.1480 0.9965 1.0286 0.9998 0.9102 0.7598 0.5486 0.3265 0.1837 0.0000 0.0000 0.0000 0.0000 0.0000 0.0000 0.0000 0.0000 0.0400 0.1100 0.1600 0.1900 0.2000 0.1900 0.2989 0.4433 0.5122 0.5556 0.5833 0.5556 0.4722 0.3333 0.1389 0.2000 0.5900 1.0000 1.3500 1.6400 1.8700 2.0400 2.3100 2.8688 3.3999 3.7463 3.9080 3.8851 3.7974 3.5951 3.5480 3.2563 2.8399 2.4988 2.0300 1.8100 1.6000 1.2900 0.8800 0.3700 0.1600 0.1900 0.3600 0.5100 0.6400 0.7500 0.8400 1.0300 1.2300 1.3900 1.5100 1.5900 1.6300 1.6300 1.5900 1.5100 1.3900 1.2300 1.0300 0.7900 0.5100 0.4000 0.2700 0.1200 0.0000 0.4300 0.8800 1.2300 1.4800 1.6300 1.6800 1.6300 1.4800 1.2300 1.0000 0.9900 0.9600 1.1957 1.7755 2.2637 2.6302 2.8751 2.9984 3.0000 2.8800 2.8484 2.7151 2.5049
0.0000 0.0000 0.0000 0.0000 0.0000 0.0000 0.0000 0.0000 0.0000 0.0000 0.0000 0.1100 0.2800 0.5133 0.7822 0.9756 1.0933 1.1356 1.1022 0.9933 0.9200 0.9100 0.8800 0.8300 0.7600 0.6947 0.6811 0.8828 1.0299 1.0922 1.1599 1.3622 1.4786 1.4991 1.5100 1.4744 1.3675 1.4327 1.6033 1.8878 2.1854 2.4493 2.7022 2.8037 2.7536 2.5521 2.2291 1.9345 1.7307 1.5343 1.4026 1.2262 1.0051 0.7393 0.4288 0.1600 0.0000 0.0000 0.0000 0.0000 0.0000 0.0000 0.0000 0.0000 0.0000 0.0000 0.0000 0.2344 0.4375 0.6094 0.7500 0.8594 0.9498 1.0048 1.0000 0.9844 0.9375 0.8750 0.7500 0.6094 0.4531 0.5677 0.6753 0.9306 1.0990 1.1906 1.3353 1.3733 1.4156 1.4900 1.5131 1.4850 1.4056 1.2750 1.2768 1.2273 1.0858 1.1022 1.0735 0.9839 0.8335 0.6222 0.5202 0.3673 0.1837 0.0000 0.0000 0.0000 0.0000 0.0000 0.0000 0.0000 0.0000 0.0000 0.0000 0.0000 0.0100 0.0833 0.3333 0.5278 0.6667 0.7500 0.7778 0.7500 0.6667 0.5278 0.3633 0.4033 0.7600 1.1700 1.5200 1.8100 2.0400 2.2100 2.5535 2.9493 3.4804 3.8268 3.9885 3.9656 3.7579 3.4856 3.4385 3.1468 2.9304 2.5893 2.1135 1.7200 1.5100 1.2000 0.7900 0.2800 0.1200 0.2000 0.3700 0.5200 0.6500 0.7600 0.8900 1.1300 1.3300 1.4900 1.6100 1.6900 1.7300 1.7300 1.6900 1.6304 1.4900 1.3300 1.1300 0.8900 0.6100 0.4900 0.3600 0.2100 0.0400 0.5200 0.9700 1.3200 1.5700 1.7200 1.7700 1.7200 1.5700 1.3200 0.9700 0.9600 0.9300 1.0841 1.6139 2.1020 2.4686 2.7135 2.8367 2.8384 2.7484 2.7167 2.6822 2.5584
0.0000 0.0000 0.0000 0.0000 0.0000 0.0000 0.0000 0.0000 0.0000 0.0000 0.0000 0.1600 0.4689 0.8133 1.0822 1.2756 1.3933 1.4356 1.4022 1.2933 1.1089 0.9600 0.9300 0.8800 0.8100 0.7500 0.7700 0.8600 0.9700 1.0323 1.0400 1.1800 1.2800 1.3400 1.3756 1.3400 1.2800 1.3700 1.5389 1.7280 2.1446 2.5491 2.8020 2.9035 2.8534 2.6519 2.3789 2.1954 2.0750 1.8786 1.6062 1.3673 1.1462 0.8804 0.5699 0.2147 0.0000 0.0000 0.0000 0.0000 0.0000 0.0000 0.0000 0.0000 0.0000 0.0000 0.0000 0.1875 0.4153 0.6736 0.9780 1.2265 1.3782 1.4331 1.5006 1.4402 1.2517 1.0625 0.9375 0.7500 0.5000 0.4219 0.4375 0.6094 0.7778 0.8594 0.9675 1.1444 1.2700 1.3444 1.3675 1.3394 1.2600 1.2314 1.2740 1.2246 1.0831 1.1151 1.1263 1.1067 1.0063 0.9451 0.8531 0.7002 0.4865 0.2120 0.0400 0.0000 0.0000 0.0000 0.0000 0.0000 0.0000 0.0000 0.0000 0.0000 0.0000 0.2222 0.4722 0.6667 0.8056 0.8889 0.9167 0.8889 0.8056 0.6767 0.6322 0.6222 0.8700 1.2800 1.6300 1.9200 2.1500 2.4188 2.7293 3.0851 3.3762 3.7226 3.8843 3.8614 3.6537 3.2614 3.0843 3.0326 2.8562 2.5151 2.0893 1.6288 1.3200 1.0100 0.6000 0.2100 0.0400 0.1900 0.3600 0.5100 0.6400 0.7500 0.9500 1.1900 1.3900 1.5500 1.6700 1.7500 1.8920 1.9941 2.0153 1.9557 1.8153 1.5941 1.2920 0.9500 0.6700 0.5600 0.4300 0.2800 0.1500 0.5100 0.9600 1.3100 1.5600 1.7100 1.7600 1.7100 1.5600 1.3100 0.9600 0.9100 0.8800 0.9320 1.3306 1.8188 2.1853 2.4302 2.5535 2.5551 2.5151 2.6069 2.6095 2.4857
0.0000 0.0000 0.0000 0.0000 0.0000 0.0000 0.0000 0.0000 0.0000 0.0000 0.0000 0.2733 0.6933 1.0378 1.3067 1.5000 1.6178 1.6600 1.6267 1.5178 1.3333 1.0733 0.9600 0.9100 0.8500 0.9100 0.9300 0.9500 1.0600 1.1100 1.1000 1.2400 1.3400 1.4000 1.4300 1.4000 1.3500 1.4400 1.4700 1.6969 2.1129 2.4973 2.7503 2.8518 2.8017 2.6002 2.5083 2.4637 2.3433 2.1469 1.8745 1.5262 1.2426 0.9768 0.6663 0.3111 0.0100 0.0000 0.0000 0.0000 0.0000 0.0000 0.0000 0.0000 0.0000 0.0000 0.0000 0.2081 0.5224 0.9643 1.3096 1.5580 1.7722 1.9678 2.0353 1.9749 1.7864 1.4699 1.0625 0.8750 0.6250 0.5000 0.4531 0.5625 0.7031 0.8125 0.8906 0.9475 1.0731 1.1475 1.1706 1.1425 1.0631 1.1366 1.1792 1.1297 1.0451 1.1871 1.2484 1.2288 1.2484 1.2171 1.1251 0.9722 0.7586 0.4841 0.2100 0.1200 0.0100 0.0000 0.0000 0.0000 0.0000 0.0000 0.0000 0.0000 0.0000 0.3056 0.5556 0.7500 0.8889 0.9722 1.0000 0.9722 0.8889 0.8700 0.8256 0.7556 0.9200 1.3300 1.6800 1.9700 2.2247 2.5799 2.8504 3.1562 3.4073 3.5437 3.5954 3.5725 3.3648 3.0925 2.8054 2.7937 2.6173 2.2762 1.9204 1.4599 1.0547 0.7200 0.3100 0.1200 0.0000 0.1700 0.3300 0.4800 0.6100 0.7200 0.9700 1.2100 1.4100 1.5700 1.6900 1.9537 2.1365 2.2386 2.2598 2.2002 2.0598 1.8386 1.5365 1.1537 0.7200 0.6100 0.4800 0.3300 0.1600 0.4000 0.8500 1.2000 1.4500 1.6000 1.6500 1.6000 1.4500 1.2000 0.8500 0.8400 0.8100 0.7600 0.9757 1.4139 1.7804 2.0253 2.1486 2.1502 2.2790 2.4078 2.4104 2.2866
0.0000 0.0000 0.0000 0.0000 0.0000 0.0000 0.0000 0.0000 0.0000 0.0000 0.0100 0.4222 0.8422 1.1867 1.4556 1.6489 1.7667 1.8089 1.7756 1.6667 1.4722 1.2222 0.9700 0.9200 0.9700 1.0300 1.0500 1.0300 1.0900 1.1400 1.1700 1.3700 1.5200 1.6100 1.6400 1.6100 1.5600 1.6700 1.6800 2.0160 2.2930 2.4841 2.7071 2.7586 2.7219 2.6692 2.7006 2.6561 2.5356 2.3392 2.0669 1.7186 1.2943 1.0285 0.7180 0.3628 0.0000 0.0000 0.0000 0.0000 0.0000 0.0000 0.0000 0.0000 0.0000 0.0000 0.1235 0.2593 0.7572 1.1991 1.5443 1.8553 2.1789 2.3744 2.4420 2.3815 2.1931 1.8766 1.4321 0.9375 0.6875 0.4844 0.5469 0.5469 0.6250 0.7344 0.8125 0.8594 0.8750 0.8994 0.9225 0.8944 0.8150 0.9497 0.9923 0.9728 1.0863 1.2284 1.3396 1.4300 1.4596 1.4284 1.3363 1.1835 0.9698 0.6953 0.3878 0.2700 0.1600 0.0300 0.0000 0.0000 0.0000 0.0000 0.0000 0.0000 0.0278 0.3333 0.5833 0.7778 0.9167 1.0000 1.0278 1.0000 0.9567 0.9878 0.9433 0.8233 0.9378 1.3200 1.6700 1.9600 2.3011 2.6563 2.9268 3.1226 3.3737 3.5201 3.5619 3.4989 3.3312 3.0589 2.6819 2.3901 2.2137 1.9226 1.6068 1.1463 0.7511 0.3700 0.2700 0.1700 0.1900 0.3100 0.4700 0.5900 0.6700 0.7100 0.9500 1.1900 1.3900 1.5500 1.8537 2.1173 2.3002 2.4022 2.4235 2.3639 2.2235 2.0022 1.7002 1.3173 0.9337 0.6400 0.5100 0.3600 0.1900 0.2400 0.6400 0.9900 1.2400 1.3900 1.4400 1.3900 1.2400 0.9900 0.7600 0.7500 0.7200 0.6700 0.6000 0.8873 1.2539 1.4988 1.6220 1.6984 1.9536 2.0824 2.0849 1.9612
0.0000 0.0000 0.0000 0.0000 0.0000 0.0000 0.0000 0.0000 0.0000 0.0000 0.0000 0.4956 0.9156 1.2600 1.5289 1.7222 1.8400 1.8822 1.8489 1.7400 1.5556 1.2956 0.9600 0.9500 1.0500 1.1100 1.1300 1.1100 1.0700 1.2300 1.3100 1.5200 1.6700 1.7600 1.8000 1.8800 1.8800 1.9600 2.0794 2.4024 2.5694 2.7006 2.8557 2.9350 2.8983 2.9056 2.8270 2.7725 2.6520 2.4556 2.1833 1.8350 1.4107 1.0356 0.7251 0.3699 0.0000 0.0000 0.0000 0.0000 0.0000 0.0000 0.0000 0.0000 0.0000 0.0988 0.2593 0.4971 0.8952 1.3372 1.6824 2.1340 2.4575 2.6531 2.7206 2.6602 2.4717 2.1553 1.7108 1.1383 0.6875 0.5156 0.5781 0.5781 0.5156 0.6250 0.7031 0.7500 0.7656 0.7500 0.7031 0.6250 0.5360 0.6707 0.7233 0.8539 1.1267 1.3388 1.4900 1.5600 1.6100 1.5788 1.4867 1.4172 1.3424 1.1513 0.8437 0.7056 0.5122 0.2433 0.0100 0.0000 0.0000 0.0000 0.0000 0.0000 0.0000 0.3056 0.5556 0.7500 0.8889 0.9722 1.0000 0.9722 0.9989 1.0300 0.9856 0.8656 0.8400 1.2500 1.6000 1.8900 2.2928 2.6480 2.9185 3.1043 3.2354 3.3819 3.4236 3.3606 3.1930 2.9206 2.5436 2.1419 1.7654 1.4643 1.1485 0.7280 0.5628 0.3700 0.3100 0.3300 0.3600 0.4100 0.5700 0.6900 0.7700 0.8200 1.0100 1.1400 1.3300 1.5920 1.9365 2.2002 2.3831 2.4851 2.5063 2.4467 2.3063 2.0851 1.7831 1.4002 1.0865 0.7520 0.5200 0.3700 0.2000 0.0500 0.3300 0.6800 0.9300 1.0800 1.1300 1.0800 0.9300 0.6800 0.6500 0.6400 0.6100 0.5600 0.4900 0.4000 0.6057 0.8506 0.9739 1.2466 1.5018 1.6307 1.6332 1.5502
0.0000 0.0000 0.0000 0.0000 0.0000 0.0000 0.0000 0.0000 0.0000 0.0000 0.0278 0.4933 0.9133 1.2578 1.5267 1.7200 1.8378 1.8800 1.8467 1.7378 1.5533 1.2933 0.9578 0.9900 1.0900 1.1500 1.1700 1.1800 1.2500 1.2900 1.4000 1.6100 1.7600 1.8800 2.0400 2.1200 2.1200 2.1500 2.3598 2.6828 2.8499 2.8610 2.9162 2.9954 3.0787 3.0961 3.0175 2.8430 2.6925 2.4961 2.2237 1.8754 1.4512 0.9979 0.7078 0.3322 0.0123 0.0000 0.0000 0.0000 0.0000 0.0000 0.0000 0.0000 0.0247 0.2099 0.3704 0.7103 1.0459 1.3784 1.8330 2.2846 2.6082 2.8037 2.8713 2.8108 2.6224 2.3059 1.8614 1.2890 0.7591 0.6250 0.5469 0.5469 0.4844 0.4844 0.5625 0.6094 0.6250 0.6094 0.5625 0.4844 0.3750 0.4997 0.6723 0.9435 1.2163 1.4284 1.5796 1.6700 1.6996 1.6684 1.7152 1.7568 1.6820 1.4909 1.1833 1.0656 0.8722 0.6033 0.2589 0.0000 0.0000 0.0000 0.0000 0.0000 0.0000 0.2222 0.4722 0.6667 0.8056 0.8889 0.9167 0.8889 0.9656 0.9967 0.9522 0.8322 0.8300 1.1200 1.4700 1.7600 2.1999 2.5551 2.8256 3.0114 3.1125 3.1389 3.1806 3.1177 2.9500 2.6777 2.3006 1.8489 1.5925 1.3014 0.9756 0.7651 0.5999 0.3700 0.4300 0.4800 0.5100 0.5200 0.6300 0.7500 0.8300 0.8700 1.0600 1.1900 1.2600 1.5941 1.9386 2.2022 2.3851 2.4871 2.5084 2.4488 2.3084 2.0871 1.7851 1.4522 1.1786 0.8441 0.5100 0.3600 0.1900 0.0000 0.0500 0.2700 0.5200 0.6700 0.7200 0.6700 0.5200 0.5100 0.5200 0.5100 0.4923 0.4300 0.3600 0.2700 0.1600 0.1420 0.3241 0.6686 0.9237 1.1138 1.2184 1.2375
0.0000 0.0000 0.0000 0.0000 0.0000 0.0000 0.0000 0.0000 0.0000 0.0000 0.0000 0.4156 0.8356 1.1800 1.4489 1.6422 1.7600 1.8022 1.7689 1.6600 1.4756 1.2156 0.8800 0.9900 1.0900 1.1500 1.1800 1.3100 1.3800 1.3900 1.4300 1.6523 1.8000 2.0400 2.2000 2.2800 2.2800 2.2400 2.4844 2.8074 2.9744 2.9856 2.8707 3.0600 3.1733 3.1906 3.1120 2.9375 2.6670 2.4606 2.1883 1.9420 1.6198 1.1809 0.8908 0.5152 0.2041 0.1020 0.0000 0.0000 0.0000 0.0000 0.0000 0.0000 0.1111 0.2963 0.4568 0.8579 1.1935 1.4636 1.8557 2.3073 2.6308 2.8264 2.8939 2.8335 2.6450 2.3286 1.8841 1.4522 0.9236 0.7031 0.5625 0.4531 0.3906 0.3125 0.3906 0.4375 0.4531 0.4375 0.3906 0.3125 0.2031 0.3066 0.6386 0.9722 1.2451 1.4571 1.6084 1.6988 1.7284 1.7805 1.9384 1.9800 1.9052 1.7141 1.4678 1.3500 1.1567 0.8878 0.5433 0.1233 0.0000 0.0000 0.0000 0.0000 0.0000 0.0833 0.3333 0.5278 0.6667 0.7500 0.7778 0.7500 0.8567 0.8878 0.8433 0.7233 0.7900 1.0500 1.2800 1.5823 2.0222 2.3898 2.6635 2.8337 2.9348 2.9512 2.8830 2.7700 2.6023 2.3300 1.9530 1.5912 1.3648 1.0993 0.8779 0.7374 0.6222 0.5023 0.5600 0.6100 0.6400 0.6500 0.6500 0.7700 0.8500 0.8900 1.0500 1.1800 1.2500 1.5253 1.8598 2.1235 2.3063 2.4084 2.4296 2.3700 2.2296 2.0084 1.7063 1.4835 1.2098 0.8753 0.5200 0.4400 0.3200 0.1900 0.2000 0.1900 0.1700 0.2700 0.2500 0.2800 0.3547 0.4711 0.5428 0.5699 0.5522 0.4899 0.3828 0.2311 0.0347 0.0000 0.0000 0.2499 0.5255 0.7156 0.8814 1.0025
0.0000 0.0000 0.0000 0.0000 0.0000 0.0000 0.0000 0.0000 0.0000 0.0000 0.0000 0.2900 0.6822 1.0267 1.2956 1.4889 1.6067 1.6489 1.6156 1.5067 1.3222 1.0622 0.8100 0.9500 1.0500 1.1100 1.2500 1.4047 1.5611 1.6328 1.7699 1.8822 2.0899 2.2928 2.3911 2.3847 2.3600 2.2956 2.4900 2.7760 2.9430 3.0041 2.9693 3.0586 3.1719 3.1892 3.1106 2.9361 2.6656 2.3492 2.2605 2.0551 1.7329 1.2939 0.9882 0.6626 0.4286 0.3265 0.1837 0.0000 0.0000 0.0000 0.0000 0.0000 0.1728 0.3580 0.5389 0.9400 1.2756 1.5457 1.9847 2.3269 2.5723 2.7210 2.7886 2.7281 2.5865 2.3482 2.0131 1.5812 1.0526 0.7500 0.6094 0.4375 0.2344 0.1094 0.1875 0.2344 0.2500 0.2344 0.1875 0.1094 0.0000 0.2120 0.6065 0.9402 1.2131 1.4351 1.5763 1.6667 1.6963 1.8873 2.0453 2.0869 2.0121 1.8209 1.6767 1.5589 1.3656 1.0967 0.7522 0.3322 0.0000 0.0000 0.0000 0.0000 0.0000 0.0000 0.1389 0.3333 0.4722 0.5556 0.5833 0.5656 0.6722 0.7033 0.6589 0.6500 0.7600 0.9947 1.3011 1.6522 2.1573 2.5717 2.8454 2.9786 2.9711 2.8230 2.6206 2.4677 2.2300 1.9577 1.7700 1.4964 1.3068 1.1814 1.0599 0.9826 0.8293 0.6000 0.6700 0.7200 0.7500 0.7600 0.7500 0.7500 0.8300 0.8700 0.9800 1.1100 1.2004 1.4757 1.7002 1.9639 2.1467 2.2488 2.2700 2.2104 2.0700 1.8488 1.6791 1.4539 1.1902 0.9657 0.6604 0.5600 0.4400 0.3600 0.3700 0.3600 0.3300 0.2800 0.2500 0.3288 0.3799 0.4863 0.5580 0.5851 0.5674 0.5051 0.3980 0.2963 0.2099 0.0988 0.0123 0.2222 0.4074 0.5679 0.7037 0.8248
0.0000 0.0000 0.0000 0.0000 0.0000 0.0000 0.0000 0.0000 0.0833 0.2222 0.3056 0.4167 0.7589 1.0200 1.1500 1.2600 1.3778 1.4200 1.3867 1.2778 1.0933 0.8333 0.7300 0.8700 0.9700 1.0700 1.3588 1.5999 1.7563 1.8780 2.0551 2.2074 2.4251 2.5580 2.6063 2.5699 2.4588 2.2800 2.3944 2.6686 2.9057 3.0068 2.9720 3.0012 3.0745 3.0919 3.0133 2.8387 2.5683 2.3855 2.2568 2.0514 1.7292 1.2903 1.0002 0.7846 0.6122 0.5225 0.3673 0.1837 0.0000 0.0000 0.0000 0.0000 0.2099 0.3951 0.5556 0.9567 1.2923 1.5780 2.0169 2.3591 2.6046 2.7533 2.8052 2.7604 2.6188 2.3805 2.0454 1.6135 1.0849 0.7656 0.6250 0.4531 0.2500 0.0156 0.0000 0.0000 0.0156 0.0000 0.0000 0.0000 0.0000 0.2000 0.6237 1.0073 1.3102 1.5322 1.6735 1.7339 1.7135 1.9178 2.0358 2.0773 2.0026 1.8522 1.8100 1.6922 1.4989 1.2300 0.8856 0.4656 0.0000 0.0000 0.0000 0.0000 0.0000 0.0000 0.0000 0.0833 0.2222 0.3056 0.3333 0.3056 0.4122 0.4433 0.5100 0.6400 0.8488 1.1224 1.5694 1.9205 2.3485 2.6929 2.9167 3.0198 3.0124 2.8642 2.6155 2.2631 2.0955 2.0037 1.8161 1.5325 1.4029 1.3274 1.3160 1.2386 1.0853 0.8931 0.8225 0.8100 0.8400 0.8500 0.8400 0.8100 0.7700 0.8100 0.8500 0.9800 1.0500 1.3253 1.4998 1.7235 1.9063 2.0084 2.0543 2.0811 2.0024 1.9382 1.7985 1.6033 1.4226 1.1364 0.7447 0.6400 0.5200 0.5100 0.5200 0.5100 0.4800 0.4300 0.4835 0.5293 0.5304 0.4868 0.5285 0.5556 0.5679 0.5556 0.5185 0.4568 0.3704 0.2593 0.1235 0.2099 0.4228 0.5556 0.6914 0.8025
0.0000 0.0000 0.0000 0.0000 0.0000 0.0000 0.0000 0.1389 0.3333 0.4722 0.5556 0.5833 0.7044 0.9656 1.0956 1.0944 1.0733 1.1156 1.0822 0.9733 0.7889 0.6400 0.6100 0.7500 0.8500 1.1435 1.4693 1.7104 1.8668 2.0985 2.2756 2.4979 2.7156 2.8485 2.8968 2.8604 2.7393 2.5335 2.4675 2.5353 2.7724 2.8735 2.8387 2.8779 2.8812 2.8986 2.8200 2.6454 2.4770 2.3351 2.1364 1.9310 1.6088 1.2414 1.1577 1.0139 0.9650 0.8753 0.7201 0.4994 0.2132 0.0247 0.0000 0.0123 0.2222 0.4074 0.5679 0.9078 1.2434 1.5135 1.9524 2.2946 2.5401 2.6888 2.7407 2.6959 2.5543 2.3159 1.9808 1.5490 1.0816 0.7623 0.6094 0.4375 0.2344 0.0000 0.0000 0.0000 0.0000 0.0000 0.0000 0.0100 0.1200 0.4000 0.6400 1.0237 1.3265 1.5486 1.6898 1.7502 1.7576 1.9619 2.0299 1.9615 1.9044 1.9100 1.8678 1.7500 1.5567 1.2878 0.9433 0.5233 0.0278 0.0000 0.0000 0.0000 0.0000 0.0000 0.0000 0.0000 0.0000 0.0000 0.0278 0.0000 0.1600 0.3300 0.4800 0.7335 1.0418 1.4147 1.7418 2.0929 2.4592 2.8036 3.0673 3.2405 3.2730 3.1649 2.9161 2.5892 2.2681 2.0639 1.8062 1.5126 1.4531 1.4976 1.4962 1.4188 1.2655 1.1350 1.0644 0.9425 0.9100 0.9200 0.9100 0.8800 0.8300 0.7600 0.7100 0.7900 0.8600 1.0741 1.2486 1.4022 1.5851 1.7859 1.9182 1.9951 2.0264 1.9722 1.8425 1.7673 1.5866 1.3004 0.9699 0.7788 0.6100 0.6400 0.6500 0.6400 0.6100 0.6588 0.7493 0.7951 0.7962 0.7526 0.6643 0.6914 0.7037 0.6914 0.6543 0.5926 0.5062 0.4784 0.4815 0.5772 0.6914 0.8241 0.8765 0.8488
0.0000 0.0000 0.0000 0.0000 0.0000 0.0000 0.0833 0.3333 0.5278 0.6667 0.7500 0.7778 0.7500 0.7800 0.9100 0.9089 0.7767 0.7356 0.7022 0.5933 0.5200 0.5100 0.4800 0.5900 0.7888 1.1693 1.4951 1.7362 2.0126 2.2543 2.4314 2.7037 2.9214 3.0543 3.1026 3.0662 2.9451 2.7393 2.5581 2.4725 2.5031 2.6043 2.5994 2.6387 2.5920 2.6093 2.5307 2.3562 2.2898 2.1479 1.8992 1.6938 1.4703 1.3875 1.3338 1.2764 1.2522 1.1625 1.0073 0.7866 0.5004 0.2099 0.0988 0.0000 0.2099 0.3951 0.5556 0.7934 1.1290 1.3991 1.7912 2.1334 2.3788 2.5275 2.5794 2.5346 2.3930 2.1547 1.8196 1.3877 1.0224 0.7031 0.5625 0.3906 0.1875 0.0000 0.0000 0.0000 0.0000 0.0000 0.0300 0.1600 0.2800 0.5600 0.8000 1.0000 1.2620 1.4841 1.6253 1.6857 1.6653 1.9530 2.1598 2.2156 2.2222 2.1978 2.0722 1.8156 1.5389 1.2700 0.9256 0.5056 0.0100 0.0000 0.0000 0.0000 0.0000 0.0000 0.0000 0.0000 0.0000 0.0000 0.0000 0.0000 0.1100 0.2800 0.5288 0.8193 1.2682 1.6412 1.9382 2.1693 2.4592 2.9136 3.2274 3.4005 3.4330 3.3249 3.0761 2.8899 2.5317 2.0881 1.8304 1.5368 1.5373 1.6018 1.6004 1.5230 1.3697 1.3256 1.2550 1.1331 0.9600 0.9700 0.9600 0.9300 0.8800 0.8100 0.7200 0.6200 0.6400 0.7220 0.8965 1.0002 1.3365 1.6244 1.8267 1.9435 1.9748 1.9207 1.9010 1.8258 1.6450 1.3588 1.1304 0.9393 0.8435 0.7500 0.7600 0.7500 0.7447 0.8799 0.9704 1.0162 1.0173 0.9737 0.8854 0.8025 0.8148 0.8025 0.7654 0.7037 0.7562 0.8395 0.8426 0.8765 0.9043 1.0123 1.0648 1.0370
0.0000 0.0000 0.0000 0.0000 0.0000 0.0000 0.2222 0.4722 0.6667 0.8056 0.8889 0.9167 0.8889 0.8056 0.6767 0.5922 0.4600 0.2800 0.3300 0.3600 0.3700 0.3600 0.3300 0.4147 0.6999 1.1104 1.4362 1.7973 2.1037 2.3454 2.5225 2.8248 3.0425 3.1754 3.2237 3.1873 3.0662 2.8604 2.5699 2.3978 2.2950 2.2491 2.2843 2.2835 2.2068 2.2241 2.1456 1.9710 1.9659 1.8239 1.5453 1.5133 1.4369 1.4734 1.4568 1.4981 1.4739 1.3842 1.2290 1.0083 0.7221 0.3704 0.2593 0.1235 0.1728 0.3580 0.5185 0.6543 0.9491 1.2192 1.5332 1.8754 2.1208 2.2695 2.3214 2.2766 2.1350 1.8967 1.5616 1.1705 0.9072 0.6250 0.4844 0.3125 0.1094 0.0000 0.0000 0.0000 0.0000 0.0100 0.1600 0.2900 0.4000 0.6800 0.9200 1.1200 1.2800 1.4000 1.4800 1.5404 1.6589 2.0356 2.3444 2.5022 2.5089 2.3644 2.2289 1.9722 1.5844 1.1767 0.8322 0.4122 0.0000 0.0000 0.0000 0.0000 0.0000 0.0000 0.0000 0.0000 0.0000 0.0000 0.0000 0.0000 0.0400 0.2347 0.5699 0.9697 1.4187 1.7917 2.0887 2.3398 2.6150 2.9330 3.2467 3.4199 3.4524 3.3443 3.2049 3.0186 2.6605 2.1304 1.7887 1.6751 1.7155 1.6601 1.6286 1.5513 1.4844 1.4650 1.3944 1.2725 1.0994 1.0000 0.9900 0.9600 0.9100 0.8400 0.7500 0.6400 0.5400 0.5200 0.6437 0.8261 1.1995 1.4873 1.6896 1.8065 1.8378 1.8236 1.8539 1.7787 1.5980 1.3526 1.2262 1.1551 1.0693 0.9388 0.8500 0.8400 0.9211 1.0563 1.1468 1.1926 1.1937 1.1501 1.0619 0.9289 0.9012 0.8889 0.8519 0.8735 1.0370 1.1204 1.1235 1.0710 1.0988 1.1204 1.1728 1.1451
0.0000 0.0000 0.0000 0.0000 0.0000 0.0000 0.3056 0.5556 0.7500 0.8889 0.9722 1.0000 0.9722 0.8889 0.7500 0.5712 0.3456 0.1100 0.1600 0.1900 0.2000 0.1900 0.1600 0.2611 0.5563 1.0168 1.4526 1.8237 2.1301 2.3719 2.5589 2.8612 3.0789 3.2119 3.2601 3.2237 3.1026 2.8968 2.6063 2.3336 2.3444 2.2950 2.3231 2.2524 2.0057 1.7830 1.6644 1.5103 1.5352 1.4432 1.3333 1.3684 1.4326 1.5062 1.6130 1.6543 1.6301 1.5404 1.3852 1.1645 0.8783 0.5266 0.3951 0.2593 0.2099 0.2963 0.4568 0.5926 0.7037 0.9738 1.1784 1.5206 1.7660 1.9147 1.9666 1.9218 1.7802 1.5419 1.2068 0.9994 0.7361 0.5156 0.3750 0.2031 0.0000 0.0000 0.0000 0.0000 0.0278 0.1200 0.2700 0.4000 0.5100 0.7600 1.0000 1.2000 1.3600 1.4800 1.5600 1.6833 1.9333 2.1711 2.4800 2.6378 2.6444 2.5000 2.2544 1.9978 1.6100 1.0911 0.6633 0.2433 0.0000 0.0000 0.0000 0.0000 0.0000 0.0000 0.0000 0.0000 0.0000 0.0000 0.0000 0.0000 0.0000 0.2311 0.5663 1.0443 1.4932 1.8662 2.1732 2.5444 2.8195 2.9987 3.2055 3.3286 3.3311 3.2230 3.1617 3.0055 2.6973 2.2373 1.8210 1.7574 1.7979 1.7424 1.6033 1.5406 1.5725 1.5531 1.4825 1.3606 1.1875 1.0100 1.0000 0.9700 0.9200 0.8500 0.7600 0.6500 0.5200 0.3800 0.3447 0.6136 0.9769 1.2647 1.4671 1.5839 1.6152 1.6710 1.7013 1.6261 1.4454 1.3837 1.3773 1.3362 1.2504 1.1199 0.9447 0.9100 1.0528 1.1880 1.2785 1.3243 1.3254 1.2819 1.1936 1.0606 0.9630 0.9506 0.9136 1.0741 1.2377 1.3210 1.3241 1.2469 1.1883 1.1481 1.2006 1.1728
0.0000 0.0000 0.0000 0.0000 0.0000 0.0278 0.3333 0.5833 0.7778 0.9167 1.0000 1.0278 1.1094 1.1042 1.0122 0.8333 0.5677 0.2153 0.1094 0.0000 0.0100 0.0000 0.0000 0.1728 0.4780 0.9785 1.4143 1.7854 2.0919 2.3336 2.5106 2.8130 3.0306 3.1636 3.2119 3.1754 3.0543 2.8485 2.5980 2.5028 2.3425 2.3431 2.3125 2.1553 1.9086 1.6960 1.3274 1.1228 1.1477 1.0805 1.0570 1.2114 1.4245 1.5969 1.7037 1.7450 1.7208 1.6311 1.4759 1.2552 0.9690 0.6173 0.5062 0.3704 0.2346 0.2346 0.3704 0.5062 0.6173 0.7037 0.8675 1.0691 1.3145 1.4632 1.5151 1.4703 1.3287 1.1312 0.9797 0.7724 0.5091 0.3750 0.2344 0.0625 0.0000 0.0833 0.2222 0.3056 0.3733 0.5156 0.5822 0.5733 0.6000 0.8000 1.0400 1.2400 1.4000 1.5200 1.6000 1.8622 2.1122 2.2667 2.4644 2.6222 2.6289 2.4844 2.1889 1.8922 1.5044 0.9856 0.4189 0.1100 0.0000 0.0000 0.0000 0.0000 0.0000 0.0000 0.0000 0.0000 0.0000 0.0000 0.0000 0.0000 0.0000 0.1828 0.5180 1.0429 1.4918 1.8748 2.2819 2.6530 2.9281 3.1073 3.1906 3.2767 3.2792 3.1611 3.1567 3.0005 2.6923 2.2323 1.8421 1.8549 1.9571 1.9386 1.8366 1.7874 1.7822 1.7011 1.5441 1.3975 1.2244 1.0000 0.9900 0.9600 0.9100 0.8400 0.7500 0.6400 0.5100 0.3600 0.3011 0.3363 0.6688 0.9567 1.1590 1.2758 1.3072 1.4130 1.4433 1.4089 1.4619 1.5101 1.5137 1.4726 1.3868 1.2563 1.0811 0.9600 1.1399 1.2751 1.3656 1.4114 1.4125 1.3689 1.2806 1.1477 1.0000 0.9877 0.9506 1.1944 1.3580 1.4414 1.4444 1.3673 1.2099 1.0957 1.1481 1.1204
0.0000 0.0000 0.0000 0.0000 0.0000 0.0000 0.3056 0.5556 0.7500 0.8889 1.0347 1.2031 1.2847 1.2795 1.1875 1.0087 0.7431 0.3906 0.3125 0.2031 0.0625 0.0000 0.0000 0.2099 0.4051 0.8756 1.3114 1.6825 1.9889 2.2306 2.4077 2.6800 2.8977 3.0306 3.0789 3.0425 2.9214 2.7156 2.6651 2.5699 2.3100 2.2800 2.2494 2.0675 1.7644 1.4900 1.0844 0.6798 0.6435 0.6997 0.9085 1.2119 1.4497 1.6221 1.7289 1.7702 1.7460 1.6563 1.5011 1.2804 0.9942 0.7037 0.5926 0.4568 0.2963 0.2099 0.2593 0.3951 0.5062 0.5926 0.6543 0.6914 0.7662 0.9149 0.9668 0.9832 0.9437 0.8482 0.6968 0.4894 0.3125 0.2031 0.0625 0.0000 0.1389 0.3333 0.4722 0.5556 0.6933 0.8356 0.9022 0.8933 0.8089 0.8000 1.0400 1.2400 1.4000 1.5200 1.6000 1.9456 2.1956 2.3500 2.4089 2.4556 2.4622 2.3178 2.0222 1.6556 1.2678 0.7489 0.2100 0.0400 0.0000 0.0000 0.0000 0.0000 0.0000 0.0000 0.0000 0.0000 0.0000 0.0000 0.0000 0.0000 0.0000 0.2499 0.5507 1.1256 1.6045 2.0275 2.4845 2.8256 3.0508 3.1600 3.2033 3.1906 3.1067 3.0042 2.9998 2.8436 2.5354 2.2941 1.9633 1.9605 2.0327 2.1007 2.0974 1.9982 1.9530 1.8719 1.7149 1.4819 1.2100 0.9856 0.9600 0.9300 0.8800 0.8100 0.7200 0.6100 0.4800 0.3300 0.3328 0.3580 0.5185 0.6543 0.7654 0.8823 0.9136 1.1406 1.3230 1.4606 1.5536 1.6019 1.6054 1.5643 1.4785 1.3480 1.1728 1.0023 1.1822 1.3174 1.4079 1.4537 1.4548 1.4112 1.3230 1.1900 1.0123 1.0000 0.9907 1.2346 1.3981 1.4815 1.4846 1.4074 1.2222 1.0123 1.0154 0.9877
0.0000 0.0000 0.0000 0.0000 0.0000 0.0000 0.2222 0.4722 0.6667 0.8681 1.1233 1.2917 1.3733 1.3681 1.2760 1.0972 0.8316 0.5625 0.4844 0.3750 0.2344 0.0625 0.0123 0.2222 0.4074 0.7079 1.1437 1.5148 1.8212 2.0630 2.2400 2.4623 2.6800 2.8130 2.8612 2.8248 2.7037 2.4979 2.5674 2.4722 2.3323 2.3000 2.1600 1.9000 1.6000 1.3256 0.9200 0.4300 0.3820 0.6094 0.8682 1.1716 1.4094 1.5818 1.6886 1.7299 1.7057 1.6160 1.4608 1.2401 0.9539 0.7654 0.6543 0.5185 0.3580 0.1728 0.1235 0.2593 0.3704 0.4568 0.5185 0.5556 0.5679 0.5556 0.6279 0.6443 0.6047 0.5093 0.3578 0.1875 0.1094 0.0000 0.0000 0.0833 0.3333 0.5278 0.6667 0.7500 0.9378 1.0800 1.1467 1.1378 1.0533 0.8933 1.0000 1.2000 1.3600 1.4800 1.5878 1.9333 2.1833 2.3378 2.3967 2.3600 2.2278 2.0000 1.7044 1.2878 0.9833 0.6033 0.1478 0.0000 0.0000 0.0000 0.0000 0.0000 0.0000 0.0000 0.0000 0.0000 0.0000 0.0000 0.0000 0.0100 0.1323 0.4322 0.6874 1.1423 1.6212 2.1142 2.5712 2.9123 3.1375 3.2467 3.2400 3.1173 2.9987 2.7942 2.7281 2.5348 2.4701 2.2959 2.0021 2.0643 2.1729 2.2656 2.2623 2.1631 2.0479 1.9668 1.8097 1.5768 1.2678 0.9200 0.9100 0.8800 0.8300 0.7600 0.6700 0.5600 0.4300 0.2800 0.3199 0.3951 0.5556 0.6914 0.8025 0.8889 0.9606 1.1877 1.3700 1.5077 1.6006 1.6489 1.6525 1.6114 1.5256 1.3951 1.2199 1.0000 1.1799 1.3151 1.4056 1.4514 1.4525 1.4089 1.3206 1.1877 1.0100 0.9877 0.9506 1.1944 1.3580 1.4414 1.4444 1.3673 1.2099 0.9722 0.8889 0.7747
0.0000 0.0000 0.0000 0.0000 0.0000 0.0000 0.0833 0.3333 0.5278 0.8698 1.1250 1.2934 1.3750 1.3698 1.2778 1.0990 0.8333 0.7031 0.6250 0.5156 0.3750 0.2031 0.0000 0.2303 0.3951 0.5956 0.9114 1.2825 1.5889 1.8306 2.0077 2.1600 2.3777 2.5106 2.5589 2.5225 2.4014 2.2356 2.3051 2.3299 2.2200 2.2000 2.0600 1.8000 1.5700 1.2800 0.8900 0.4000 0.2100 0.4336 0.7624 1.0658 1.3036 1.4759 1.5828 1.6241 1.5999 1.5102 1.3550 1.1343 0.8889 0.8025 0.6914 0.5556 0.3951 0.2099 0.0000 0.0988 0.2099 0.2963 0.3580 0.3951 0.4074 0.3951 0.3580 0.2963 0.2099 0.1144 0.0000 0.0000 0.0000 0.0000 0.0000 0.2222 0.4722 0.6667 0.8056 0.8889 1.1067 1.2489 1.3156 1.3067 1.2222 1.0622 0.9200 1.1200 1.2800 1.4000 1.4800 1.8256 2.0756 2.2300 2.2889 2.2522 2.1200 1.8922 1.5689 1.1500 0.8456 0.4656 0.0100 0.0000 0.0000 0.0000 0.0000 0.0000 0.0000 0.0000 0.0000 0.0000 0.0000 0.0000 0.0300 0.1600 0.2700 0.5699 0.8251 1.2231 1.5920 2.0850 2.5420 2.8831 3.1083 3.2175 3.2108 3.0881 2.8495 2.6150 2.5520 2.5674 2.5374 2.3756 2.1287 2.2032 2.2418 2.3345 2.3312 2.2320 2.0668 1.9857 1.8287 1.5957 1.2868 0.9488 0.8400 0.8304 0.7600 0.6900 0.6000 0.4900 0.3600 0.2223 0.2622 0.4074 0.5679 0.7037 0.8148 0.9012 0.9630 1.1900 1.3723 1.5100 1.6030 1.6512 1.6548 1.6137 1.5279 1.3974 1.2222 1.0023 1.1328 1.2680 1.3585 1.4043 1.4054 1.3619 1.2736 1.1406 0.9630 0.9506 0.9136 1.0741 1.2377 1.3210 1.3241 1.2469 1.0995 0.8889 0.8056 0.6667
0.0000 0.0000 0.0000 0.0000 0.0000 0.0000 0.0000 0.1389 0.4427 0.7847 1.0399 1.2083 1.3177 1.2847 1.1927 1.0139 0.8594 0.8125 0.7344 0.6250 0.5864 0.5166 0.3747 0.4586 0.6233 0.7226 0.8764 1.0354 1.2919 1.5336 1.7106 1.8230 1.9906 2.1236 2.1719 2.1354 2.0143 1.8585 2.0380 2.0728 2.0000 1.9800 1.8400 1.6300 1.4400 1.1500 0.7600 0.2700 0.1323 0.2222 0.5911 0.8944 1.1323 1.3046 1.4114 1.4528 1.4286 1.3389 1.2115 0.9630 0.9012 0.8148 0.7037 0.5679 0.4074 0.2222 0.0123 0.0000 0.0247 0.1111 0.1728 0.2099 0.2222 0.2099 0.1728 0.1111 0.0247 0.0000 0.0000 0.0000 0.0000 0.0000 0.0000 0.3056 0.5556 0.7500 0.8889 0.9822 1.2000 1.3422 1.4089 1.4000 1.3156 1.1556 0.9200 1.0000 1.1600 1.2700 1.3600 1.6222 1.8846 2.0267 2.0856 2.0489 1.9167 1.6889 1.3656 0.9467 0.6322 0.2522 0.0000 0.0000 0.0000 0.0000 0.0000 0.0000 0.0000 0.0000 0.0000 0.0000 0.0000 0.0100 0.1600 0.2900 0.4000 0.6628 0.9180 1.2379 1.6068 2.0898 2.4769 2.7680 2.9631 3.0723 3.0656 2.9730 2.7844 2.4998 2.4134 2.5153 2.4853 2.3234 2.1917 2.2662 2.2648 2.3075 2.3042 2.2050 2.0098 1.9287 1.7717 1.5387 1.3318 1.1740 1.0400 1.0457 0.9353 0.8041 0.6120 0.4000 0.2700 0.1200 0.2099 0.3951 0.5556 0.6914 0.8025 0.9093 0.9506 1.1477 1.3300 1.4677 1.5606 1.6089 1.6125 1.5714 1.4856 1.3551 1.1799 0.9600 1.0411 1.1763 1.2668 1.3126 1.3137 1.2701 1.1819 1.0589 0.9012 0.8889 0.8519 0.8735 1.0770 1.2304 1.2835 1.2363 1.0889 0.9400 0.8267 0.6378
0.0000 0.0000 0.0000 0.0000 0.0000 0.0000 0.0000 0.0000 0.2708 0.6962 1.0903 1.3420 1.4514 1.4184 1.2431 1.0365 0.9375 0.8906 0.8125 0.8868 0.8890 0.8192 0.6773 0.6213 0.7861 0.8854 0.9291 1.0474 1.0801 1.2519 1.3789 1.4612 1.5189 1.6519 1.7301 1.7437 1.6926 1.5768 1.6363 1.6711 1.6600 1.6400 1.5000 1.4000 1.2100 0.9200 0.5300 0.1600 0.0100 0.2099 0.3951 0.6576 0.8954 1.0678 1.1746 1.2993 1.4140 1.4076 1.3210 1.2562 1.1111 0.8858 0.6914 0.5556 0.3951 0.2099 0.0000 0.0000 0.0000 0.0000 0.0000 0.0000 0.0123 0.0000 0.0000 0.0000 0.0000 0.0000 0.0000 0.0000 0.0000 0.0000 0.0278 0.3333 0.5833 0.7778 0.9167 1.0000 1.2178 1.3600 1.4267 1.4178 1.3333 1.1733 0.9378 0.9600 1.0247 1.2311 1.3728 1.5332 1.7956 1.9377 1.9595 1.8611 1.6425 1.3900 1.0667 0.6478 0.3433 0.0833 0.0000 0.0000 0.0000 0.0000 0.0000 0.0000 0.0000 0.0000 0.0000 0.0000 0.0000 0.1200 0.2700 0.4000 0.5100 0.7111 0.9663 1.1768 1.5557 2.0387 2.4257 2.7169 2.9120 3.0112 3.0145 2.9219 2.7332 2.4487 2.2293 2.3312 2.3012 2.1393 2.1787 2.2532 2.2519 2.1845 2.1812 2.0820 1.8869 1.7957 1.6387 1.5894 1.4633 1.6149 1.6009 1.5202 1.4098 1.1586 0.7665 0.4737 0.1600 0.0100 0.1728 0.3580 0.6206 0.8584 1.0307 1.1376 1.1789 1.2647 1.3450 1.3806 1.4736 1.5219 1.5254 1.4843 1.3985 1.2680 1.0928 0.9100 0.9047 1.0399 1.1304 1.2162 1.2873 1.2937 1.2354 1.1125 1.0048 0.9625 0.8854 0.8637 0.9662 1.1195 1.1726 1.1254 0.9780 0.9156 0.8022 0.6133
0.0000 0.0000 0.0000 0.0000 0.0000 0.0000 0.0000 0.0000 0.3733 0.7708 1.0816 1.3333 1.4427 1.4931 1.4566 1.3333 1.1233 0.9375 1.0430 1.1173 1.1196 1.0497 0.9078 0.7186 0.8833 0.9826 1.0164 1.0146 1.0474 1.0354 1.1625 1.2448 1.2825 1.3054 1.3837 1.3973 1.3462 1.2304 1.0899 1.1247 1.2000 1.1800 1.1600 1.0700 0.8800 0.6104 0.2000 0.0300 0.0000 0.1728 0.3580 0.5185 0.6543 0.7654 1.0111 1.2469 1.4228 1.5185 1.5340 1.4691 1.3241 1.0988 0.7932 0.5185 0.3580 0.1728 0.0000 0.0000 0.0000 0.0000 0.0000 0.0000 0.0000 0.0000 0.0000 0.0000 0.0000 0.0000 0.0000 0.0000 0.0000 0.0000 0.0000 0.3056 0.5556 0.7500 0.8889 0.9722 1.1600 1.3022 1.3689 1.3600 1.2756 1.1156 0.8800 1.0288 1.1699 1.2663 1.3580 1.4351 1.5863 1.7284 1.7502 1.6519 1.4332 1.0943 0.6722 0.3333 0.1389 0.0000 0.0000 0.0000 0.0000 0.0000 0.0000 0.0000 0.0000 0.0000 0.0100 0.0000 0.0400 0.2100 0.3600 0.4900 0.6000 0.7147 0.9699 1.1804 1.4087 1.8917 2.2787 2.5698 2.7650 2.8642 2.8675 2.7748 2.5862 2.3017 2.0940 2.0153 1.9853 1.9640 2.0898 2.1644 2.1630 2.0856 1.9623 1.8631 1.6680 1.5869 1.6135 1.6042 1.8587 2.0103 1.9963 1.8539 1.7435 1.4922 1.1002 0.5673 0.2137 0.0000 0.1111 0.4800 0.7833 1.0212 1.1935 1.3003 1.3416 1.3575 1.4378 1.4326 1.3419 1.3901 1.3937 1.3526 1.2668 1.1363 0.9611 0.8400 0.8100 0.8688 1.0693 1.2051 1.2762 1.2826 1.2243 1.1014 1.0637 1.0514 1.0943 1.0726 0.9862 0.9184 0.9615 0.9143 0.8533 0.8156 0.7022 0.5133
0.0000 0.0000 0.0000 0.0000 0.0000 0.0000 0.0000 0.0990 0.5833 0.9809 1.2917 1.5156 1.6528 1.7031 1.6667 1.5434 1.3333 1.1385 1.2015 1.2758 1.2781 1.2082 1.0663 0.8524 0.9151 1.0144 1.0481 1.0164 0.9291 0.8764 0.9014 0.9837 1.0214 1.0143 0.9726 0.9862 0.9351 0.8193 0.6388 0.5200 0.6200 0.7200 0.8320 0.8441 0.7153 0.4457 0.2753 0.2041 0.1020 0.1111 0.2963 0.4568 0.5926 0.7870 1.1235 1.3796 1.5556 1.6512 1.6667 1.6019 1.4568 1.2315 0.9537 0.5401 0.2963 0.1111 0.0000 0.0000 0.0278 0.0000 0.0000 0.0000 0.0000 0.0000 0.0000 0.0000 0.0000 0.0000 0.0000 0.0000 0.0000 0.0000 0.0000 0.2222 0.4722 0.6667 0.8056 0.8889 1.0267 1.1689 1.2356 1.2267 1.1422 0.9822 0.9535 1.1393 1.2804 1.3768 1.4285 1.4356 1.3979 1.3989 1.4207 1.3223 1.1337 0.8448 0.4557 0.0833 0.0000 0.0000 0.0000 0.0000 0.0000 0.0000 0.0400 0.1100 0.1600 0.1900 0.2000 0.1900 0.2700 0.3900 0.4700 0.5600 0.6700 0.7600 0.9288 1.1393 1.3051 1.6487 2.0357 2.3268 2.5220 2.6212 2.6245 2.5318 2.3432 2.0587 1.8881 1.6768 1.6468 1.7745 1.9250 1.9995 1.9981 1.9208 1.7675 1.5483 1.3831 1.4041 1.4715 1.7716 2.0886 2.2402 2.2262 2.0467 1.9363 1.6851 1.2931 0.7602 0.3265 0.1020 0.2084 0.5772 0.8806 1.1184 1.2908 1.3976 1.4389 1.4147 1.4450 1.4398 1.3491 1.2137 1.2173 1.1762 1.0904 0.9599 0.7847 0.7500 0.7500 0.8300 0.9935 1.1293 1.2004 1.2068 1.1485 1.0756 1.0879 1.1956 1.2385 1.2168 1.1304 0.9793 0.7635 0.6400 0.6778 0.6400 0.6100 0.5600
0.0000 0.0000 0.0000 0.0000 0.0000 0.0000 0.0000 0.2222 0.7066 1.1042 1.4149 1.6389 1.7760 1.8264 1.7899 1.6667 1.4566 1.3638 1.2879 1.3622 1.3645 1.2946 1.1527 0.9388 0.9184 0.9806 1.0144 0.9826 0.8854 0.7226 0.5956 0.6779 0.7156 0.7085 0.6568 0.5604 0.4593 0.3435 0.2000 0.1900 0.2000 0.3737 0.5265 0.5386 0.5298 0.5102 0.4898 0.4286 0.3265 0.2084 0.2099 0.3704 0.5062 0.8395 1.1759 1.4321 1.6236 1.7037 1.7191 1.7377 1.7315 1.5895 1.3117 0.8981 0.4321 0.1914 0.2222 0.3056 0.3333 0.3056 0.2222 0.0833 0.0000 0.0000 0.0000 0.0000 0.0000 0.0000 0.0000 0.0000 0.0000 0.0000 0.0278 0.0833 0.3333 0.5278 0.6667 0.7500 0.8178 0.9600 1.0267 1.0178 0.9333 0.8721 1.0193 1.2051 1.3462 1.4426 1.4943 1.5014 1.4637 1.3814 1.2543 1.0826 0.8940 0.6051 0.3116 0.0988 0.0000 0.0000 0.0000 0.0000 0.0100 0.1200 0.2100 0.2923 0.3300 0.3600 0.3700 0.3600 0.4900 0.6100 0.6900 0.7300 0.7300 0.8100 0.8800 1.0535 1.2193 1.4504 1.6968 1.9879 2.1831 2.2823 2.2856 2.1929 2.0043 1.7321 1.5615 1.4409 1.4479 1.5337 1.6842 1.7587 1.7573 1.6800 1.5144 1.2975 1.0723 1.1453 1.3534 1.8359 2.1530 2.3046 2.2906 2.1111 1.9884 1.7371 1.3951 0.9722 0.4286 0.3061 0.3265 0.6090 0.9123 1.1502 1.3225 1.4293 1.4706 1.4465 1.3668 1.3616 1.2709 1.0946 0.9962 0.9551 0.8693 0.7388 0.6500 0.6500 0.7700 0.8500 0.8900 0.9888 1.0599 1.0663 1.0080 1.0451 1.1674 1.2751 1.3180 1.2963 1.2099 1.0588 0.8800 0.7600 0.7600 0.7500 0.7200 0.6700
0.0000 0.0000 0.0000 0.0000 0.0000 0.0000 0.0000 0.3056 0.7431 1.1406 1.4514 1.6753 1.8125 1.8628 1.8264 1.7031 1.4931 1.4615 1.3023 1.3766 1.3788 1.3090 1.1671 1.0000 0.9796 0.9184 0.9151 0.8833 0.7861 0.6233 0.3951 0.4074 0.3951 0.3580 0.3063 0.2099 0.0988 0.0000 0.0000 0.0000 0.1937 0.3673 0.5102 0.6122 0.6735 0.6939 0.6735 0.6122 0.5102 0.3673 0.2824 0.2593 0.3951 0.9211 1.3356 1.6387 1.8302 1.9103 2.0177 2.0693 1.9537 1.8117 1.5340 1.1204 0.7099 0.6667 0.6111 0.5556 0.5833 0.5556 0.4722 0.3333 0.1389 0.0000 0.0000 0.0000 0.0000 0.0000 0.0000 0.0833 0.2222 0.3056 0.3333 0.3056 0.3611 0.4167 0.4722 0.5556 0.5833 0.6756 0.7422 0.7333 0.6736 0.8099 1.0404 1.2262 1.3673 1.4637 1.5154 1.5225 1.4848 1.4025 1.3001 1.2148 1.0601 0.8360 0.5926 0.4198 0.1975 0.1111 0.0247 0.0547 0.2711 0.4428 0.5699 0.6522 0.6899 0.6828 0.6311 0.5347 0.6700 0.7900 0.8700 0.9100 0.9100 0.8700 0.9100 0.9600 1.0888 1.2499 1.4963 1.6780 1.7951 1.8474 1.8507 1.7580 1.6163 1.4099 1.3486 1.2351 1.3656 1.4514 1.4925 1.4889 1.4406 1.3633 1.2100 1.0277 0.9506 1.1542 1.3323 1.7648 2.0519 2.2034 2.1895 2.0400 1.9796 1.7984 1.4963 1.0735 0.5298 0.4694 0.4286 0.6122 0.8786 1.1164 1.2887 1.3956 1.4369 1.4127 1.3230 1.1978 1.1071 0.9309 0.7304 0.6893 0.6035 0.5100 0.5200 0.6300 0.7500 0.8300 0.8700 0.8700 0.8547 0.8611 0.9228 1.0099 1.1822 1.2899 1.3328 1.3111 1.2247 1.1600 1.0800 0.9600 0.8500 0.8400 0.8100 0.7600
0.0000 0.0000 0.0000 0.0000 0.0000 0.0000 0.0278 0.3333 0.6927 1.0903 1.4010 1.6250 1.7344 1.8125 1.7760 1.6528 1.4631 1.4315 1.2724 1.3189 1.3211 1.2513 1.1094 1.0204 1.0000 0.9388 0.8367 0.7186 0.6213 0.4586 0.2303 0.2222 0.2099 0.1728 0.1111 0.0247 0.0000 0.0000 0.0000 0.1020 0.3265 0.5102 0.6531 0.7551 0.8163 0.8367 0.8163 0.7551 0.6531 0.5102 0.3265 0.2880 0.4902 1.0162 1.4307 1.7338 1.9253 2.0887 2.3073 2.3588 2.2432 1.9606 1.6204 1.2901 1.0278 1.0556 1.0000 0.8333 0.7778 0.7500 0.6667 0.5278 0.3333 0.0833 0.0000 0.0000 0.0000 0.0000 0.1389 0.3333 0.4722 0.5556 0.5833 0.5556 0.4722 0.4167 0.3611 0.3056 0.3333 0.3156 0.3822 0.3733 0.5111 0.7863 1.0168 1.2026 1.3437 1.4401 1.4919 1.4989 1.4612 1.4777 1.4617 1.3764 1.2217 0.9977 0.8642 0.6914 0.4691 0.2963 0.3186 0.4686 0.5863 0.7580 0.8851 0.9674 1.0051 0.9980 0.9463 0.8599 0.9088 0.9300 1.0100 1.0500 1.0500 1.0100 0.9300 0.9700 1.0000 1.0347 1.2311 1.4128 1.5299 1.5822 1.5699 1.4928 1.3511 1.1447 1.1328 1.1180 1.2385 1.3243 1.3654 1.3619 1.3136 1.2206 1.0830 0.9506 0.9340 1.1376 1.2756 1.7082 1.9953 2.1368 2.1328 2.0204 1.9600 1.7788 1.4767 1.0539 0.5102 0.5510 0.5102 0.6735 0.8163 1.0171 1.1895 1.2963 1.3376 1.3134 1.2237 1.0685 0.8578 0.6816 0.4199 0.3788 0.3300 0.3600 0.4100 0.5700 0.6900 0.7700 0.8100 0.8100 0.7700 0.8100 0.8400 0.9600 1.1323 1.2400 1.3200 1.3600 1.3600 1.3200 1.2400 1.1200 0.9600 0.9100 0.8800 0.8300
0.0000 0.0000 0.0000 0.0000 0.0000 0.0000 0.0000 0.3056 0.5556 0.9531 1.2639 1.4878 1.6250 1.6753 1.6389 1.5156 1.3056 1.2740 1.1148 1.1891 1.1913 1.1215 0.9796 1.0000 0.9796 0.9184 0.8163 0.6735 0.4898 0.2653 0.0000 0.0123 0.0000 0.0000 0.0000 0.0000 0.0000 0.0000 0.0000 0.2041 0.4286 0.6122 0.7551 0.8571 0.9184 0.9388 0.9184 0.8571 0.7551 0.6122 0.4911 0.4385 0.4738 0.9998 1.4144 1.7174 1.9090 2.2112 2.4298 2.4813 2.3657 2.0831 1.6335 1.4167 1.2778 1.3333 1.2778 1.1111 0.9167 0.8889 0.8056 0.6667 0.4722 0.2222 0.0000 0.0000 0.0000 0.0833 0.3333 0.5278 0.6667 0.7500 0.7778 0.7500 0.6667 0.5278 0.3333 0.0833 0.0278 0.0000 0.0300 0.1600 0.4428 0.7180 0.9485 1.1343 1.2754 1.3719 1.4236 1.4306 1.5164 1.5699 1.5540 1.4686 1.3140 1.2099 1.0864 0.9136 0.6914 0.5802 0.7496 0.8996 0.9802 1.0285 1.1556 1.2379 1.2756 1.2685 1.2168 1.1204 1.1693 1.1535 1.1100 1.1500 1.1500 1.1100 1.0300 0.9600 0.9900 1.0000 1.0000 1.1200 1.2000 1.2523 1.2400 1.2000 1.1200 1.0000 0.9511 0.9363 1.0668 1.1526 1.1937 1.1901 1.1419 1.0489 0.9112 0.8889 0.8519 1.0554 1.1935 1.5061 1.7931 1.9347 1.9307 1.8800 1.8196 1.6384 1.3363 0.9135 0.5102 0.5510 0.5102 0.6939 0.8367 0.9388 1.0247 1.1315 1.1728 1.1487 1.0590 0.9038 0.6830 0.3968 0.0851 0.1100 0.1600 0.1900 0.3100 0.4700 0.5900 0.6700 0.7100 0.7600 0.8300 0.8800 0.9100 1.0800 1.2400 1.3600 1.4400 1.4800 1.4800 1.4400 1.3600 1.2400 1.0800 0.9600 0.9300 0.8800
0.0000 0.0000 0.0000 0.0000 0.0000 0.0000 0.0000 0.2222 0.4722 0.7292 1.0399 1.2639 1.4010 1.4514 1.4149 1.2917 1.0816 0.9888 0.9129 0.9872 0.9895 0.9196 0.9184 0.9388 0.9184 0.8571 0.7551 0.6122 0.4286 0.2041 0.0000 0.0000 0.0000 0.0000 0.0000 0.0000 0.0000 0.0000 0.0000 0.2653 0.4898 0.6735 0.8163 0.9184 0.9796 1.0000 0.9796 0.9184 0.8163 0.6735 0.6929 0.6403 0.5156 0.8719 1.2865 1.5895 1.7811 2.1667 2.3852 2.4367 2.3212 2.0386 1.6753 1.5000 1.4444 1.5000 1.4444 1.2778 1.0000 0.9722 0.8889 0.7500 0.5556 0.3056 0.0000 0.0000 0.0000 0.2222 0.4722 0.6667 0.8056 0.8889 0.9167 0.8889 0.8056 0.6667 0.4722 0.2222 0.0000 0.0000 0.0000 0.0100 0.3299 0.6051 0.8356 1.0214 1.1625 1.2589 1.3106 1.4164 1.5393 1.5927 1.5768 1.4915 1.4568 1.3827 1.2593 1.0864 0.9630 0.8919 1.1112 1.2612 1.3419 1.3531 1.3814 1.4637 1.5014 1.4943 1.4426 1.3462 1.3651 1.3493 1.2688 1.2100 1.2100 1.1700 1.0900 0.9700 0.9600 0.9700 0.9600 0.9600 1.0400 1.0800 1.0800 1.0400 0.9600 0.8400 0.7047 0.7199 0.8504 0.9362 0.9773 0.9737 0.9254 0.8325 0.8148 0.8025 0.7654 0.9078 1.0459 1.1584 1.4455 1.5870 1.5831 1.6188 1.5584 1.3771 1.0751 0.6522 0.4286 0.4694 0.4898 0.6735 0.8163 0.9184 0.9796 1.0000 0.9796 0.9184 0.8287 0.6735 0.4898 0.2653 0.0000 0.0000 0.0000 0.0000 0.1700 0.3300 0.4800 0.6100 0.7200 0.8100 0.8800 0.9300 0.9600 1.1600 1.3200 1.4400 1.5200 1.5600 1.5600 1.5200 1.4400 1.3200 1.1600 0.9900 0.9600 0.9100
0.0000 0.0000 0.0000 0.0000 0.0000 0.0000 0.0000 0.0833 0.3333 0.5278 0.7292 0.9531 1.0903 1.1406 1.1042 0.9809 0.7708 0.5760 0.6390 0.7133 0.7156 0.7551 0.8163 0.8367 0.8163 0.7551 0.6531 0.5102 0.3265 0.1020 0.0000 0.0000 0.0000 0.0000 0.0000 0.0000 0.0000 0.0000 0.0204 0.2857 0.5102 0.6939 0.8367 0.9388 1.0000 1.0204 1.0000 0.9388 0.8367 0.8033 0.8227 0.7701 0.6454 0.8177 1.1458 1.3872 1.5694 1.9551 2.1736 2.2622 2.2083 2.0122 1.7014 1.5260 1.5000 1.5556 1.5000 1.3333 1.0556 1.0000 0.9167 0.7778 0.5833 0.3333 0.0278 0.0000 0.0000 0.3056 0.5556 0.7500 0.8889 0.9722 1.0000 0.9722 0.8889 0.7500 0.5556 0.3056 0.0000 0.0000 0.0000 0.0123 0.2222 0.4474 0.6779 0.8637 1.0048 1.1012 1.1777 1.3699 1.4804 1.5462 1.5802 1.6049 1.5802 1.5062 1.3827 1.2346 1.1975 1.1964 1.4035 1.5535 1.6341 1.6453 1.5872 1.6448 1.6825 1.6754 1.6237 1.5273 1.4962 1.4804 1.3999 1.2547 1.2300 1.1900 1.1100 0.9900 0.9100 0.9200 0.9100 0.8800 0.8400 0.8800 0.8800 0.8400 0.7600 0.6400 0.4800 0.4588 0.5893 0.6751 0.7162 0.7126 0.6643 0.6914 0.7037 0.6914 0.6543 0.6946 0.8327 0.9053 0.9523 1.0939 1.1763 1.2367 1.1763 0.9951 0.6931 0.5102 0.3265 0.3061 0.4286 0.6122 0.7551 0.8571 0.9184 0.9388 0.9184 0.8571 0.7551 0.6122 0.4286 0.2041 0.0000 0.0000 0.0000 0.0000 0.1900 0.3600 0.5100 0.6400 0.7500 0.8400 0.9100 0.9600 1.0000 1.2000 1.3600 1.4800 1.5600 1.6000 1.6000 1.5600 1.4800 1.3600 1.2000 1.0000 0.9700 0.9200
